id,status,chance_of_playing_next_round,chance_of_playing_this_round,now_cost,now_cost_rank,now_cost_rank_type,cost_change_event,cost_change_event_fall,cost_change_start,cost_change_start_fall,selected_by_percent,selected_rank,selected_rank_type,total_points,event_points,points_per_game,points_per_game_rank,points_per_game_rank_type,bonus,bps,form,form_rank,form_rank_type,value_form,value_season,dreamteam_count,transfers_in,transfers_in_event,transfers_out,transfers_out_event,ep_next,ep_this,expected_goals,expected_assists,expected_goal_involvements,expected_goals_conceded,expected_goals_per_90,expected_assists_per_90,expected_goal_involvements_per_90,expected_goals_conceded_per_90,influence,influence_rank,influence_rank_type,creativity,creativity_rank,creativity_rank_type,threat,threat_rank,threat_rank_type,ict_index,ict_index_rank,ict_index_rank_type,corners_and_indirect_freekicks_order,direct_freekicks_order,penalties_order,gw,set_piece_threat,first_name,second_name,web_name,news,news_added,minutes,goals_scored,assists,clean_sheets,goals_conceded,own_goals,penalties_saved,penalties_missed,yellow_cards,red_cards,saves,starts,defensive_contribution,corners_and_indirect_freekicks_text,direct_freekicks_text,penalties_text,saves_per_90,clean_sheets_per_90,goals_conceded_per_90,starts_per_90,defensive_contribution_per_90,tackles,clearances_blocks_interceptions,recoveries
6,a,100.0,100.0,6.1,84,4.0,0,0.0,1,-1.0,13.9,26,10.0,84,0,3.8,91.0,33.0,4,377,2.5,130.0,43.0,0.4,13.8,0.0,1846427,965,2098781,3591,3.0,3.5,0.38,0.6,0.98,12.29,0.02,0.03,0.05,0.61,349.8,126.0,57.0,122.0,213.0,53.0,32.0,345.0,112.0,50.4,227.0,74.0,,,,27,,William,Saliba,Saliba,,,1804,0,0,10,14,0,0,0,1,0,0,21,155,,,,0.0,0.5,0.7,1.05,6.19,24,100,82
26,a,100.0,100.0,5.3,201,125.0,0,0.0,-2,2.0,5.5,66,23.0,107,0,4.0,70.0,31.0,9,485,4.5,30.0,15.0,0.8,20.2,0.0,1277561,938,888850,2438,5.0,5.5,2.56,1.84,4.4,17.45,0.1,0.07,0.17,0.69,510.4,52.0,14.0,313.9,75.0,56.0,232.0,96.0,59.0,105.8,51.0,35.0,,,,27,,Martín,Zubimendi Ibáñez,Zubimendi,,,2265,5,1,13,18,0,0,0,4,0,0,26,232,,,,0.0,0.52,0.72,1.03,9.22,46,96,90
699,a,100.0,100.0,4.9,317,197.0,0,0.0,-1,1.0,0.1,481,168.0,20,2,1.7,379.0,166.0,0,145,1.8,192.0,82.0,0.4,4.1,0.0,23939,67,17544,33,2.3,1.8,0.23,1.23,1.46,8.31,0.03,0.17,0.2,1.15,96.2,346.0,153.0,197.0,148.0,102.0,49.0,310.0,162.0,34.2,301.0,149.0,,,,27,,Douglas Luiz,Soares de Paulo,Douglas Luiz,,,649,0,1,1,10,0,0,0,2,0,0,9,78,,,,0.0,0.14,1.39,1.25,10.82,19,18,41
188,u,0.0,0.0,3.8,790,239.0,0,0.0,-2,2.0,0.2,359,130.0,0,0,0.0,520.0,186.0,0,0,0.0,402.0,152.0,0.0,0.0,0.0,26052,0,40510,28,0.0,0.0,0.0,0.0,0.0,0.0,0.0,0.0,0.0,0.0,0.0,509.0,185.0,0.0,496.0,183.0,0.0,460.0,174.0,0.0,512.0,185.0,,,,27,,Hannes,Delcroix,Delcroix,has joined Lugano permanently.,,0,0,0,0,0,0,0,0,0,0,0,0,0,,,,0.0,0.0,0.0,0.0,0.0,0,0,0
189,u,0.0,0.0,4.0,681,172.0,0,0.0,0,0.0,0.0,722,250.0,0,0,0.0,589.0,218.0,0,0,0.0,477.0,189.0,0.0,0.0,0.0,0,0,2368,0,0.0,0.0,0.0,0.0,0.0,0.0,0.0,0.0,0.0,0.0,0.0,578.0,217.0,0.0,571.0,217.0,0.0,538.0,211.0,0.0,581.0,217.0,,,,27,,Owen,Dodgson,Dodgson,Has joined Stockport County on loan for the rest of the season.,,0,0,0,0,0,0,0,0,0,0,0,0,0,,,,0.0,0.0,0.0,0.0,0.0,0,0,0
197,u,0.0,0.0,3.8,801,250.0,0,0.0,-2,2.0,0.2,363,133.0,13,0,1.9,337.0,125.0,0,20,0.0,411.0,161.0,0.0,3.4,0.0,34622,0,30817,41,0.0,0.0,0.55,0.08,0.63,3.79,0.3,0.04,0.34,2.08,44.8,405.0,152.0,18.1,391.0,141.0,30.0,349.0,114.0,9.2,410.0,147.0,,,,27,,Oliver,Sonne,Sonne,has joined Sparta Prague on loan for the rest of the season.,,164,1,0,0,4,0,0,0,0,0,0,1,10,,,,0.0,0.0,2.2,0.55,3.84,2,5,4
198,i,0.0,0.0,3.9,748,214.0,0,0.0,-1,1.0,1.0,196,76.0,27,0,2.5,263.0,100.0,0,81,1.0,255.0,93.0,0.3,6.9,0.0,137174,1,288940,121,0.0,0.0,0.61,0.11,0.72,24.88,0.06,0.01,0.07,2.41,225.2,224.0,87.0,9.8,424.0,152.0,52.0,306.0,96.0,28.9,324.0,112.0,,,,27,,Axel,Tuanzebe,Tuanzebe,Achilles injury - Expected back 14 Mar,,931,1,0,1,22,1,0,0,1,0,0,11,106,,,,0.0,0.1,2.13,1.06,9.38,12,85,29
199,a,100.0,100.0,3.8,786,235.0,0,0.0,-2,2.0,0.2,408,149.0,14,4,1.8,354.0,129.0,0,34,1.4,220.0,80.0,0.4,3.7,0.0,19572,90,22466,7,0.9,0.4,0.0,0.02,0.02,7.74,0.0,0.01,0.01,2.09,67.4,380.0,145.0,1.0,463.0,171.0,4.0,425.0,157.0,7.3,427.0,153.0,,,,27,,Joe,Worrall,Worrall,,,334,0,0,0,6,0,0,0,0,0,0,3,48,,,,0.0,0.0,1.62,0.81,12.66,3,44,7
211,u,0.0,0.0,4.4,540,322.0,0,0.0,-1,1.0,1.4,158,51.0,0,0,0.0,668.0,256.0,0,0,0.0,584.0,200.0,0.0,0.0,0.0,62789,0,929315,45,0.0,0.0,0.0,0.0,0.0,0.0,0.0,0.0,0.0,0.0,0.0,657.0,246.0,0.0,654.0,252.0,0.0,631.0,241.0,0.0,660.0,249.0,,,,27,,Aaron,Ramsey,A.Ramsey,has joined Leicester City on loan for the rest of the season.,,0,0,0,0,0,0,0,0,0,0,0,0,0,,,,0.0,0.0,0.0,0.0,0.0,0,0,0
807,a,,,5.5,152,94.0,0,0.0,0,0.0,1.6,153,49.0,22,3,5.5,8.0,6.0,2,72,5.5,13.0,7.0,1.0,4.0,0.0,207983,5413,7699,240,5.5,5.5,0.8,0.81,1.61,7.05,0.25,0.25,0.5,2.2,90.2,351.0,155.0,62.7,306.0,174.0,70.0,274.0,148.0,22.3,352.0,169.0,,,,27,,Rayan Vitor,Simplício Rocha,Rayan,,,288,2,1,1,2,0,0,0,1,0,0,3,14,,,,0.0,0.31,0.62,0.94,4.38,2,2,10
132,u,0.0,0.0,4.5,421,253.0,0,0.0,0,0.0,0.0,670,272.0,0,0,0.0,693.0,271.0,0,0,0.0,616.0,220.0,0.0,0.0,0.0,4038,0,5315,5,0.0,0.0,0.0,0.0,0.0,0.0,0.0,0.0,0.0,0.0,0.0,686.0,265.0,0.0,682.0,269.0,0.0,662.0,261.0,0.0,689.0,268.0,,,,27,,Paris,Maghoma,Maghoma,has joined Norwich City permanently.,,0,0,0,0,0,0,0,0,0,0,0,0,0,,,,0.0,0.0,0.0,0.0,0.0,0,0,0
148,a,,,4.4,529,108.0,0,0.0,-1,1.0,0.3,299,110.0,73,8,2.8,215.0,83.0,4,345,3.0,91.0,35.0,0.7,16.6,0.0,75711,136,61580,52,3.0,3.0,1.4,2.25,3.65,33.38,0.06,0.09,0.15,1.4,337.2,135.0,61.0,322.2,71.0,16.0,157.0,157.0,33.0,81.9,110.0,35.0,2.0,,,27,,Ferdi,Kadıoğlu,F.Kadıoğlu,,,2140,0,2,6,29,0,0,0,5,0,0,23,147,,,,0.0,0.25,1.22,0.97,4.92,45,72,101
149,a,100.0,100.0,4.5,422,81.0,0,0.0,0,0.0,0.1,525,187.0,6,0,1.5,407.0,148.0,0,10,0.0,617.0,243.0,0.0,1.3,0.0,8734,16,9946,8,0.0,0.0,0.0,0.0,0.0,4.66,0.0,0.0,0.0,4.07,25.8,434.0,162.0,10.6,413.0,150.0,0.0,663.0,254.0,3.6,453.0,163.0,,,,27,,Igor Julio,dos Santos de Paulo,Igor,,,103,0,0,0,3,0,0,0,0,0,0,1,13,,,,0.0,0.0,2.62,0.87,11.36,0,13,3
175,u,0.0,0.0,4.4,559,335.0,0,0.0,-1,1.0,0.1,529,191.0,1,0,1.0,469.0,209.0,0,3,0.0,598.0,211.0,0.0,0.2,0.0,11030,0,14604,10,0.0,0.0,0.0,0.0,0.0,0.0,0.0,0.0,0.0,0.0,0.0,671.0,257.0,0.0,667.0,262.0,0.0,646.0,253.0,0.0,674.0,260.0,,,,27,,Joe,Knight,Knight,has joined Stevenage permanently.,,1,0,0,0,0,0,0,0,0,0,0,0,0,,,,0.0,0.0,0.0,0.0,0.0,0,0,0
223,a,,,3.9,761,82.0,0,0.0,-1,1.0,0.1,462,70.0,0,0,0.0,553.0,50.0,0,0,0.0,439.0,41.0,0.0,0.0,0.0,9902,1,12416,5,-0.5,1.0,0.0,0.0,0.0,0.0,0.0,0.0,0.0,0.0,0.0,542.0,50.0,0.0,532.0,35.0,0.0,497.0,21.0,0.0,545.0,50.0,,,,27,,Gabriel,Słonina,Slonina,,,0,0,0,0,0,0,0,0,0,0,0,0,0,,,,0.0,0.0,0.0,0.0,0.0,0,0,0
224,i,0.0,0.0,6.1,81,3.0,0,0.0,1,-1.0,15.4,22,8.0,90,0,3.8,90.0,32.0,5,409,3.2,86.0,33.0,0.5,14.8,0.0,2716334,20,3477672,13500,0.0,0.0,1.64,2.73,4.37,27.63,0.08,0.13,0.21,1.32,429.6,77.0,33.0,384.9,47.0,5.0,194.0,122.0,22.0,100.8,63.0,11.0,,,,27,,Marc,Cucurella Saseta,Cucurella,Hamstring injury - Unknown return date,,1885,1,3,9,21,0,0,0,5,1,0,22,177,,,,0.0,0.43,1.0,1.05,6.68,43,97,85
225,a,100.0,100.0,5.6,128,13.0,0,0.0,1,-1.0,8.3,44,15.0,103,6,4.3,46.0,18.0,9,428,2.6,122.0,42.0,0.5,18.4,0.0,2074834,1276,1828130,1710,2.1,3.6,0.86,2.32,3.18,24.92,0.05,0.13,0.18,1.38,406.8,91.0,41.0,399.5,42.0,3.0,89.0,250.0,70.0,89.7,86.0,21.0,2.0,2.0,,27,,Reece,James,James,,,1622,2,5,8,16,0,0,0,4,0,0,17,150,,,,0.0,0.44,0.89,0.94,6.16,43,68,82
226,a,100.0,100.0,5.8,106,8.0,0,0.0,8,-8.0,23.8,14,4.0,126,2,4.8,20.0,6.0,7,464,3.2,84.0,32.0,0.6,21.7,0.0,4753956,2382,2100642,21695,2.7,4.2,1.14,0.75,1.89,32.83,0.04,0.03,0.07,1.3,625.8,16.0,7.0,90.9,258.0,79.0,145.0,173.0,38.0,86.1,97.0,26.0,,,,27,,Trevoh,Chalobah,Chalobah,,,2280,3,1,9,30,0,0,0,3,1,0,26,266,,,,0.0,0.36,1.18,1.03,9.24,32,202,99
227,i,0.0,0.0,4.7,388,66.0,0,0.0,-3,3.0,0.1,470,171.0,0,0,0.0,755.0,259.0,0,0,0.0,696.0,250.0,0.0,0.0,0.0,1169,1,30577,2,0.0,0.0,0.0,0.0,0.0,0.0,0.0,0.0,0.0,0.0,0.0,754.0,259.0,0.0,750.0,259.0,0.0,741.0,259.0,0.0,755.0,259.0,,,,27,,Levi,Samuels Colwill,Colwill,Anterior cruciate ligament - Unknown return date,,0,0,0,0,0,0,0,0,0,0,0,0,0,,,,0.0,0.0,0.0,0.0,0.0,0,0,0
712,a,100.0,100.0,5.8,110,69.0,0,0.0,-2,2.0,0.2,361,120.0,61,0,2.5,276.0,117.0,3,249,0.8,296.0,132.0,0.1,10.5,0.0,127880,25,106211,106,0.3,1.3,3.58,4.73,8.31,22.08,0.2,0.26,0.46,1.22,266.0,200.0,82.0,556.0,17.0,17.0,305.0,64.0,39.0,112.5,44.0,31.0,1.0,1.0,,27,,Yéremy,Pino Santos,Yeremy,,,1625,2,1,6,20,0,0,0,4,0,0,20,128,,,,0.0,0.33,1.11,1.11,7.09,30,23,75
723,a,100.0,100.0,4.5,510,97.0,0,0.0,0,0.0,0.0,647,227.0,27,0,3.0,188.0,76.0,4,71,0.0,685.0,248.0,0.0,6.0,0.0,4737,2,3714,9,-0.5,0.5,0.05,0.12,0.17,7.65,0.01,0.03,0.04,1.96,99.0,341.0,130.0,7.1,432.0,156.0,10.0,397.0,144.0,11.5,397.0,142.0,,,,27,,Jaydee,Canvot,Canvot,,,352,0,0,2,6,0,0,0,1,0,0,3,52,,,,0.0,0.51,1.53,0.77,13.3,16,36,13
732,a,,,5.5,155,41.0,0,0.0,0,0.0,0.1,579,79.0,16,0,1.2,442.0,54.0,0,38,0.6,314.0,43.0,0.1,2.9,0.0,13766,13,10130,11,0.1,1.1,0.39,0.01,0.4,4.41,0.23,0.01,0.24,2.65,10.8,452.0,53.0,6.5,434.0,56.0,68.0,275.0,48.0,8.0,421.0,52.0,,,,27,,Christantus,Uche,Uche,,,150,0,1,0,4,0,0,0,0,0,0,0,12,,,,0.0,0.0,2.4,0.0,7.2,1,2,9
762,a,,,4.5,513,317.0,0,0.0,0,0.0,0.0,777,337.0,2,0,1.0,484.0,222.0,0,6,0.0,688.0,277.0,0.0,0.4,0.0,618,2,339,2,-0.5,0.5,0.0,0.0,0.0,0.73,0.0,0.0,0.0,9.39,1.4,487.0,225.0,1.0,465.0,223.0,0.0,731.0,315.0,0.3,495.0,229.0,,,,27,,Joél,Drakes-Thomas,Drakes-Thomas,,,7,0,0,0,1,0,0,0,0,0,0,0,3,,,,0.0,0.0,12.86,0.0,38.57,1,0,2
793,a,,,4.0,721,198.0,0,0.0,0,0.0,0.0,721,249.0,0,0,0.0,622.0,237.0,0,0,0.0,513.0,211.0,0.0,0.0,0.0,998,6,376,4,-0.5,0.5,0.0,0.0,0.0,0.0,0.0,0.0,0.0,0.0,0.0,611.0,236.0,0.0,604.0,236.0,0.0,572.0,231.0,0.0,614.0,236.0,,,,27,,George,King,King,,,0,0,0,0,0,0,0,0,0,0,0,0,0,,,,0.0,0.0,0.0,0.0,0.0,0,0,0
786,a,,,4.0,699,60.0,0,0.0,0,0.0,0.0,759,86.0,0,0,0.0,604.0,79.0,0,0,0.0,493.0,71.0,0.0,0.0,0.0,488,0,228,0,0.0,0.0,0.0,0.0,0.0,0.0,0.0,0.0,0.0,0.0,0.0,593.0,79.0,0.0,586.0,67.0,0.0,553.0,53.0,0.0,596.0,79.0,,,,27,,Alfie,McNally,McNally,,,0,0,0,0,0,0,0,0,0,0,0,0,0,,,,0.0,0.0,0.0,0.0,0.0,0,0,0
368,a,,,3.8,810,94.0,0,0.0,-2,2.0,0.8,204,25.0,0,0,0.0,532.0,34.0,0,0,0.0,417.0,25.0,0.0,0.0,0.0,126935,570,44145,216,0.5,0.5,0.0,0.0,0.0,0.0,0.0,0.0,0.0,0.0,0.0,521.0,34.0,0.0,510.0,18.0,0.0,475.0,4.0,0.0,524.0,34.0,,,,27,,Ármin,Pécsi,Pécsi,,,0,0,0,0,0,0,0,0,0,0,0,0,0,,,,0.0,0.0,0.0,0.0,0.0,0,0,0
421,a,100.0,100.0,6.3,68,45.0,0,0.0,-2,2.0,0.5,267,93.0,39,4,2.6,261.0,111.0,1,221,3.4,71.0,36.0,0.5,6.2,0.0,57218,70,99096,44,3.9,3.9,0.26,1.24,1.5,13.07,0.02,0.11,0.13,1.21,192.4,259.0,109.0,241.0,115.0,80.0,40.0,329.0,173.0,47.4,238.0,120.0,,,,27,,Rodrigo 'Rodri',Hernandez Cascante,Rodrigo,,,973,0,0,3,10,0,0,0,2,0,0,11,142,,,,0.0,0.28,0.92,1.02,13.13,33,38,71
422,i,0.0,0.0,5.8,103,66.0,0,0.0,-2,2.0,0.0,684,281.0,1,0,1.0,501.0,236.0,0,3,0.0,791.0,349.0,0.0,0.2,0.0,2415,0,3356,1,0.0,0.0,0.0,0.0,0.0,0.0,0.0,0.0,0.0,0.0,2.6,479.0,221.0,0.8,467.0,225.0,0.0,804.0,358.0,0.3,496.0,230.0,,,,27,,Mateo,Kovačić,Kovačić,Ankle injury - Unknown return date,,4,0,0,0,0,0,0,0,0,0,0,0,0,,,,0.0,0.0,0.0,0.0,0.0,0,0,0
448,a,,,3.8,787,236.0,0,0.0,-2,2.0,0.4,283,103.0,1,0,1.0,447.0,160.0,0,3,0.0,400.0,150.0,0.0,0.3,0.0,53293,7,56594,32,0.5,0.5,0.0,0.0,0.0,0.3,0.0,0.0,0.0,13.5,3.0,477.0,171.0,0.0,494.0,181.0,0.0,458.0,172.0,0.3,491.0,173.0,,,,27,,Tyrell,Malacia,Malacia,,,2,0,0,0,0,0,0,0,0,0,0,0,2,,,,0.0,0.0,0.0,0.0,90.0,1,1,0
450,a,100.0,100.0,8.1,15,10.0,0,0.0,1,-1.0,8.1,45,15.0,93,0,4.0,79.0,37.0,10,372,4.6,29.0,14.0,0.6,11.5,0.0,2984566,1190,2997047,1624,5.1,5.1,5.13,2.3,7.43,21.95,0.28,0.13,0.41,1.21,435.8,73.0,23.0,357.6,55.0,45.0,510.0,22.0,10.0,130.5,25.0,21.0,,,,27,,Matheus,Santos Carneiro da Cunha,Cunha,,,1627,6,2,5,23,0,0,0,1,0,0,19,132,,,,0.0,0.28,1.27,1.05,7.3,26,26,80
451,u,0.0,0.0,7.0,34,20.0,0,0.0,0,0.0,0.0,697,289.0,0,0,0.0,815.0,365.0,0,0,0.0,812.0,364.0,0.0,0.0,0.0,0,0,2117,0,0.0,0.0,0.0,0.0,0.0,0.0,0.0,0.0,0.0,0.0,0.0,815.0,365.0,0.0,815.0,365.0,0.0,815.0,365.0,0.0,815.0,365.0,,,,27,,Marcus,Rashford,Rashford,Has joined Barcelona on loan for the rest of the season,,0,0,0,0,0,0,0,0,0,0,0,0,0,,,,0.0,0.0,0.0,0.0,0.0,0,0,0
452,a,100.0,100.0,6.2,77,51.0,0,0.0,-3,3.0,1.8,143,47.0,67,0,3.4,135.0,60.0,6,349,1.6,214.0,89.0,0.3,10.8,0.0,414921,593,545515,455,2.1,2.1,3.96,3.23,7.19,20.63,0.22,0.18,0.4,1.13,341.8,132.0,45.0,459.3,27.0,26.0,403.0,32.0,17.0,120.5,36.0,28.0,,,,27,,Amad,Diallo,Amad,,,1650,2,4,4,23,0,0,0,2,0,0,19,144,,,,0.0,0.22,1.25,1.04,7.85,30,36,78
771,a,,,4.4,550,330.0,0,0.0,-1,1.0,0.0,734,309.0,1,0,1.0,467.0,207.0,0,3,0.2,369.0,162.0,0.0,0.2,0.0,1861,8,913,3,0.7,0.7,0.0,0.01,0.01,0.02,0.0,0.9,0.9,1.8,0.4,498.0,228.0,1.0,464.0,222.0,0.0,638.0,248.0,0.1,503.0,231.0,,,,27,,Tyler,Fletcher,Fletcher,,,1,0,0,0,0,0,0,0,0,0,0,0,0,,,,0.0,0.0,0.0,0.0,0.0,0,0,0
788,a,,,4.0,715,193.0,0,0.0,0,0.0,0.0,749,257.0,0,0,0.0,616.0,232.0,0,0,0.0,507.0,206.0,0.0,0.0,0.0,366,4,262,3,0.5,0.5,0.0,0.0,0.0,0.0,0.0,0.0,0.0,0.0,0.0,605.0,231.0,0.0,598.0,231.0,0.0,566.0,226.0,0.0,608.0,231.0,,,,27,,Godwill,Kukonki,Kukonki,,,0,0,0,0,0,0,0,0,0,0,0,0,0,,,,0.0,0.0,0.0,0.0,0.0,0,0,0
498,u,0.0,0.0,4.5,438,262.0,0,0.0,0,0.0,0.0,765,329.0,0,0,0.0,703.0,279.0,0,0,0.0,629.0,229.0,0.0,0.0,0.0,117,0,1242,1,0.0,0.0,0.0,0.0,0.0,0.0,0.0,0.0,0.0,0.0,0.0,696.0,273.0,0.0,694.0,277.0,0.0,676.0,270.0,0.0,699.0,276.0,,,,27,,Joe,White,White,has joined Bradford City on loan for the rest of the season.,,0,0,0,0,0,0,0,0,0,0,0,0,0,,,,0.0,0.0,0.0,0.0,0.0,0,0,0
500,a,100.0,100.0,5.4,183,45.0,0,0.0,-1,1.0,0.2,380,60.0,22,1,1.6,395.0,46.0,0,70,0.8,291.0,41.0,0.1,4.1,0.0,70114,18,86156,9,0.8,0.3,0.64,0.04,0.68,4.47,0.22,0.01,0.23,1.56,42.4,408.0,45.0,15.8,396.0,52.0,70.0,273.0,47.0,12.6,394.0,47.0,,,,27,,William,Osula,Osula,,,258,1,1,1,6,0,0,0,0,0,0,1,10,,,,0.0,0.35,2.09,0.35,3.49,1,1,8
501,a,,,4.3,617,86.0,0,0.0,-2,2.0,0.3,339,57.0,0,0,0.0,657.0,67.0,0,0,0.0,569.0,57.0,0.0,0.0,0.0,24670,36,34473,24,0.0,-0.5,0.0,0.0,0.0,0.0,0.0,0.0,0.0,0.0,0.0,646.0,67.0,0.0,643.0,66.0,0.0,619.0,66.0,0.0,649.0,67.0,,,,27,,Sean,Neave,Neave,,,0,0,0,0,0,0,0,0,0,0,0,0,0,,,,0.0,0.0,0.0,0.0,0.0,0,0,0
674,a,,,4.8,363,14.0,0,0.0,-2,2.0,0.7,225,29.0,11,0,1.6,388.0,30.0,0,45,0.0,705.0,92.0,0.0,2.3,0.0,108439,20,150526,43,0.0,-0.5,0.0,0.0,0.0,7.96,0.0,0.0,0.0,1.3,97.4,345.0,27.0,10.0,422.0,10.0,0.0,746.0,83.0,10.8,402.0,26.0,,,,27,,Aaron,Ramsdale,Ramsdale,,,553,0,0,0,10,0,0,0,0,0,10,6,0,,,,1.63,0.0,1.63,0.98,0.0,0,5,49
714,a,,,6.9,42,17.0,0,0.0,-1,1.0,7.8,49,9.0,85,1,3.5,127.0,11.0,10,299,1.0,276.0,36.0,0.1,12.3,0.0,5411165,603,4599053,2075,1.0,0.5,6.25,0.78,7.03,19.05,0.38,0.05,0.43,1.16,350.8,125.0,11.0,169.0,176.0,14.0,381.0,40.0,16.0,89.0,89.0,15.0,,,3.0,27,,Nick,Woltemade,Woltemade,,,1475,7,3,6,23,1,0,0,0,0,0,18,77,,,,0.0,0.37,1.4,1.1,4.7,18,23,36
511,a,,,4.3,591,135.0,0,0.0,-2,2.0,0.1,509,182.0,34,0,2.4,282.0,108.0,1,131,2.6,116.0,41.0,0.6,7.9,0.0,8843,8,12892,6,2.6,2.1,0.83,0.08,0.91,14.04,0.08,0.01,0.09,1.35,224.8,225.0,88.0,20.8,386.0,137.0,59.0,295.0,90.0,30.5,319.0,108.0,,,,27,,Felipe,Rodrigues da Silva,Morato,,,937,0,0,2,17,0,0,0,4,0,0,10,120,,,,0.0,0.19,1.63,0.96,9.41,24,74,46
512,u,0.0,0.0,4.5,418,78.0,0,0.0,0,0.0,0.0,682,236.0,0,0,0.0,692.0,255.0,0,0,0.0,615.0,242.0,0.0,0.0,0.0,345,0,4117,0,0.0,0.0,0.0,0.0,0.0,0.0,0.0,0.0,0.0,0.0,0.0,685.0,254.0,0.0,681.0,254.0,0.0,661.0,253.0,0.0,688.0,254.0,,,,27,,Omar,Richards,O.Richards,has joined Rio Ave on loan for the rest of the season.,,0,0,0,0,0,0,0,0,0,0,0,0,0,,,,0.0,0.0,0.0,0.0,0.0,0,0,0
514,i,0.0,0.0,3.8,783,233.0,0,0.0,-2,2.0,0.4,287,107.0,0,0,0.0,517.0,184.0,0,0,0.0,397.0,148.0,0.0,0.0,0.0,41998,13,63101,65,0.0,0.0,0.0,0.0,0.0,0.0,0.0,0.0,0.0,0.0,0.0,505.0,182.0,0.0,491.0,179.0,0.0,455.0,170.0,0.0,508.0,182.0,,,,27,,Willy,Boly,Boly,Knee injury - Unknown return date,,0,0,0,0,0,0,0,0,0,0,0,0,0,,,,0.0,0.0,0.0,0.0,0.0,0,0,0
528,u,0.0,0.0,4.2,633,34.0,0,0.0,-3,3.0,0.2,402,60.0,0,0,0.0,635.0,88.0,0,0,0.0,532.0,82.0,0.0,0.0,0.0,10565,0,33600,13,0.0,0.0,0.0,0.0,0.0,0.0,0.0,0.0,0.0,0.0,0.0,625.0,88.0,0.0,619.0,78.0,0.0,591.0,65.0,0.0,628.0,88.0,,,,27,,Anthony,Patterson,Patterson,has joined Millwall on loan for the rest of the season.,,0,0,0,0,0,0,0,0,0,0,0,0,0,,,,0.0,0.0,0.0,0.0,0.0,0,0,0
529,a,,,3.9,739,69.0,0,0.0,-1,1.0,0.4,290,38.0,0,0,0.0,537.0,37.0,0,0,0.0,422.0,28.0,0.0,0.0,0.0,17963,6,33008,10,0.0,0.0,0.0,0.0,0.0,0.0,0.0,0.0,0.0,0.0,0.0,526.0,37.0,0.0,516.0,22.0,0.0,481.0,8.0,0.0,529.0,37.0,,,,27,,Simon,Moore,Moore,,,0,0,0,0,0,0,0,0,0,0,0,0,0,,,,0.0,0.0,0.0,0.0,0.0,0,0,0
530,u,0.0,0.0,3.9,767,86.0,0,0.0,-1,1.0,0.1,453,67.0,0,0,0.0,557.0,54.0,0,0,0.0,444.0,45.0,0.0,0.0,0.0,7473,0,12804,10,0.0,0.0,0.0,0.0,0.0,0.0,0.0,0.0,0.0,0.0,0.0,546.0,54.0,0.0,536.0,39.0,0.0,501.0,25.0,0.0,549.0,54.0,,,,27,,Blondy,Nna Noukeu,Nna Noukeu,has joined US Boulogne CO permanently.,,0,0,0,0,0,0,0,0,0,0,0,0,0,,,,0.0,0.0,0.0,0.0,0.0,0,0,0
540,u,0.0,0.0,3.9,760,221.0,0,0.0,-1,1.0,0.3,323,118.0,0,0,0.0,552.0,202.0,0,0,0.0,438.0,172.0,0.0,0.0,0.0,47547,0,46822,20,0.0,0.0,0.0,0.0,0.0,0.0,0.0,0.0,0.0,0.0,0.0,541.0,201.0,0.0,531.0,201.0,0.0,496.0,193.0,0.0,544.0,201.0,,,,27,,Timothée,Pembélé,Pembele,has joined Le Havre AC on loan for the rest of the season.,,0,0,0,0,0,0,0,0,0,0,0,0,0,,,,0.0,0.0,0.0,0.0,0.0,0,0,0
541,i,0.0,0.0,3.8,791,240.0,0,0.0,-2,2.0,3.2,104,40.0,51,0,3.0,182.0,70.0,5,181,2.4,133.0,45.0,0.6,13.4,0.0,611820,65,1006970,1845,0.0,0.0,0.13,0.46,0.59,19.99,0.01,0.03,0.04,1.26,285.4,183.0,75.0,94.0,255.0,76.0,37.0,332.0,107.0,41.8,265.0,90.0,,,,27,,Reinildo,Mandava,Reinildo,Knee injury - Expected back 22 Mar,,1427,0,2,4,20,0,0,0,6,1,0,17,141,,,,0.0,0.25,1.26,1.07,7.69,27,95,67
694,a,,,4.6,398,67.0,0,0.0,6,-6.0,14.2,24,9.0,114,0,4.8,18.0,5.0,8,394,3.2,78.0,30.0,0.7,24.8,0.0,2454870,3464,720382,1773,3.2,3.2,1.02,2.01,3.03,35.72,0.04,0.08,0.12,1.49,559.0,33.0,13.0,278.7,92.0,22.0,141.0,178.0,40.0,97.9,68.0,14.0,,,,27,,Nordi,Mukiele,Mukiele,,,2152,1,5,7,28,1,0,0,4,0,0,24,253,,,,0.0,0.29,1.17,1.0,9.41,57,168,101
724,a,,,4.5,425,83.0,0,0.0,0,0.0,0.0,597,213.0,35,0,1.8,363.0,135.0,0,158,0.6,304.0,106.0,0.1,7.8,0.0,8588,9,6078,10,0.6,0.6,0.37,0.61,0.98,21.41,0.03,0.05,0.08,1.91,170.4,271.0,109.0,90.5,259.0,80.0,36.0,337.0,109.0,29.7,323.0,111.0,,,,27,,Lutsharel,Geertruida,Geertruida,,,1009,0,0,2,15,0,0,0,0,0,0,10,82,,,,0.0,0.18,1.34,0.89,5.89,22,44,44
671,a,,,5.8,102,29.0,0,0.0,-2,2.0,0.6,247,38.0,63,1,2.7,246.0,27.0,7,228,1.0,274.0,35.0,0.2,10.9,0.0,202473,43,208823,105,0.5,1.0,5.77,0.29,6.06,17.73,0.56,0.03,0.59,1.71,221.6,232.0,19.0,72.9,291.0,29.0,332.0,56.0,22.0,61.8,181.0,21.0,,,,27,,Callum,Wilson,Wilson,,,933,5,2,1,18,0,0,0,0,0,0,9,32,,,,0.0,0.1,1.74,0.87,3.09,3,7,22
679,a,,,4.2,637,35.0,0,0.0,-3,3.0,0.3,342,47.0,28,7,4.0,63.0,4.0,3,104,3.8,40.0,4.0,0.9,6.7,0.0,22980,169,37724,30,3.3,3.8,0.0,0.01,0.01,8.0,0.0,0.0,0.0,1.14,129.4,312.0,24.0,0.0,620.0,79.0,0.0,592.0,66.0,12.9,389.0,24.0,,,,27,,Mads,Hermansen,Hermansen,,,630,0,0,3,12,0,0,0,0,0,21,7,34,,,,3.0,0.43,1.71,1.0,0.0,0,13,66
708,a,100.0,100.0,5.5,154,95.0,0,0.0,0,0.0,0.5,266,92.0,100,5,4.0,72.0,32.0,6,485,5.6,12.0,6.0,1.0,18.2,0.0,100306,287,48474,202,5.1,5.6,1.18,1.99,3.17,32.45,0.05,0.09,0.14,1.44,485.8,58.0,16.0,436.7,34.0,32.0,91.0,244.0,133.0,101.5,62.0,41.0,4.0,,,27,,Mateus Gonçalo,Espanha Fernandes,M.Fernandes,,,2033,3,3,4,34,0,0,0,4,0,0,24,270,,,,0.0,0.18,1.51,1.06,11.95,72,67,131
718,a,,,5.0,276,171.0,0,0.0,0,0.0,0.0,655,263.0,37,3,2.3,293.0,127.0,2,169,0.8,286.0,125.0,0.2,7.4,0.0,5235,1,4507,4,0.3,0.8,0.44,0.31,0.75,15.69,0.05,0.03,0.08,1.71,157.0,288.0,127.0,76.8,286.0,166.0,37.0,334.0,175.0,27.1,331.0,158.0,,,,27,,Soungoutou,Magassa,S.Magassa,,,826,1,0,2,19,0,0,0,2,0,0,10,108,,,,0.0,0.22,2.07,1.09,11.77,36,28,44
791,a,,,5.5,143,36.0,0,0.0,0,0.0,0.1,441,64.0,19,2,2.7,244.0,26.0,0,57,3.2,83.0,7.0,0.6,3.5,0.0,25328,90,10438,108,2.7,3.2,2.01,0.55,2.56,7.33,0.32,0.09,0.41,1.17,64.6,384.0,40.0,49.6,334.0,38.0,173.0,141.0,34.0,27.7,328.0,38.0,,,,27,,Valentín,Castellanos,Taty,,,565,1,1,3,6,0,0,0,2,0,0,7,30,,,,0.0,0.48,0.96,1.12,4.78,4,12,14
648,u,0.0,0.0,5.3,198,123.0,0,0.0,-2,2.0,0.0,624,242.0,38,0,2.9,208.0,85.0,1,131,0.0,770.0,335.0,0.0,7.2,0.0,19177,0,23022,2,0.0,0.0,1.64,0.38,2.02,13.36,0.17,0.04,0.21,1.38,163.6,276.0,119.0,61.8,312.0,176.0,196.0,119.0,69.0,42.1,262.0,130.0,,,,27,,Marshall,Munetsi,Munetsi,has joined Paris FC on loan for the rest of the season.,,872,1,2,0,19,0,0,0,2,0,0,9,80,,,,0.0,0.0,1.96,0.93,8.26,21,39,20
652,a,,,4.3,614,360.0,0,0.0,-2,2.0,1.3,166,55.0,0,0,0.0,656.0,251.0,0,0,0.0,568.0,194.0,0.0,0.0,0.0,193500,125,235746,108,-0.5,-0.5,0.0,0.0,0.0,0.0,0.0,0.0,0.0,0.0,0.0,645.0,241.0,0.0,642.0,247.0,0.0,618.0,236.0,0.0,648.0,244.0,,,,27,,Enso,González Medina,Gonzalez,,,0,0,0,0,0,0,0,0,0,0,0,0,0,,,,0.0,0.0,0.0,0.0,0.0,0,0,0
657,i,0.0,0.0,4.4,563,81.0,0,0.0,-1,1.0,0.0,651,83.0,0,0,0.0,682.0,74.0,0,0,0.0,601.0,64.0,0.0,0.0,0.0,4712,6,7144,4,0.0,0.0,0.0,0.0,0.0,0.0,0.0,0.0,0.0,0.0,0.0,674.0,74.0,0.0,670.0,73.0,0.0,649.0,73.0,0.0,677.0,74.0,,,,27,,Leon,Chiwome,Chiwome,Knee injury - Unknown return date,,0,0,0,0,0,0,0,0,0,0,0,0,0,,,,0.0,0.0,0.0,0.0,0.0,0,0,0
658,a,,,4.2,643,89.0,0,0.0,-3,3.0,2.0,134,22.0,0,0,0.0,637.0,63.0,0,0,0.0,536.0,52.0,0.0,0.0,0.0,269671,425,343415,237,-0.5,-0.5,0.0,0.0,0.0,0.0,0.0,0.0,0.0,0.0,0.0,627.0,63.0,0.0,622.0,62.0,0.0,594.0,62.0,0.0,630.0,63.0,,,,27,,Nathan,Fraser,Fraser,,,0,0,0,0,0,0,0,0,0,0,0,0,0,,,,0.0,0.0,0.0,0.0,0.0,0,0,0
663,u,0.0,0.0,4.9,318,198.0,0,0.0,-6,6.0,0.1,429,144.0,45,0,2.0,329.0,143.0,2,175,0.3,352.0,159.0,0.1,9.2,0.0,20148,0,81342,19,0.0,0.0,3.38,0.62,4.0,16.0,0.27,0.05,0.32,1.29,171.0,270.0,116.0,204.0,138.0,96.0,148.0,166.0,94.0,52.1,218.0,109.0,1.0,1.0,,27,,Jhon,Arias,J.Arias,has joined Palmeiras permanently.,,1117,1,0,2,21,0,0,0,1,0,0,14,125,,,,0.0,0.16,1.69,1.13,10.07,43,24,58
682,a,,,4.2,638,150.0,0,0.0,-3,3.0,0.1,549,197.0,22,0,1.4,420.0,150.0,0,47,0.3,350.0,123.0,0.1,5.2,0.0,4493,1,9146,6,-0.2,-0.2,0.13,0.99,1.12,15.15,0.02,0.12,0.14,1.86,120.0,317.0,120.0,106.2,233.0,64.0,44.0,318.0,102.0,27.2,330.0,114.0,,,,27,,David,Møller Wolfe,Møller Wolfe,,,734,0,2,0,19,0,0,0,1,0,0,8,39,,,,0.0,0.0,2.33,0.98,4.17,6,28,18
695,a,,,4.4,551,119.0,0,0.0,-1,1.0,0.0,646,226.0,37,0,1.5,406.0,147.0,0,95,0.2,370.0,136.0,0.0,8.4,0.0,5826,2,5672,4,-0.3,-0.3,0.26,0.99,1.25,19.13,0.02,0.07,0.09,1.29,224.6,226.0,89.0,238.7,117.0,31.0,38.0,331.0,106.0,50.2,228.0,75.0,,,,27,,Jackson,Tchatchoua,Tchatchoua,,,1335,0,0,2,27,0,0,0,3,0,0,13,108,,,,0.0,0.13,1.82,0.88,5.6,23,60,46
709,a,100.0,100.0,4.5,427,84.0,0,0.0,0,0.0,0.1,522,186.0,56,0,2.7,237.0,94.0,0,195,1.8,188.0,68.0,0.4,12.4,0.0,23569,17,17618,18,1.3,1.3,1.97,1.34,3.31,28.63,0.1,0.07,0.17,1.43,418.2,82.0,36.0,114.0,221.0,57.0,206.0,108.0,17.0,74.0,128.0,42.0,,,,27,,Ladislav,Krejcí,Krejčí,,,1797,2,1,3,34,1,0,0,2,0,0,20,167,,,,0.0,0.15,1.7,1.0,7.21,20,124,58
766,a,,,4.0,722,199.0,0,0.0,0,0.0,0.0,668,234.0,0,0,0.0,623.0,238.0,0,0,0.0,514.0,212.0,0.0,0.0,0.0,2536,4,1255,7,-0.5,-0.5,0.0,0.0,0.0,0.0,0.0,0.0,0.0,0.0,0.0,612.0,237.0,0.0,605.0,237.0,0.0,573.0,232.0,0.0,615.0,237.0,,,,27,,Saheed,Olagunju,Olagunju,,,0,0,0,0,0,0,0,0,0,0,0,0,0,,,,0.0,0.0,0.0,0.0,0.0,0,0,0
767,a,,,4.5,495,304.0,0,0.0,0,0.0,0.0,764,328.0,0,0,0.0,739.0,309.0,0,0,0.0,673.0,266.0,0.0,0.0,0.0,970,1,577,2,-0.5,-0.5,0.0,0.0,0.0,0.0,0.0,0.0,0.0,0.0,0.0,737.0,307.0,0.0,732.0,308.0,0.0,718.0,304.0,0.0,738.0,308.0,,,,27,,Luke,Rawlings,Rawlings,,,0,0,0,0,0,0,0,0,0,0,0,0,0,,,,0.0,0.0,0.0,0.0,0.0,0,0,0
777,u,0.0,0.0,4.5,455,272.0,0,0.0,0,0.0,0.0,799,353.0,0,0,0.0,711.0,287.0,0,0,0.0,639.0,238.0,0.0,0.0,0.0,415,0,294,1,0.0,0.0,0.0,0.0,0.0,0.0,0.0,0.0,0.0,0.0,0.0,705.0,282.0,0.0,702.0,285.0,0.0,685.0,278.0,0.0,707.0,284.0,,,,27,,Temple,Ojinnaka,Ojinnaka,has joined Shrewsbury Town on loan for the rest of the season.,,0,0,0,0,0,0,0,0,0,0,0,0,0,,,,0.0,0.0,0.0,0.0,0.0,0,0,0
778,a,,,4.5,487,298.0,0,0.0,0,0.0,0.0,755,322.0,0,0,0.0,732.0,304.0,0,0,0.0,666.0,261.0,0.0,0.0,0.0,1154,1,607,2,-0.5,-0.5,0.0,0.0,0.0,0.0,0.0,0.0,0.0,0.0,0.0,730.0,302.0,0.0,725.0,303.0,0.0,711.0,299.0,0.0,731.0,303.0,,,,27,,Ethan,Sutherland,Sutherland,,,0,0,0,0,0,0,0,0,0,0,0,0,0,,,,0.0,0.0,0.0,0.0,0.0,0,0,0
817,a,,,5.5,138,35.0,0,0.0,0,0.0,0.1,524,74.0,8,0,2.7,243.0,25.0,0,26,2.0,184.0,24.0,0.4,1.5,0.0,13658,29,4083,88,1.5,1.5,0.03,0.37,0.4,7.85,0.01,0.12,0.13,2.62,30.2,426.0,49.0,33.5,362.0,46.0,7.0,419.0,59.0,7.1,428.0,53.0,,,,27,,Adam,Armstrong,Armstrong,,,270,0,1,1,5,0,0,0,1,0,0,3,6,,,,0.0,0.33,1.67,1.0,2.0,0,4,2
1,a,,,6.0,85,1.0,0,0.0,5,-5.0,34.8,7,1.0,109,0,4.0,75.0,7.0,5,432,2.8,109.0,8.0,0.5,18.2,0.0,3926965,1202,2210291,3676,3.3,3.8,0.0,0.05,0.05,18.62,0.0,0.0,0.0,0.69,382.4,102.0,16.0,30.4,370.0,3.0,0.0,808.0,94.0,41.4,269.0,16.0,,,,27,,David,Raya Martín,Raya,,,2430,0,0,13,20,0,0,0,1,0,37,27,94,,,,1.37,0.48,0.74,1.0,0.0,1,23,225
2,a,,,4.1,650,36.0,0,0.0,-4,4.0,0.4,280,36.0,0,0,0.0,632.0,85.0,0,0,0.0,524.0,77.0,0.0,0.0,0.0,14162,11,75771,22,0.5,1.0,0.0,0.0,0.0,0.0,0.0,0.0,0.0,0.0,0.0,621.0,85.0,0.0,614.0,73.0,0.0,584.0,59.0,0.0,624.0,85.0,,,,27,,Kepa,Arrizabalaga Revuelta,Arrizabalaga,,,0,0,0,0,0,0,0,0,0,0,0,0,0,,,,0.0,0.0,0.0,0.0,0.0,0,0,0
3,u,0.0,0.0,4.0,684,54.0,0,0.0,0,0.0,0.2,371,54.0,0,0,0.0,592.0,73.0,0,0,0.0,480.0,65.0,0.0,0.0,0.0,5545,0,47918,8,0.0,0.0,0.0,0.0,0.0,0.0,0.0,0.0,0.0,0.0,0.0,581.0,73.0,0.0,574.0,61.0,0.0,541.0,47.0,0.0,584.0,73.0,,,,27,,Karl,Hein,Hein,Has joined Werder Bremen on loan for the rest of the season.,,0,0,0,0,0,0,0,0,0,0,0,0,0,,,,0.0,0.0,0.0,0.0,0.0,0,0,0
4,a,,,3.9,774,90.0,0,0.0,-1,1.0,0.2,356,52.0,0,0,0.0,564.0,58.0,0,0,0.0,451.0,49.0,0.0,0.0,0.0,33107,18,32466,14,0.5,1.0,0.0,0.0,0.0,0.0,0.0,0.0,0.0,0.0,0.0,553.0,58.0,0.0,543.0,43.0,0.0,508.0,29.0,0.0,556.0,58.0,,,,27,,Tommy,Setford,Setford,,,0,0,0,0,0,0,0,0,0,0,0,0,0,,,,0.0,0.0,0.0,0.0,0.0,0,0,0
5,a,100.0,100.0,7.1,33,1.0,0,0.0,11,-11.0,42.9,4,1.0,142,0,6.8,2.0,1.0,18,484,3.7,50.0,18.0,0.5,20.0,0.0,7992032,2166,5087862,3046,4.2,4.7,1.84,1.01,2.85,12.14,0.09,0.05,0.14,0.61,603.2,21.0,10.0,102.7,244.0,69.0,192.0,127.0,24.0,89.6,87.0,22.0,,,,27,,Gabriel,dos Santos Magalhães,Gabriel,,,1805,3,3,12,13,0,0,0,2,0,0,20,195,,,,0.0,0.6,0.65,1.0,8.98,23,157,36
7,a,100.0,100.0,5.6,132,14.0,0,0.0,1,-1.0,6.4,58,19.0,86,0,4.3,47.0,19.0,4,308,1.5,218.0,79.0,0.3,15.4,0.0,2627822,188,2410083,1147,2.0,2.5,2.77,0.4,3.17,7.79,0.19,0.03,0.22,0.52,228.6,222.0,86.0,109.3,226.0,60.0,230.0,99.0,12.0,56.8,204.0,67.0,,,,27,,Riccardo,Calafiori,Calafiori,,,1347,1,2,10,8,0,0,0,5,0,0,17,130,,,,0.0,0.67,0.53,1.14,6.08,30,61,59
8,a,100.0,100.0,6.4,60,2.0,0,0.0,9,-9.0,29.7,12,3.0,124,0,4.8,23.0,8.0,7,457,2.5,131.0,44.0,0.4,19.4,0.0,6436489,1528,3412387,11284,3.0,3.5,4.3,1.24,5.54,14.41,0.18,0.05,0.23,0.6,427.2,78.0,34.0,331.3,67.0,13.0,344.0,53.0,1.0,110.6,46.0,4.0,,,,27,,Jurriën,Timber,J.Timber,,,2179,2,4,12,18,0,0,0,4,0,0,24,155,,,,0.0,0.5,0.74,0.99,5.16,57,68,89
9,u,0.0,0.0,5.4,174,20.0,0,0.0,-1,1.0,0.0,588,210.0,0,0,0.0,799.0,265.0,0,0,0.0,779.0,263.0,0.0,0.0,0.0,1119,0,10885,0,0.0,0.0,0.0,0.0,0.0,0.0,0.0,0.0,0.0,0.0,0.0,799.0,265.0,0.0,798.0,265.0,0.0,796.0,265.0,0.0,799.0,265.0,,,,27,,Jakub,Kiwior,Kiwior,has joined Porto on loan for the rest of the season.,,0,0,0,0,0,0,0,0,0,0,0,0,0,,,,0.0,0.0,0.0,0.0,0.0,0,0,0
10,a,,,5.1,238,35.0,0,0.0,-4,4.0,1.4,159,63.0,12,0,0.9,505.0,175.0,0,36,0.0,761.0,259.0,0.0,2.4,0.0,133524,60,462474,79,0.5,1.0,0.05,0.06,0.11,5.26,0.01,0.02,0.03,1.52,31.2,424.0,159.0,45.5,342.0,118.0,18.0,381.0,134.0,9.4,407.0,146.0,,,,27,,Myles,Lewis-Skelly,Lewis-Skelly,,,311,0,0,0,5,0,0,0,3,0,0,1,21,,,,0.0,0.0,1.45,0.29,4.05,4,10,14
11,a,100.0,100.0,5.1,226,30.0,0,0.0,-4,4.0,0.5,259,96.0,30,0,4.3,42.0,17.0,3,112,0.2,381.0,140.0,0.0,5.9,0.0,346625,39,400824,77,0.7,1.2,0.43,0.49,0.92,6.13,0.09,0.11,0.2,1.35,111.4,328.0,123.0,92.7,257.0,78.0,46.0,316.0,101.0,25.0,339.0,117.0,,,,27,,Benjamin,White,White,,,409,0,1,3,4,0,0,0,0,0,0,5,40,,,,0.0,0.66,0.88,1.1,7.92,13,23,18
13,a,,,3.8,808,257.0,0,0.0,-2,2.0,0.4,273,101.0,0,0,0.0,530.0,196.0,0,0,0.0,415.0,165.0,0.0,0.0,0.0,51505,17,77427,32,0.5,1.0,0.0,0.0,0.0,0.0,0.0,0.0,0.0,0.0,0.0,519.0,195.0,0.0,508.0,195.0,0.0,473.0,187.0,0.0,522.0,195.0,,,,27,,Brayden,Clarke,Clarke,,,0,0,0,0,0,0,0,0,0,0,0,0,0,,,,0.0,0.0,0.0,0.0,0.0,0,0,0
14,u,0.0,0.0,3.9,779,229.0,0,0.0,-1,1.0,0.1,488,175.0,0,0,0.0,569.0,208.0,0,0,0.0,456.0,179.0,0.0,0.0,0.0,10218,0,22581,6,0.0,0.0,0.0,0.0,0.0,0.0,0.0,0.0,0.0,0.0,0.0,558.0,207.0,0.0,548.0,207.0,0.0,513.0,199.0,0.0,561.0,207.0,,,,27,,Maldini,Kacurri,Kacurri,has joined Morecambe on loan for the rest of the season.,,0,0,0,0,0,0,0,0,0,0,0,0,0,,,,0.0,0.0,0.0,0.0,0.0,0,0,0
15,a,,,3.7,814,262.0,0,0.0,-3,3.0,0.2,357,128.0,0,0,0.0,515.0,182.0,0,0,0.0,393.0,144.0,0.0,0.0,0.0,24618,118,26941,39,0.5,1.0,0.0,0.0,0.0,0.0,0.0,0.0,0.0,0.0,0.0,503.0,180.0,0.0,489.0,177.0,0.0,453.0,168.0,0.0,506.0,180.0,,,,27,,Josh,Nichols,Nichols,,,0,0,0,0,0,0,0,0,0,0,0,0,0,,,,0.0,0.0,0.0,0.0,0.0,0,0,0
16,a,100.0,100.0,9.8,6,4.0,0,0.0,-2,2.0,7.6,51,18.0,114,0,5.0,15.0,9.0,13,433,2.5,132.0,61.0,0.3,11.6,0.0,3991076,1104,4993727,583,3.0,3.5,6.13,5.24,11.37,10.81,0.34,0.29,0.63,0.6,473.0,62.0,18.0,649.3,8.0,8.0,609.0,13.0,5.0,173.3,8.0,6.0,2.0,,1.0,27,,Bukayo,Saka,Saka,,,1635,5,7,8,14,0,0,0,1,0,0,18,137,,,,0.0,0.44,0.77,0.99,7.54,29,18,90
17,d,75.0,75.0,7.8,18,13.0,0,0.0,-2,2.0,1.6,147,48.0,58,0,3.1,180.0,78.0,5,236,1.5,219.0,93.0,0.2,7.4,0.0,374711,7,630954,301,1.5,1.9,1.01,2.9,3.91,12.47,0.09,0.25,0.34,1.06,242.0,212.0,92.0,423.9,37.0,35.0,144.0,175.0,99.0,80.9,113.0,63.0,4.0,,3.0,27,,Martin,Ødegaard,Ødegaard,Knock - 75% chance of playing,,1057,1,5,4,11,0,0,0,0,0,0,13,80,,,,0.0,0.34,0.94,1.11,6.81,17,13,50
18,a,100.0,100.0,6.8,47,29.0,0,0.0,-2,2.0,1.3,161,52.0,50,0,2.8,232.0,96.0,6,170,4.8,23.0,12.0,0.7,7.4,0.0,357186,424,337401,778,5.3,5.8,0.96,1.98,2.94,8.55,0.1,0.22,0.32,0.93,182.0,262.0,111.0,242.0,112.0,78.0,284.0,73.0,45.0,70.7,141.0,77.0,3.0,,,27,,Noni,Madueke,Madueke,,,828,2,1,5,7,0,0,0,0,0,0,11,46,,,,0.0,0.54,0.76,1.2,5.0,15,11,20
19,a,100.0,100.0,6.8,48,30.0,0,0.0,-2,2.0,1.0,189,67.0,40,0,1.9,353.0,156.0,1,138,1.8,203.0,86.0,0.3,5.9,0.0,182716,51,244462,300,2.3,2.8,3.42,0.9,4.32,6.23,0.44,0.12,0.56,0.8,147.0,292.0,131.0,127.9,204.0,135.0,314.0,61.0,37.0,58.4,193.0,101.0,,,,27,,Gabriel,Martinelli Silva,Martinelli,,,703,1,3,2,5,0,0,0,2,0,0,8,52,,,,0.0,0.26,0.64,1.02,6.66,10,10,32
20,a,100.0,100.0,6.8,45,27.0,0,0.0,-2,2.0,1.1,184,63.0,95,0,4.1,61.0,28.0,9,338,2.3,149.0,67.0,0.3,14.0,0.0,523981,166,443434,844,2.8,3.3,4.58,2.51,7.09,10.29,0.27,0.15,0.42,0.61,393.8,98.0,31.0,424.1,36.0,34.0,399.0,33.0,18.0,122.0,34.0,26.0,,,4.0,27,,Leandro,Trossard,Trossard,,,1515,5,5,8,12,0,0,0,1,0,0,16,98,,,,0.0,0.48,0.71,0.95,5.82,20,20,58
21,a,100.0,100.0,7.6,22,15.0,0,0.0,11,-11.0,34.2,8,3.0,148,0,5.7,7.0,5.0,21,623,3.8,46.0,23.0,0.5,19.5,0.0,6749179,3503,3536965,6566,4.3,4.8,2.95,5.94,8.89,15.15,0.12,0.24,0.36,0.61,685.6,8.0,3.0,832.2,2.0,2.0,261.0,87.0,54.0,178.0,6.0,4.0,1.0,1.0,,27,,Declan,Rice,Rice,,,2235,4,8,12,19,0,0,0,2,0,0,25,276,,,,0.0,0.48,0.77,1.01,11.11,47,95,134
22,i,0.0,0.0,5.4,164,101.0,0,0.0,-6,6.0,0.9,201,69.0,66,0,3.1,176.0,76.0,5,238,1.2,247.0,107.0,0.2,12.2,0.0,835862,2,830688,328,0.0,0.0,2.99,1.45,4.44,6.59,0.27,0.13,0.4,0.6,304.4,170.0,63.0,187.0,155.0,107.0,237.0,93.0,56.0,72.6,134.0,73.0,,,,27,,Mikel,Merino Zazón,Merino,Foot injury - Unknown return date,,996,4,3,4,9,0,0,0,1,0,0,10,111,,,,0.0,0.36,0.81,0.9,10.03,26,30,55
23,u,0.0,0.0,5.4,173,107.0,0,0.0,-1,1.0,0.0,681,279.0,0,0,0.0,798.0,353.0,0,0,0.0,778.0,340.0,0.0,0.0,0.0,933,0,4420,0,0.0,0.0,0.0,0.0,0.0,0.0,0.0,0.0,0.0,0.0,0.0,798.0,353.0,0.0,797.0,353.0,0.0,795.0,352.0,0.0,798.0,353.0,,,,27,,Fábio,Ferreira Vieira,Fábio Vieira,has joined Hamburger on loan for the rest of the season.,,0,0,0,0,0,0,0,0,0,0,0,0,0,,,,0.0,0.0,0.0,0.0,0.0,0,0,0
24,a,100.0,100.0,5.1,224,138.0,0,0.0,-4,4.0,0.1,434,147.0,4,0,1.0,496.0,231.0,0,14,0.2,380.0,168.0,0.0,0.8,0.0,7425,6,60828,8,0.7,1.2,0.05,0.0,0.05,2.18,0.14,0.0,0.14,6.13,15.6,449.0,201.0,0.4,475.0,230.0,7.0,418.0,204.0,2.4,463.0,210.0,,,,27,,Christian,Nørgaard,Nørgaard,,,32,0,0,0,1,0,0,0,0,0,0,0,9,,,,0.0,0.0,2.81,0.0,25.31,0,6,3
25,u,0.0,0.0,5.0,269,164.0,0,0.0,-5,5.0,0.1,447,152.0,8,0,1.3,429.0,193.0,0,20,0.0,749.0,320.0,0.0,1.6,0.0,13149,0,36696,4,0.0,0.0,0.23,0.08,0.31,0.73,0.13,0.04,0.17,0.4,8.6,458.0,206.0,22.5,383.0,196.0,24.0,361.0,188.0,5.4,438.0,196.0,,,,27,,Ethan,Nwaneri,Nwaneri,has joined Marseille on loan for the rest of the season.,,165,0,0,1,0,0,0,0,0,0,0,0,13,,,,0.0,0.55,0.0,0.0,7.09,2,1,10
28,u,0.0,0.0,4.5,486,297.0,0,0.0,0,0.0,0.1,480,167.0,0,0,0.0,731.0,303.0,0,0,0.0,665.0,260.0,0.0,0.0,0.0,6731,0,30194,3,0.0,0.0,0.0,0.0,0.0,0.0,0.0,0.0,0.0,0.0,0.0,729.0,301.0,0.0,724.0,302.0,0.0,710.0,298.0,0.0,730.0,302.0,,,,27,,Ismeal,Kabia,Kabia,has joined Shrewsbury Town on loan for the rest of the season.,,0,0,0,0,0,0,0,0,0,0,0,0,0,,,,0.0,0.0,0.0,0.0,0.0,0,0,0
29,u,0.0,0.0,4.5,429,256.0,0,0.0,0,0.0,0.0,583,218.0,0,0,0.0,696.0,273.0,0,0,0.0,622.0,223.0,0.0,0.0,0.0,2952,0,14037,0,0.0,0.0,0.0,0.0,0.0,0.0,0.0,0.0,0.0,0.0,0.0,689.0,267.0,0.0,686.0,271.0,0.0,668.0,264.0,0.0,692.0,270.0,,,,27,,Albert,Sambi Lokonga,Sambi,has joined Hamburger permanently.,,0,0,0,0,0,0,0,0,0,0,0,0,0,,,,0.0,0.0,0.0,0.0,0.0,0,0,0
30,d,75.0,75.0,7.3,25,10.0,0,0.0,-2,2.0,0.6,231,34.0,8,0,2.7,248.0,28.0,0,40,1.2,253.0,32.0,0.2,1.1,0.0,109829,29,173309,788,1.3,1.7,0.21,0.06,0.27,1.11,0.12,0.03,0.15,0.64,32.2,421.0,47.0,32.6,365.0,47.0,22.0,371.0,54.0,8.8,412.0,51.0,,,,27,,Kai,Havertz,Havertz,Muscle injury - 75% chance of playing,,156,0,1,2,0,0,0,0,0,0,0,2,10,,,,0.0,1.15,0.0,1.15,5.77,2,5,3
31,a,100.0,100.0,6.4,56,20.0,0,0.0,-1,1.0,0.6,249,40.0,17,0,1.5,418.0,51.0,0,68,1.2,251.0,31.0,0.2,2.7,0.0,144610,125,91639,743,1.7,2.2,1.75,0.19,1.94,3.56,0.52,0.06,0.58,1.05,100.6,339.0,33.0,24.9,379.0,48.0,207.0,107.0,28.0,33.0,304.0,35.0,,,,27,,Gabriel,Fernando de Jesus,G.Jesus,,,304,2,0,0,6,0,0,0,2,0,0,2,26,,,,0.0,0.0,1.78,0.59,7.7,4,4,18
266,a,,,7.2,30,18.0,0,0.0,-3,3.0,7.6,52,19.0,72,0,3.3,149.0,66.0,6,277,0.7,300.0,134.0,0.1,10.0,0.0,3261553,109,3699992,824,1.2,1.7,2.8,1.71,4.51,7.03,0.22,0.13,0.35,0.55,259.6,202.0,84.0,182.5,159.0,111.0,303.0,66.0,40.0,74.5,127.0,69.0,,,,27,,Eberechi,Eze,Eze,,,1148,4,3,6,8,0,0,0,1,0,0,13,75,,,,0.0,0.47,0.63,1.02,5.88,13,16,46
662,a,100.0,100.0,5.3,204,26.0,0,0.0,-2,2.0,0.1,428,159.0,21,0,1.9,346.0,128.0,1,98,0.7,299.0,102.0,0.1,4.0,0.0,44580,22,51462,12,1.2,1.7,0.0,0.44,0.44,4.19,0.0,0.08,0.08,0.73,113.4,324.0,122.0,26.0,377.0,135.0,8.0,411.0,154.0,14.7,382.0,136.0,,,,27,,Cristhian,Mosquera,Mosquera,,,519,0,0,1,5,0,0,0,1,0,0,5,61,,,,0.0,0.17,0.87,0.87,8.32,14,34,22
666,a,100.0,100.0,8.8,8,4.0,0,0.0,-2,2.0,11.8,29,5.0,78,0,3.1,181.0,17.0,8,280,3.8,48.0,4.0,0.4,8.9,0.0,3243238,387,4831651,5931,4.3,4.8,7.88,1.33,9.21,11.46,0.43,0.07,0.5,0.63,306.6,167.0,14.0,178.0,167.0,12.0,542.0,20.0,12.0,101.9,60.0,11.0,,,2.0,27,,Viktor,Gyökeres,Gyökeres,,,1636,8,0,10,9,0,0,0,4,0,0,20,58,,,,0.0,0.55,0.5,1.1,3.19,5,18,35
700,i,0.0,0.0,4.2,648,367.0,0,0.0,-3,3.0,0.4,270,95.0,5,0,2.5,267.0,113.0,0,13,0.0,541.0,177.0,0.0,1.2,0.0,166643,370,130477,163,0.0,0.0,0.14,0.02,0.16,0.12,0.47,0.07,0.54,0.4,1.0,491.0,226.0,0.8,466.0,224.0,26.0,357.0,186.0,2.8,458.0,208.0,,,,27,,Max,Dowman,Dowman,Ankle injury - Unknown return date,,27,0,1,0,0,0,0,0,0,0,0,0,3,,,,0.0,0.0,0.0,0.0,10.0,2,0,1
711,a,,,4.4,570,342.0,0,0.0,-1,1.0,0.0,701,292.0,0,0,0.0,685.0,267.0,0,0,0.0,607.0,216.0,0.0,0.0,0.0,1848,1,1719,2,0.5,1.0,0.0,0.0,0.0,0.0,0.0,0.0,0.0,0.0,0.0,678.0,261.0,0.0,673.0,265.0,0.0,653.0,257.0,0.0,681.0,264.0,,,,27,,Andre,Harriman-Annous,Harriman-Annous,,,0,0,0,0,0,0,0,0,0,0,0,0,0,,,,0.0,0.0,0.0,0.0,0.0,0,0,0
725,a,100.0,100.0,5.1,236,34.0,0,0.0,-4,4.0,0.7,224,86.0,57,0,3.4,134.0,50.0,5,225,3.7,49.0,17.0,0.7,11.2,0.0,491782,540,416068,169,4.2,4.7,0.31,1.08,1.39,11.5,0.02,0.08,0.1,0.85,306.0,168.0,71.0,121.2,216.0,56.0,51.0,309.0,99.0,47.7,237.0,79.0,,,,27,,Piero,Hincapié,Hincapie,,,1213,1,1,3,14,0,0,0,2,0,0,14,107,,,,0.0,0.22,1.04,1.04,7.94,26,81,46
759,a,,,4.0,727,204.0,0,0.0,0,0.0,0.0,687,238.0,0,0,0.0,626.0,241.0,0,0,0.0,518.0,216.0,0.0,0.0,0.0,1222,5,976,1,0.5,1.0,0.0,0.0,0.0,0.0,0.0,0.0,0.0,0.0,0.0,615.0,240.0,0.0,608.0,240.0,0.0,576.0,235.0,0.0,618.0,240.0,,,,27,,Marli,Salmon,Salmon,,,0,0,0,0,0,0,0,0,0,0,0,0,0,,,,0.0,0.0,0.0,0.0,0.0,0,0,0
32,a,100.0,100.0,5.0,243,7.0,0,0.0,0,0.0,4.6,78,13.0,95,3,4.1,56.0,3.0,10,403,5.8,10.0,1.0,1.2,19.0,0.0,881102,2974,559065,544,6.3,5.8,0.0,0.05,0.05,29.3,0.0,0.0,0.0,1.3,501.8,53.0,12.0,3.1,446.0,12.0,0.0,770.0,88.0,50.5,225.0,12.0,,,,27,,Emiliano,Martínez Romero,Martinez,,,2025,0,0,6,20,0,1,0,2,0,68,23,78,,,,3.02,0.27,0.89,1.02,0.0,0,23,193
33,s,0.0,0.0,4.2,626,32.0,0,0.0,-3,3.0,0.4,282,37.0,11,0,2.2,304.0,27.0,0,51,0.0,530.0,81.0,0.0,2.6,0.0,83411,7,113984,56,0.0,0.0,0.0,0.0,0.0,8.53,0.0,0.0,0.0,1.9,92.8,349.0,28.0,0.0,618.0,77.0,0.0,589.0,63.0,9.3,409.0,28.0,,,,27,,Marco,Bizot,M.Bizot,Suspended until 27 Feb,,405,0,0,1,8,0,0,0,2,0,13,4,23,,,,2.89,0.22,1.78,0.89,0.0,0,6,41
34,u,0.0,0.0,4.0,683,53.0,0,0.0,0,0.0,0.1,493,74.0,0,0,0.0,591.0,72.0,0,0,0.0,479.0,64.0,0.0,0.0,0.0,0,0,17198,4,0.0,0.0,0.0,0.0,0.0,0.0,0.0,0.0,0.0,0.0,0.0,580.0,72.0,0.0,573.0,60.0,0.0,540.0,46.0,0.0,583.0,72.0,,,,27,,Joe,Gauci,Gauci,Has joined Port Vale on loan for the rest of the season.,,0,0,0,0,0,0,0,0,0,0,0,0,0,,,,0.0,0.0,0.0,0.0,0.0,0,0,0
35,u,0.0,0.0,4.0,682,52.0,0,0.0,0,0.0,0.0,748,84.0,0,0,0.0,590.0,71.0,0,0,0.0,478.0,63.0,0.0,0.0,0.0,0,0,1254,0,0.0,0.0,0.0,0.0,0.0,0.0,0.0,0.0,0.0,0.0,0.0,579.0,71.0,0.0,572.0,59.0,0.0,539.0,45.0,0.0,582.0,71.0,,,,27,,Filip,Marschall,Marschall,Has joined Stevenage permanently.,,0,0,0,0,0,0,0,0,0,0,0,0,0,,,,0.0,0.0,0.0,0.0,0.0,0,0,0
36,a,100.0,100.0,4.9,300,46.0,0,0.0,4,-4.0,11.0,32,12.0,101,2,4.0,69.0,28.0,6,380,2.4,138.0,49.0,0.5,20.6,0.0,2752520,2603,1740335,2824,2.9,2.4,1.04,2.37,3.41,33.22,0.04,0.1,0.14,1.35,490.2,57.0,26.0,359.5,54.0,9.0,183.0,133.0,26.0,103.3,55.0,8.0,1.0,,,27,,Matty,Cash,Cash,,,2217,3,2,7,23,0,0,0,5,0,0,25,165,,,,0.0,0.28,0.93,1.01,5.76,43,99,66
37,a,100.0,100.0,4.5,408,72.0,0,0.0,0,0.0,1.6,152,61.0,72,0,3.1,168.0,66.0,4,282,1.4,226.0,86.0,0.3,16.0,0.0,305078,135,343217,587,1.9,1.4,0.54,2.21,2.75,20.25,0.04,0.15,0.19,1.39,278.2,190.0,79.0,302.6,85.0,20.0,108.0,220.0,57.0,68.7,149.0,48.0,2.0,2.0,,27,,Lucas,Digne,Digne,,,1309,0,4,6,13,0,0,0,3,0,0,15,102,,,,0.0,0.41,0.89,1.03,5.36,26,52,52
38,a,100.0,100.0,4.4,525,105.0,0,0.0,-1,1.0,8.0,46,16.0,87,7,3.3,140.0,54.0,3,425,4.6,27.0,8.0,1.0,19.8,0.0,665540,2344,1951588,468,5.1,4.6,1.01,0.52,1.53,36.3,0.04,0.02,0.06,1.41,436.0,72.0,31.0,84.6,270.0,87.0,94.0,239.0,64.0,61.9,179.0,57.0,,,,27,,Ezri,Konsa Ngoyo,Konsa,,,2315,0,1,8,27,0,0,0,0,1,0,26,181,,,,0.0,0.31,1.05,1.01,5.99,18,136,81
39,a,,,4.2,636,149.0,0,0.0,-3,3.0,0.6,229,88.0,38,2,1.8,357.0,132.0,0,195,3.6,52.0,20.0,0.9,9.0,0.0,76386,307,99858,106,4.1,3.6,0.85,1.74,2.59,17.79,0.07,0.14,0.21,1.41,218.4,234.0,92.0,257.6,106.0,28.0,159.0,155.0,32.0,63.7,170.0,55.0,5.0,,,27,,Ian,Maatsen,Maatsen,,,1133,0,0,2,15,0,0,0,2,0,0,12,102,,,,0.0,0.16,1.19,0.95,7.15,34,56,68
40,a,100.0,100.0,4.3,577,126.0,0,0.0,-2,2.0,0.7,221,84.0,41,2,3.7,92.0,34.0,4,148,3.4,63.0,24.0,0.8,9.5,0.0,145727,266,191311,87,3.9,3.4,0.65,0.34,0.99,12.82,0.07,0.04,0.11,1.48,159.8,283.0,110.0,46.3,341.0,117.0,44.0,319.0,103.0,25.0,338.0,116.0,,,,27,,Tyrone,Mings,Mings,,,782,0,1,3,8,0,0,0,0,0,0,9,81,,,,0.0,0.35,0.92,1.04,7.48,3,62,22
41,a,100.0,100.0,4.3,585,131.0,0,0.0,-2,2.0,0.3,308,114.0,49,0,3.3,139.0,53.0,2,216,1.6,206.0,75.0,0.4,11.4,0.0,69995,25,94077,108,2.1,1.6,0.59,0.33,0.92,17.12,0.04,0.02,0.06,1.28,235.8,217.0,83.0,36.3,357.0,124.0,51.0,308.0,98.0,32.5,307.0,102.0,,,,27,,Pau,Torres,Pau,,,1206,0,1,4,13,1,0,0,0,0,0,13,114,,,,0.0,0.3,0.97,0.97,6.49,17,70,63
42,a,100.0,100.0,3.9,780,230.0,0,0.0,-1,1.0,0.2,376,137.0,2,1,0.7,508.0,176.0,0,0,0.2,355.0,127.0,0.1,0.5,0.0,27686,21,40264,5,0.7,0.2,0.0,0.01,0.01,1.52,0.0,0.03,0.03,4.15,0.6,495.0,176.0,1.5,455.0,166.0,0.0,514.0,200.0,0.2,498.0,176.0,,,,27,,Andrés,García,A.García,,,33,0,0,0,2,0,0,0,0,0,0,0,0,,,,0.0,0.0,5.45,0.0,0.0,0,0,2
43,u,0.0,0.0,4.0,661,161.0,0,0.0,0,0.0,1.6,149,59.0,0,0,0.0,574.0,210.0,0,0,0.0,461.0,181.0,0.0,0.0,0.0,44476,0,885584,46,0.0,0.0,0.0,0.0,0.0,0.0,0.0,0.0,0.0,0.0,0.0,563.0,209.0,0.0,554.0,209.0,0.0,520.0,202.0,0.0,566.0,209.0,,,,27,,Álex,Moreno Lopera,Alex Moreno,Has joined Girona permanently.,,0,0,0,0,0,0,0,0,0,0,0,0,0,,,,0.0,0.0,0.0,0.0,0.0,0,0,0
44,a,100.0,100.0,4.0,701,182.0,0,0.0,0,0.0,0.5,252,94.0,33,1,1.5,402.0,144.0,4,110,2.2,150.0,52.0,0.6,8.2,0.0,104070,63,87376,76,2.7,2.2,0.0,0.16,0.16,9.46,0.0,0.02,0.02,1.29,91.4,350.0,133.0,45.2,343.0,119.0,10.0,395.0,142.0,14.6,383.0,137.0,,,,27,,Lamare,Bogarde,Bogarde,,,662,0,0,2,8,0,0,0,5,0,0,7,48,,,,0.0,0.27,1.09,0.95,5.3,16,23,23
45,u,0.0,0.0,3.8,798,247.0,0,0.0,-2,2.0,0.3,326,119.0,0,0,0.0,525.0,191.0,0,0,0.0,408.0,158.0,0.0,0.0,0.0,22076,0,36095,50,0.0,0.0,0.0,0.0,0.0,0.0,0.0,0.0,0.0,0.0,0.0,514.0,190.0,0.0,501.0,188.0,0.0,465.0,179.0,0.0,517.0,190.0,,,,27,,Lino,da Cruz Sousa,Sousa,has joined Rotherham on loan for the rest of the season.,,0,0,0,0,0,0,0,0,0,0,0,0,0,,,,0.0,0.0,0.0,0.0,0.0,0,0,0
46,u,0.0,0.0,4.0,717,195.0,0,0.0,0,0.0,0.1,461,169.0,0,0,0.0,618.0,234.0,0,0,0.0,509.0,208.0,0.0,0.0,0.0,4656,0,20865,1,0.0,0.0,0.0,0.0,0.0,0.0,0.0,0.0,0.0,0.0,0.0,607.0,233.0,0.0,600.0,233.0,0.0,568.0,228.0,0.0,610.0,233.0,,,,27,,Yasin,Özcan,Yasin,has joined Anderlecht on loan for the rest of the season.,,0,0,0,0,0,0,0,0,0,0,0,0,0,,,,0.0,0.0,0.0,0.0,0.0,0,0,0
47,a,100.0,100.0,7.7,19,14.0,0,0.0,7,-7.0,31.6,11,4.0,127,2,4.7,26.0,13.0,13,444,4.8,24.0,13.0,0.6,16.5,0.0,5763532,5293,2878618,7057,5.3,4.8,4.93,3.1,8.03,37.13,0.18,0.12,0.3,1.39,562.0,32.0,8.0,492.5,23.0,22.0,644.0,8.0,3.0,169.8,9.0,7.0,,,,27,,Morgan,Rogers,Rogers,,,2407,8,5,8,28,0,0,0,5,0,0,27,165,,,,0.0,0.3,1.05,1.01,6.17,30,39,96
48,i,0.0,0.0,5.9,92,58.0,0,0.0,-1,1.0,0.7,227,78.0,52,0,3.1,178.0,77.0,3,289,0.6,316.0,143.0,0.1,8.8,0.0,158156,5,344355,119,0.0,0.0,0.97,2.53,3.5,23.03,0.07,0.18,0.25,1.6,317.2,155.0,55.0,401.3,41.0,39.0,147.0,170.0,96.0,86.6,96.0,56.0,3.0,,,27,,Youri,Tielemans,Tielemans,Ankle injury - Expected back 11 Apr,,1295,0,4,4,17,0,0,0,0,0,0,15,138,,,,0.0,0.28,1.18,1.04,9.59,38,33,67
49,a,100.0,100.0,5.5,141,87.0,0,0.0,0,0.0,0.1,490,173.0,6,2,1.2,441.0,199.0,0,21,1.2,249.0,109.0,0.2,1.1,0.0,5416,38,49315,16,1.7,1.2,0.21,0.61,0.82,1.54,0.1,0.29,0.39,0.73,20.2,443.0,196.0,79.1,280.0,163.0,27.0,353.0,185.0,12.7,392.0,182.0,,,,27,,Leon,Bailey,Bailey,,,190,0,0,0,1,0,0,0,0,0,0,1,22,,,,0.0,0.0,0.47,0.47,10.42,3,1,18
50,a,100.0,100.0,5.3,190,117.0,0,0.0,-2,2.0,0.6,251,86.0,76,1,3.0,194.0,81.0,8,259,3.2,82.0,39.0,0.6,14.3,0.0,216783,209,172232,320,3.7,3.2,2.71,1.46,4.17,18.83,0.2,0.11,0.31,1.38,324.8,145.0,50.0,280.2,89.0,66.0,295.0,69.0,43.0,90.0,85.0,51.0,,6.0,2.0,27,,Emiliano,Buendía Stati,Buendía,,,1224,5,2,3,12,0,0,0,4,0,0,15,136,,,,0.0,0.22,0.88,1.1,10.0,33,23,80
51,u,0.0,0.0,5.5,150,93.0,0,0.0,0,0.0,0.0,683,280.0,0,0,0.0,804.0,358.0,0,0,0.0,787.0,348.0,0.0,0.0,0.0,1383,0,3776,0,0.0,0.0,0.0,0.0,0.0,0.0,0.0,0.0,0.0,0.0,0.0,804.0,358.0,0.0,803.0,358.0,0.0,801.0,357.0,0.0,804.0,358.0,,,,27,,Samuel,Iling-Junior,Iling Jr,has joined Pisa on loan for the rest of the season.,,0,0,0,0,0,0,0,0,0,0,0,0,0,,,,0.0,0.0,0.0,0.0,0.0,0,0,0
53,u,0.0,0.0,5.1,227,140.0,0,0.0,-4,4.0,0.4,275,96.0,55,0,2.6,258.0,108.0,3,161,0.0,759.0,328.0,0.0,10.8,0.0,172896,0,337312,59,0.0,0.0,4.03,0.35,4.38,10.59,0.57,0.05,0.62,1.49,183.4,261.0,110.0,99.7,248.0,153.0,290.0,70.0,44.0,56.3,205.0,104.0,,,,27,,Donyell,Malen,Malen,has joined Roma on loan for the rest of the season.,,640,4,2,1,10,0,0,0,0,0,0,5,16,,,,0.0,0.14,1.41,0.7,2.25,4,2,10
54,i,0.0,0.0,5.4,159,97.0,0,0.0,-1,1.0,0.5,258,89.0,71,0,3.2,162.0,70.0,4,289,0.0,772.0,336.0,0.0,13.1,0.0,208153,3,239379,140,0.0,0.0,2.52,1.96,4.48,26.58,0.14,0.11,0.25,1.5,308.2,164.0,61.0,385.2,46.0,42.0,193.0,123.0,72.0,88.8,91.0,54.0,4.0,,,27,,John,McGinn,McGinn,Knee injury - Expected back 21 Mar,,1591,3,2,7,21,0,0,0,3,0,0,21,126,,,,0.0,0.4,1.19,1.19,7.13,27,29,70
55,a,100.0,100.0,4.8,352,220.0,0,0.0,-2,2.0,0.0,612,237.0,18,1,1.8,365.0,159.0,0,75,0.6,306.0,136.0,0.1,3.8,0.0,5183,12,12013,4,1.1,0.6,0.57,0.29,0.86,3.09,0.28,0.14,0.42,1.5,62.4,388.0,170.0,45.1,344.0,185.0,58.0,297.0,158.0,16.5,372.0,175.0,,,,27,,Ross,Barkley,Barkley,,,186,1,1,0,0,0,0,0,0,0,0,0,24,,,,0.0,0.0,0.0,0.0,11.61,4,7,13
56,u,0.0,0.0,5.0,267,162.0,0,0.0,0,0.0,0.0,817,367.0,0,0,0.0,785.0,344.0,0,0,0.0,748.0,319.0,0.0,0.0,0.0,0,0,35,0,0.0,0.0,0.0,0.0,0.0,0.0,0.0,0.0,0.0,0.0,0.0,784.0,343.0,0.0,783.0,344.0,0.0,779.0,342.0,0.0,785.0,344.0,,,,27,,Enzo,Barrenechea,Barrenechea,Season-long loan to Benfica,,0,0,0,0,0,0,0,0,0,0,0,0,0,,,,0.0,0.0,0.0,0.0,0.0,0,0,0
57,u,0.0,0.0,5.0,260,159.0,0,0.0,0,0.0,0.0,663,268.0,0,0,0.0,781.0,341.0,0,0,0.0,744.0,316.0,0.0,0.0,0.0,889,0,5425,1,0.0,0.0,0.0,0.0,0.0,0.0,0.0,0.0,0.0,0.0,0.0,780.0,340.0,0.0,778.0,341.0,0.0,775.0,339.0,0.0,781.0,341.0,,,,27,,Lewis,Dobbin,Dobbin,Has joined Preston North End on loan for the rest of the season.,,0,0,0,0,0,0,0,0,0,0,0,0,0,,,,0.0,0.0,0.0,0.0,0.0,0,0,0
58,i,0.0,0.0,4.9,315,196.0,0,0.0,-1,1.0,0.2,375,126.0,61,0,3.4,132.0,59.0,7,282,0.0,720.0,299.0,0.0,12.4,0.0,111331,3,116873,45,0.0,0.0,0.53,0.84,1.36,20.8,0.03,0.05,0.08,1.33,325.0,144.0,49.0,241.3,113.0,79.0,75.0,267.0,145.0,64.2,168.0,92.0,,,,27,,Boubacar,Kamara,Kamara,Knee injury - Expected back 01 Jun,,1410,1,3,5,15,0,0,0,5,0,0,17,149,,,,0.0,0.32,0.96,1.09,9.51,38,46,65
59,a,100.0,100.0,4.8,367,229.0,0,0.0,-2,2.0,0.7,218,75.0,60,2,3.3,141.0,61.0,3,267,2.8,105.0,50.0,0.6,12.5,0.0,154173,156,268837,76,3.3,2.8,0.84,0.27,1.11,19.02,0.06,0.02,0.08,1.43,299.2,178.0,70.0,80.8,275.0,160.0,75.0,266.0,144.0,45.5,245.0,123.0,,,,27,,Amadou,Onana,Onana,,,1198,2,0,5,13,0,0,0,2,0,0,15,159,,,,0.0,0.38,0.98,1.13,11.94,34,76,49
60,u,0.0,0.0,4.4,562,337.0,0,0.0,-1,1.0,0.3,331,114.0,0,0,0.0,681.0,265.0,0,0,0.0,600.0,212.0,0.0,0.0,0.0,38290,0,50156,29,0.0,0.0,0.0,0.0,0.0,0.0,0.0,0.0,0.0,0.0,0.0,673.0,258.0,0.0,669.0,263.0,0.0,648.0,254.0,0.0,676.0,261.0,,,,27,,Ben,Broggio,Broggio,has joined Falkirk on loan for the rest of the season.,,0,0,0,0,0,0,0,0,0,0,0,0,0,,,,0.0,0.0,0.0,0.0,0.0,0,0,0
61,u,0.0,0.0,4.5,410,250.0,0,0.0,0,0.0,0.1,533,193.0,0,0,0.0,688.0,268.0,0,0,0.0,610.0,217.0,0.0,0.0,0.0,2169,0,33597,2,0.0,0.0,0.0,0.0,0.0,0.0,0.0,0.0,0.0,0.0,0.0,681.0,262.0,0.0,676.0,266.0,0.0,656.0,258.0,0.0,684.0,265.0,,,,27,,Leander,Dendoncker,Dendoncker,Has joined Real Oviedo permanently.,,0,0,0,0,0,0,0,0,0,0,0,0,0,,,,0.0,0.0,0.0,0.0,0.0,0,0,0
62,u,0.0,0.0,4.5,473,288.0,0,0.0,0,0.0,0.1,551,201.0,1,0,1.0,477.0,216.0,0,3,0.0,653.0,251.0,0.0,0.2,0.0,8790,0,10236,9,0.0,0.0,0.0,0.0,0.0,0.61,0.0,0.0,0.0,6.86,0.2,501.0,229.0,0.3,479.0,233.0,0.0,699.0,291.0,0.1,504.0,232.0,,,,27,,Jamaldeen,Jimoh-Aloba,Jimoh-Aloba,has joined West Brom on loan for the rest of the season.,,8,0,0,0,0,0,0,0,0,0,0,0,1,,,,0.0,0.0,0.0,0.0,11.25,0,0,1
63,u,0.0,0.0,4.3,606,353.0,0,0.0,-2,2.0,0.6,245,85.0,0,0,0.0,651.0,246.0,0,0,0.0,560.0,187.0,0.0,0.0,0.0,102090,0,123018,109,0.0,0.0,0.0,0.0,0.0,0.0,0.0,0.0,0.0,0.0,0.0,640.0,236.0,0.0,637.0,242.0,0.0,612.0,230.0,0.0,643.0,239.0,,,,27,,Kadan,Young,Young,has joined Reading on loan for the rest of the season.,,0,0,0,0,0,0,0,0,0,0,0,0,0,,,,0.0,0.0,0.0,0.0,0.0,0,0,0
64,a,100.0,100.0,8.6,9,5.0,0,0.0,-4,4.0,9.1,39,7.0,97,2,3.7,101.0,8.0,11,347,2.8,114.0,13.0,0.3,11.3,0.0,2174955,1222,4097139,3843,3.3,2.8,9.72,1.0,10.72,31.23,0.44,0.05,0.49,1.41,376.0,106.0,9.0,199.4,144.0,9.0,710.0,4.0,3.0,127.9,28.0,6.0,,,3.0,27,,Ollie,Watkins,Watkins,,,1989,8,2,8,24,0,0,0,1,0,0,23,69,,,,0.0,0.36,1.09,1.04,3.12,17,14,38
65,u,0.0,0.0,4.5,483,69.0,0,0.0,0,0.0,0.3,322,53.0,0,0,0.0,729.0,78.0,0,0,0.0,662.0,68.0,0.0,0.0,0.0,17574,0,84759,14,0.0,0.0,0.0,0.0,0.0,0.0,0.0,0.0,0.0,0.0,0.0,726.0,78.0,0.0,722.0,77.0,0.0,708.0,77.0,0.0,728.0,78.0,,,,27,,Zépiqueno,Redmond,Redmond,has joined Huddersfield Town on loan for the rest of the season.,,0,0,0,0,0,0,0,0,0,0,0,0,0,,,,0.0,0.0,0.0,0.0,0.0,0,0,0
389,i,0.0,0.0,5.1,235,144.0,0,0.0,-4,4.0,0.2,394,131.0,5,0,1.0,497.0,232.0,0,17,0.2,383.0,169.0,0.0,1.0,0.0,94066,0,102390,46,0.0,0.0,0.29,0.08,0.37,1.74,0.24,0.07,0.31,1.42,11.8,450.0,202.0,31.7,368.0,189.0,31.0,347.0,182.0,7.4,426.0,194.0,,,,27,,Harvey,Elliott,Elliott,Knock - Unknown return date,,110,0,0,0,2,0,0,0,0,0,0,1,6,,,,0.0,0.0,1.64,0.82,4.91,0,2,4
456,a,100.0,100.0,5.8,107,68.0,0,0.0,-2,2.0,0.2,345,117.0,24,1,1.5,416.0,187.0,0,97,2.0,185.0,79.0,0.3,4.1,0.0,48217,60,46717,76,2.5,2.0,0.58,1.44,2.02,9.13,0.09,0.22,0.31,1.37,81.8,361.0,161.0,178.6,164.0,116.0,152.0,163.0,92.0,41.5,267.0,133.0,,,,27,,Jadon,Sancho,Sancho,,,600,0,1,1,4,0,0,0,0,0,0,6,31,,,,0.0,0.15,0.6,0.9,4.65,5,11,15
688,a,,,3.9,764,83.0,0,0.0,-1,1.0,0.6,240,32.0,0,0,0.0,554.0,51.0,0,0,0.0,441.0,42.0,0.0,0.0,0.0,60299,23,43350,23,0.5,0.0,0.0,0.0,0.0,0.0,0.0,0.0,0.0,0.0,0.0,543.0,51.0,0.0,533.0,36.0,0.0,498.0,22.0,0.0,546.0,51.0,,,,27,,James,Wright,Wright,,,0,0,0,0,0,0,0,0,0,0,0,0,0,,,,0.0,0.0,0.0,0.0,0.0,0,0,0
701,u,0.0,0.0,4.0,713,191.0,0,0.0,0,0.0,0.1,535,190.0,0,0,0.0,615.0,231.0,0,0,0.0,505.0,204.0,0.0,0.0,0.0,8943,0,10663,2,0.0,0.0,0.0,0.0,0.0,0.0,0.0,0.0,0.0,0.0,0.0,604.0,230.0,0.0,597.0,230.0,0.0,565.0,225.0,0.0,607.0,230.0,,,,27,,Triston,Rowe,Rowe,has joined Annecy on loan for the rest of the season.,,0,0,0,0,0,0,0,0,0,0,0,0,0,,,,0.0,0.0,0.0,0.0,0.0,0,0,0
702,a,,,4.4,569,341.0,0,0.0,-1,1.0,0.1,536,195.0,1,0,1.0,472.0,212.0,0,3,0.0,606.0,215.0,0.0,0.2,0.0,9691,5,8747,6,0.5,0.0,0.0,0.0,0.0,0.9,0.0,0.0,0.0,5.06,0.0,677.0,260.0,0.3,478.0,232.0,0.0,652.0,256.0,0.0,680.0,263.0,,,,27,,Bradley,Burrowes,Burrowes,,,16,0,0,0,1,0,0,0,0,0,0,0,1,,,,0.0,0.0,5.62,0.0,5.62,0,0,1
703,a,,,3.9,775,91.0,0,0.0,-1,1.0,0.6,236,30.0,0,0,0.0,565.0,59.0,0,0,0.0,452.0,50.0,0.0,0.0,0.0,87407,127,39680,78,0.5,0.0,0.0,0.0,0.0,0.0,0.0,0.0,0.0,0.0,0.0,554.0,59.0,0.0,544.0,44.0,0.0,509.0,30.0,0.0,557.0,59.0,,,,27,,Sam,Proctor,Proctor,,,0,0,0,0,0,0,0,0,0,0,0,0,0,,,,0.0,0.0,0.0,0.0,0.0,0,0,0
710,a,,,3.9,772,226.0,0,0.0,-1,1.0,0.2,381,141.0,0,0,0.0,562.0,205.0,0,0,0.0,449.0,176.0,0.0,0.0,0.0,32981,10,22307,14,0.5,0.0,0.0,0.0,0.0,0.0,0.0,0.0,0.0,0.0,0.0,551.0,204.0,0.0,541.0,204.0,0.0,506.0,196.0,0.0,554.0,204.0,,,,27,,Travis,Patterson,Patterson,,,0,0,0,0,0,0,0,0,0,0,0,0,0,,,,0.0,0.0,0.0,0.0,0.0,0,0,0
719,a,100.0,100.0,4.5,415,76.0,0,0.0,0,0.0,0.1,469,170.0,22,0,1.8,362.0,134.0,0,94,0.4,330.0,119.0,0.1,4.9,0.0,20085,9,12767,46,0.9,0.4,0.03,0.07,0.1,10.75,0.0,0.01,0.01,1.69,123.8,315.0,118.0,27.5,374.0,133.0,8.0,407.0,153.0,16.0,373.0,131.0,,,,27,,Victor,Lindelöf,Lindelöf,,,572,0,1,1,9,0,0,0,0,0,0,6,36,,,,0.0,0.16,1.42,0.94,5.66,4,32,13
754,a,,,4.5,484,295.0,0,0.0,0,0.0,0.0,752,320.0,2,0,1.0,481.0,219.0,0,5,0.0,663.0,258.0,0.0,0.4,0.0,1000,4,594,1,0.5,0.0,0.04,0.01,0.05,0.61,0.14,0.04,0.18,2.2,0.0,727.0,299.0,1.7,454.0,218.0,2.0,444.0,219.0,0.3,494.0,228.0,,,,27,,George,Hemmings,George Hemmings,,,25,0,0,0,0,0,0,0,0,0,0,0,1,,,,0.0,0.0,0.0,0.0,3.6,0,0,1
757,a,,,4.0,703,62.0,0,0.0,0,0.0,0.0,714,83.0,0,0,0.0,606.0,81.0,0,0,0.0,495.0,73.0,0.0,0.0,0.0,1190,2,766,2,0.5,0.0,0.0,0.0,0.0,0.0,0.0,0.0,0.0,0.0,0.0,595.0,81.0,0.0,588.0,69.0,0.0,555.0,55.0,0.0,598.0,81.0,,,,27,,Ronnie,Hollingshead,Hollingshead,,,0,0,0,0,0,0,0,0,0,0,0,0,0,,,,0.0,0.0,0.0,0.0,0.0,0,0,0
768,a,,,4.0,735,212.0,0,0.0,0,0.0,0.0,717,248.0,0,0,0.0,631.0,246.0,0,0,0.0,523.0,221.0,0.0,0.0,0.0,596,1,466,5,0.5,0.0,0.0,0.0,0.0,0.0,0.0,0.0,0.0,0.0,0.0,620.0,245.0,0.0,613.0,245.0,0.0,583.0,242.0,0.0,623.0,245.0,,,,27,,Leon,Routh,Leon Routh,,,0,0,0,0,0,0,0,0,0,0,0,0,0,,,,0.0,0.0,0.0,0.0,0.0,0,0,0
781,a,,,4.0,729,206.0,0,0.0,0,0.0,0.0,736,255.0,0,0,0.0,627.0,242.0,0,0,0.0,519.0,217.0,0.0,0.0,0.0,563,1,300,4,0.5,0.0,0.0,0.0,0.0,0.0,0.0,0.0,0.0,0.0,0.0,616.0,241.0,0.0,609.0,241.0,0.0,578.0,237.0,0.0,619.0,241.0,,,,27,,TJ,Carroll,Carroll,,,0,0,0,0,0,0,0,0,0,0,0,0,0,,,,0.0,0.0,0.0,0.0,0.0,0,0,0
792,i,0.0,0.0,5.0,283,176.0,0,0.0,0,0.0,0.0,809,360.0,1,0,1.0,495.0,230.0,0,4,0.2,379.0,167.0,0.0,0.2,0.0,172,2,128,1,0.0,0.0,0.0,0.01,0.01,0.11,0.0,0.06,0.06,0.62,0.0,791.0,348.0,0.5,471.0,227.0,4.0,431.0,214.0,0.5,485.0,223.0,,,,27,,Alysson Edward Franco,da Rocha dos Santos,Alysson,Knock - Unknown return date,,16,0,0,0,0,0,0,0,0,0,0,0,1,,,,0.0,0.0,0.0,0.0,5.62,0,0,1
808,a,,,6.0,86,27.0,0,0.0,0,0.0,0.3,329,54.0,9,5,2.2,311.0,34.0,0,41,2.2,166.0,23.0,0.4,1.5,0.0,57379,1915,24421,219,2.7,2.2,0.89,0.08,0.97,1.13,0.65,0.06,0.71,0.82,9.2,457.0,54.0,14.2,400.0,53.0,43.0,325.0,51.0,6.6,431.0,54.0,,,,27,,Tammy,Abraham,Abraham,,,124,1,0,0,1,0,0,0,0,0,0,1,5,,,,0.0,0.0,0.73,0.73,3.63,1,1,3
183,a,,,4.3,603,30.0,0,0.0,-2,2.0,0.1,450,66.0,0,0,0.0,649.0,90.0,0,0,0.0,558.0,85.0,0.0,0.0,0.0,7210,14,16794,10,-0.5,-1.0,0.0,0.0,0.0,0.0,0.0,0.0,0.0,0.0,0.0,638.0,90.0,0.0,635.0,82.0,0.0,610.0,70.0,0.0,641.0,90.0,,,,27,,Max,Weiß,Weiss,,,0,0,0,0,0,0,0,0,0,0,0,0,0,,,,0.0,0.0,0.0,0.0,0.0,0,0,0
184,u,0.0,0.0,4.0,690,57.0,0,0.0,0,0.0,0.2,399,57.0,0,0,0.0,596.0,76.0,0,0,0.0,484.0,68.0,0.0,0.0,0.0,4943,0,33688,3,0.0,0.0,0.0,0.0,0.0,0.0,0.0,0.0,0.0,0.0,0.0,585.0,76.0,0.0,578.0,64.0,0.0,545.0,50.0,0.0,588.0,76.0,,,,27,,Etienne,Green,Green,has joined FC Fredericia permanently.,,0,0,0,0,0,0,0,0,0,0,0,0,0,,,,0.0,0.0,0.0,0.0,0.0,0,0,0
185,a,,,3.9,737,67.0,0,0.0,-1,1.0,0.2,401,59.0,0,0,0.0,536.0,36.0,0,0,0.0,421.0,27.0,0.0,0.0,0.0,14620,5,19789,2,-0.5,-1.0,0.0,0.0,0.0,0.0,0.0,0.0,0.0,0.0,0.0,525.0,36.0,0.0,514.0,20.0,0.0,479.0,6.0,0.0,528.0,36.0,,,,27,,Václav,Hladký,Hladký,,,0,0,0,0,0,0,0,0,0,0,0,0,0,,,,0.0,0.0,0.0,0.0,0.0,0,0,0
186,i,0.0,0.0,4.4,524,104.0,0,0.0,-1,1.0,0.0,649,228.0,0,0,0.0,664.0,252.0,0,0,0.0,578.0,237.0,0.0,0.0,0.0,1539,3,9091,1,0.0,0.0,0.0,0.0,0.0,0.0,0.0,0.0,0.0,0.0,0.0,653.0,251.0,0.0,650.0,251.0,0.0,627.0,250.0,0.0,656.0,251.0,,,,27,,Connor,Roberts,Roberts,Achilles injury - Unknown return date,,0,0,0,0,0,0,0,0,0,0,0,0,0,,,,0.0,0.0,0.0,0.0,0.0,0,0,0
187,a,100.0,100.0,4.4,518,99.0,0,0.0,-1,1.0,1.1,182,69.0,52,1,2.0,327.0,122.0,3,153,1.4,224.0,84.0,0.3,11.8,0.0,145626,56,256037,94,0.9,0.4,0.12,0.97,1.09,50.46,0.0,0.04,0.04,1.99,369.2,114.0,51.0,158.7,183.0,44.0,22.0,366.0,125.0,55.2,210.0,69.0,,,,27,,Kyle,Walker,Walker,,,2281,0,2,3,49,0,0,0,8,0,0,26,204,,,,0.0,0.12,1.93,1.03,5.96,36,115,116
190,a,,,3.9,763,223.0,0,0.0,-1,1.0,0.8,207,78.0,44,0,2.9,200.0,79.0,2,121,0.0,440.0,173.0,0.0,11.3,0.0,246658,13,200067,87,-0.5,-1.0,0.21,0.24,0.45,22.73,0.02,0.02,0.04,1.74,273.8,194.0,81.0,43.1,346.0,120.0,78.0,259.0,74.0,39.5,276.0,93.0,,,,27,,Hjalmar,Ekdal,Ekdal,,,1179,0,0,2,24,0,0,0,0,0,0,13,146,,,,0.0,0.15,1.83,0.99,10.08,19,113,31
191,a,100.0,100.0,3.9,762,222.0,0,0.0,-1,1.0,7.9,47,17.0,59,2,2.5,265.0,102.0,0,197,2.4,134.0,46.0,0.6,15.1,0.0,745065,324,1905330,456,1.9,1.4,0.58,0.53,1.11,47.68,0.03,0.02,0.05,2.08,484.2,59.0,27.0,86.6,265.0,85.0,76.0,262.0,75.0,64.9,166.0,54.0,,,,27,,Maxime,Estève,Estève,,,2059,0,0,2,48,2,0,0,0,0,0,24,254,,,,0.0,0.09,2.1,1.05,9.97,30,198,77
192,a,,,4.0,693,178.0,0,0.0,0,0.0,0.7,226,87.0,46,0,3.1,166.0,64.0,0,170,0.0,487.0,193.0,0.0,11.5,0.0,183046,13,173349,97,-0.5,-1.0,0.19,1.51,1.7,30.28,0.01,0.1,0.11,2.04,305.4,169.0,72.0,228.9,124.0,32.0,57.0,299.0,92.0,59.2,191.0,63.0,1.0,,,27,,Quilindschy,Hartman,Hartman,,,1337,0,5,2,28,0,0,0,1,0,0,15,124,,,,0.0,0.13,1.88,1.01,7.0,31,73,49
193,a,100.0,100.0,3.9,758,220.0,0,0.0,-1,1.0,0.1,436,161.0,32,2,2.9,199.0,78.0,1,135,2.0,168.0,57.0,0.5,8.2,0.0,17182,20,12728,18,1.5,1.0,0.22,0.47,0.69,18.24,0.02,0.05,0.07,1.87,202.8,250.0,102.0,66.6,297.0,98.0,46.0,314.0,100.0,31.4,313.0,106.0,,,,27,,Bashir,Humphreys,Humphreys,,,879,0,2,1,18,0,0,0,3,0,0,9,81,,,,0.0,0.1,1.84,0.92,8.29,19,62,33
194,i,0.0,0.0,3.9,754,217.0,0,0.0,-1,1.0,0.1,562,202.0,0,0,0.0,548.0,200.0,0,0,0.0,434.0,170.0,0.0,0.0,0.0,1784,3,15295,4,0.0,0.0,0.0,0.0,0.0,0.0,0.0,0.0,0.0,0.0,0.0,537.0,199.0,0.0,527.0,199.0,0.0,492.0,191.0,0.0,540.0,199.0,,,,27,,Jordan,Beyer,Jordan,Hamstring injury - Unknown return date,,0,0,0,0,0,0,0,0,0,0,0,0,0,,,,0.0,0.0,0.0,0.0,0.0,0,0,0
195,a,100.0,100.0,3.8,807,256.0,0,0.0,-2,2.0,0.3,313,116.0,17,1,1.4,419.0,149.0,0,78,0.8,278.0,99.0,0.2,4.5,0.0,46171,41,33992,44,0.3,-0.2,0.31,0.97,1.28,18.44,0.03,0.1,0.13,1.83,144.6,294.0,113.0,171.0,172.0,43.0,55.0,302.0,93.0,37.0,283.0,95.0,,,,27,,Lucas,Pires Silva,Lucas Pires,,,906,0,0,1,19,0,0,0,0,1,0,10,66,,,,0.0,0.1,1.89,0.99,6.56,22,44,56
196,u,0.0,0.0,4.0,679,170.0,0,0.0,0,0.0,0.0,615,218.0,0,0,0.0,588.0,217.0,0,0,0.0,476.0,188.0,0.0,0.0,0.0,202,0,9636,2,0.0,0.0,0.0,0.0,0.0,0.0,0.0,0.0,0.0,0.0,0.0,577.0,216.0,0.0,570.0,216.0,0.0,537.0,210.0,0.0,580.0,216.0,,,,27,,Shurandy,Sambo,Sambo,has joined Sparta Rotterdam on loan for the rest of the season.,,0,0,0,0,0,0,0,0,0,0,0,0,0,,,,0.0,0.0,0.0,0.0,0.0,0,0,0
200,a,100.0,100.0,5.0,259,158.0,0,0.0,-5,5.0,1.8,142,46.0,86,2,3.3,144.0,62.0,6,339,3.0,93.0,43.0,0.6,17.2,0.0,1211117,158,1083155,136,2.5,2.0,3.19,1.8,4.99,38.31,0.16,0.09,0.25,1.97,400.0,95.0,30.0,340.7,62.0,49.0,357.0,49.0,30.0,109.7,47.0,33.0,2.0,,,27,,Jaidon,Anthony,Anthony,,,1748,6,2,3,37,0,0,0,4,0,0,21,159,,,,0.0,0.15,1.91,1.08,8.19,29,35,95
201,u,0.0,0.0,5.4,162,99.0,0,0.0,-1,1.0,0.0,703,294.0,0,0,0.0,795.0,351.0,0,0,0.0,774.0,338.0,0.0,0.0,0.0,1070,0,3139,0,0.0,0.0,0.0,0.0,0.0,0.0,0.0,0.0,0.0,0.0,0.0,795.0,351.0,0.0,794.0,351.0,0.0,792.0,350.0,0.0,795.0,351.0,,,,27,,Manuel,Benson Hedilazio,Benson,has joined Maccabi Haifa permanently.,,0,0,0,0,0,0,0,0,0,0,0,0,0,,,,0.0,0.0,0.0,0.0,0.0,0,0,0
202,a,100.0,100.0,5.3,189,116.0,0,0.0,-2,2.0,0.0,625,243.0,35,1,1.6,394.0,176.0,0,104,0.8,289.0,126.0,0.2,6.6,0.0,5789,3,8390,4,0.3,-0.2,1.35,1.06,2.41,20.84,0.13,0.1,0.23,2.05,113.2,325.0,147.0,178.6,163.0,115.0,124.0,210.0,114.0,41.6,266.0,132.0,3.0,1.0,3.0,27,,Jacob,Bruun Larsen,Bruun Larsen,,,916,0,1,3,23,0,0,0,0,0,0,9,60,,,,0.0,0.29,2.26,0.88,5.9,12,20,28
203,a,,,4.7,394,246.0,0,0.0,-3,3.0,0.0,593,224.0,0,0,0.0,756.0,323.0,0,0,0.0,698.0,284.0,0.0,0.0,0.0,3975,10,7001,7,-0.5,-1.0,0.0,0.0,0.0,0.0,0.0,0.0,0.0,0.0,0.0,755.0,322.0,0.0,751.0,323.0,0.0,742.0,320.0,0.0,756.0,323.0,,,,27,,Enock,Agyei,Boateng,,,0,0,0,0,0,0,0,0,0,0,0,0,0,,,,0.0,0.0,0.0,0.0,0.0,0,0,0
204,u,0.0,0.0,4.9,321,200.0,0,0.0,-1,1.0,0.0,723,302.0,0,0,0.0,767.0,330.0,0,0,0.0,722.0,301.0,0.0,0.0,0.0,160,0,2079,0,0.0,0.0,0.0,0.0,0.0,0.0,0.0,0.0,0.0,0.0,0.0,766.0,329.0,0.0,763.0,330.0,0.0,757.0,328.0,0.0,767.0,330.0,,,,27,,Darko,Churlinov,Churlinov,has joined Kocaelispor  permanently.,,0,0,0,0,0,0,0,0,0,0,0,0,0,,,,0.0,0.0,0.0,0.0,0.0,0,0,0
205,i,0.0,0.0,4.9,297,185.0,0,0.0,-1,1.0,0.9,202,70.0,70,0,3.9,81.0,39.0,8,321,0.0,713.0,295.0,0.0,14.3,0.0,568319,3,535594,112,0.0,0.0,0.94,1.36,2.3,32.5,0.06,0.08,0.14,1.93,342.0,131.0,44.0,218.1,129.0,89.0,98.0,235.0,130.0,66.0,158.0,88.0,,,,27,,Josh,Cullen,Cullen,Knee injury - Expected back 30 Sep,,1513,2,2,3,29,1,0,0,2,0,0,18,173,,,,0.0,0.18,1.73,1.07,10.29,32,68,73
206,a,,,4.7,381,238.0,0,0.0,-3,3.0,0.1,431,145.0,43,2,2.5,270.0,114.0,2,155,2.6,117.0,55.0,0.6,9.1,0.0,24524,32,20878,37,2.1,1.6,1.44,1.65,3.09,17.71,0.15,0.17,0.32,1.84,162.8,277.0,120.0,238.8,116.0,81.0,172.0,142.0,81.0,57.3,199.0,103.0,,3.0,,27,,Marcus,Edwards,Edwards,,,867,1,3,1,15,0,0,0,0,0,0,9,51,,,,0.0,0.1,1.56,0.93,5.29,8,6,37
207,a,100.0,100.0,4.7,389,242.0,0,0.0,-3,3.0,0.1,459,157.0,37,1,1.9,342.0,150.0,2,161,2.8,104.0,49.0,0.6,7.9,0.0,16027,45,23846,14,2.3,1.8,0.46,1.07,1.53,17.77,0.06,0.13,0.19,2.22,124.0,313.0,142.0,170.0,173.0,117.0,56.0,300.0,159.0,35.0,292.0,144.0,,4.0,,27,,Hannibal,Mejbri,Hannibal,,,720,1,2,1,17,0,0,0,6,0,0,8,67,,,,0.0,0.12,2.12,1.0,8.38,15,8,44
208,u,0.0,0.0,5.0,266,161.0,0,0.0,0,0.0,0.0,733,308.0,0,0,0.0,784.0,343.0,0,0,0.0,747.0,318.0,0.0,0.0,0.0,68,0,3022,0,0.0,0.0,0.0,0.0,0.0,0.0,0.0,0.0,0.0,0.0,0.0,783.0,342.0,0.0,782.0,343.0,0.0,778.0,341.0,0.0,784.0,343.0,,,,27,,Luca,Koleosho,Koleosho,has joined Paris FC on loan for the rest of the season.,,0,0,0,0,0,0,0,0,0,0,0,0,0,,,,0.0,0.0,0.0,0.0,0.0,0,0,0
209,a,,,4.8,353,221.0,0,0.0,-2,2.0,0.0,611,236.0,46,1,1.9,343.0,151.0,1,200,0.8,282.0,122.0,0.2,9.6,0.0,5747,5,6063,2,0.3,-0.2,0.6,0.38,0.98,29.81,0.04,0.03,0.07,2.01,238.4,213.0,93.0,104.6,240.0,149.0,75.0,265.0,143.0,41.9,264.0,131.0,,,,27,,Josh,Laurent,Laurent,,,1336,1,0,1,31,0,0,0,6,0,0,13,142,,,,0.0,0.07,2.09,0.88,9.57,33,65,44
210,a,,,4.9,333,208.0,0,0.0,-1,1.0,0.0,627,245.0,36,1,1.8,367.0,161.0,0,120,0.6,309.0,138.0,0.1,7.3,0.0,4751,0,5847,3,0.1,-0.4,0.86,0.57,1.43,14.61,0.1,0.06,0.16,1.64,88.4,353.0,157.0,78.2,282.0,164.0,101.0,230.0,127.0,26.8,335.0,160.0,,2.0,,27,,Loum,Tchaouna,Tchaouna,,,804,1,1,2,12,0,0,0,1,0,0,9,48,,,,0.0,0.22,1.34,1.01,5.37,14,11,23
212,u,0.0,0.0,4.5,480,292.0,0,0.0,0,0.0,0.0,761,325.0,0,0,0.0,728.0,301.0,0,0,0.0,659.0,255.0,0.0,0.0,0.0,0,0,2753,0,0.0,0.0,0.0,0.0,0.0,0.0,0.0,0.0,0.0,0.0,0.0,725.0,298.0,0.0,721.0,300.0,0.0,706.0,295.0,0.0,727.0,300.0,,,,27,,Oluwaseun,Adewumi,Adewumi,Has joined Cercle Brugge on loan for the rest of the season.,,0,0,0,0,0,0,0,0,0,0,0,0,0,,,,0.0,0.0,0.0,0.0,0.0,0,0,0
213,u,0.0,0.0,4.5,467,284.0,0,0.0,0,0.0,0.0,613,238.0,1,0,1.0,475.0,214.0,0,2,0.0,648.0,247.0,0.0,0.2,0.0,7482,0,8890,7,0.0,0.0,0.0,0.0,0.0,0.05,0.0,0.0,0.0,0.5,0.0,714.0,291.0,0.5,470.0,226.0,0.0,694.0,287.0,0.0,716.0,293.0,,,,27,,Jaydon,Banel,Banel,has joined Derby County on loan for the rest of the season.,,9,0,0,0,0,0,0,0,0,0,0,0,0,,,,0.0,0.0,0.0,0.0,0.0,0,0,0
214,i,0.0,0.0,4.4,537,321.0,0,0.0,-1,1.0,0.1,565,208.0,4,0,1.0,465.0,205.0,0,10,0.0,582.0,199.0,0.0,0.9,0.0,11817,2,15653,7,0.0,0.0,0.0,0.0,0.0,0.46,0.0,0.0,0.0,2.18,0.6,496.0,227.0,0.4,474.0,229.0,2.0,441.0,217.0,0.3,493.0,227.0,,,,27,,Mike,Trésor Ndayishimiye,Trésor,Ankle injury - Unknown return date,,19,0,0,0,1,0,0,0,0,0,0,0,2,,,,0.0,0.0,4.74,0.0,9.47,0,0,2
215,a,100.0,100.0,5.3,196,47.0,0,0.0,-2,2.0,0.3,338,56.0,53,6,2.8,224.0,24.0,3,197,2.2,159.0,22.0,0.4,10.0,0.0,146596,171,143191,44,1.7,1.2,4.07,0.18,4.25,19.06,0.4,0.02,0.42,1.87,213.8,241.0,20.0,66.0,298.0,30.0,286.0,71.0,25.0,55.6,207.0,26.0,,,1.0,27,,Zian,Flemming,Flemming,,,915,6,0,2,16,0,0,0,3,0,0,11,49,,,,0.0,0.2,1.57,1.08,4.82,6,26,17
216,i,0.0,0.0,4.8,369,63.0,0,0.0,-2,2.0,0.0,671,86.0,0,0,0.0,759.0,83.0,0,0,0.0,707.0,74.0,0.0,0.0,0.0,1960,3,6166,2,0.0,0.0,0.0,0.0,0.0,0.0,0.0,0.0,0.0,0.0,0.0,758.0,83.0,0.0,754.0,82.0,0.0,747.0,82.0,0.0,759.0,83.0,,,,27,,Zeki,Amdouni,Amdouni,Knee injury - Expected back 25 Apr,,0,0,0,0,0,0,0,0,0,0,0,0,0,,,,0.0,0.0,0.0,0.0,0.0,0,0,0
217,a,100.0,100.0,4.9,324,60.0,0,0.0,-1,1.0,0.8,206,32.0,46,0,2.4,287.0,30.0,4,170,1.8,193.0,25.0,0.4,9.4,0.0,447670,61,437408,93,1.3,0.8,2.25,0.26,2.51,21.21,0.2,0.02,0.22,1.87,175.2,267.0,24.0,110.1,225.0,24.0,163.0,151.0,36.0,44.2,251.0,28.0,,,,27,,Lyle,Foster,Foster,,,1019,3,1,3,22,0,0,0,3,0,0,12,60,,,,0.0,0.26,1.94,1.06,5.3,11,19,30
218,a,,,4.2,623,87.0,0,0.0,-3,3.0,1.5,156,25.0,2,1,1.0,458.0,56.0,0,3,0.2,361.0,48.0,0.0,0.5,0.0,215133,323,322075,252,-0.3,-0.8,0.11,0.0,0.11,0.48,0.66,0.0,0.66,2.88,0.2,500.0,62.0,0.3,476.0,60.0,7.0,413.0,57.0,0.8,478.0,58.0,,,2.0,27,,Ashley,Barnes,Barnes,,,15,0,0,0,1,0,0,0,1,0,0,0,2,,,,0.0,0.0,6.0,0.0,12.0,0,0,2
219,u,0.0,0.0,4.4,527,75.0,0,0.0,-1,1.0,0.1,466,67.0,0,0,0.0,665.0,68.0,0,0,0.0,580.0,58.0,0.0,0.0,0.0,4151,0,40480,3,0.0,0.0,0.0,0.0,0.0,0.0,0.0,0.0,0.0,0.0,0.0,654.0,68.0,0.0,651.0,67.0,0.0,628.0,67.0,0.0,657.0,68.0,,,,27,,Michael,Obafemi,Obafemi,has joined Blackpool on loan for the rest of the season.,,0,0,0,0,0,0,0,0,0,0,0,0,0,,,,0.0,0.0,0.0,0.0,0.0,0,0,0
470,a,100.0,100.0,4.0,659,41.0,0,0.0,0,0.0,32.6,9,2.0,78,2,2.9,201.0,20.0,7,350,2.0,169.0,12.0,0.5,19.5,0.0,1662157,946,1365071,1283,1.5,1.0,0.0,0.03,0.03,53.71,0.0,0.0,0.0,1.99,762.2,4.0,1.0,0.0,552.0,48.0,0.0,518.0,34.0,76.4,122.0,1.0,,,,27,,Martin,Dúbravka,Dúbravka,,,2430,0,0,3,52,0,0,0,1,0,101,27,96,,,,3.74,0.11,1.93,1.0,0.0,1,49,214
614,a,100.0,100.0,5.6,123,76.0,0,0.0,-4,4.0,0.2,390,127.0,16,4,2.3,298.0,131.0,0,105,1.0,273.0,120.0,0.2,2.9,0.0,17175,50,46891,10,0.5,0.0,0.13,1.05,1.18,7.98,0.03,0.21,0.24,1.58,58.8,392.0,174.0,180.3,161.0,113.0,6.0,422.0,207.0,24.5,341.0,164.0,,,,27,,James,Ward-Prowse,Ward-Prowse,,,454,0,1,1,11,0,0,0,0,0,0,5,26,,,,0.0,0.2,2.18,0.99,5.15,5,10,11
676,a,100.0,100.0,5.0,272,167.0,0,0.0,0,0.0,0.1,448,153.0,78,1,3.0,193.0,80.0,5,290,2.6,120.0,57.0,0.5,15.6,0.0,40511,22,35535,25,2.1,1.6,2.15,0.25,2.4,40.16,0.11,0.01,0.12,2.05,349.4,127.0,41.0,141.4,194.0,130.0,177.0,136.0,78.0,66.5,157.0,87.0,,,,27,,Lesley,Ugochukwu,Ugochukwu,,,1766,3,2,3,38,0,0,0,1,1,0,21,175,,,,0.0,0.15,1.94,1.07,8.92,44,52,79
680,i,0.0,0.0,5.2,213,49.0,0,0.0,-3,3.0,0.2,384,61.0,38,0,2.0,332.0,38.0,2,105,0.8,288.0,40.0,0.2,7.3,0.0,47338,1,55428,128,0.0,0.0,2.14,0.13,2.27,20.84,0.24,0.01,0.25,2.33,96.2,347.0,35.0,62.2,309.0,32.0,203.0,112.0,29.0,35.8,290.0,34.0,,,,27,,Armando,Broja,Broja,Knock - Expected back 14 Mar,,805,1,1,1,25,0,0,0,0,0,0,8,41,,,,0.0,0.11,2.8,0.89,4.58,6,11,24
722,a,,,5.0,251,153.0,0,0.0,0,0.0,0.0,603,230.0,64,0,2.9,206.0,84.0,0,271,1.4,232.0,96.0,0.3,12.8,0.0,14457,4,12262,13,0.9,0.4,0.55,0.38,0.93,36.11,0.03,0.02,0.05,2.06,320.8,151.0,53.0,169.4,175.0,119.0,44.0,320.0,168.0,53.7,214.0,106.0,,,,27,,Florentino Ibrain,Morris Luís,Florentino,,,1580,0,2,2,35,0,0,0,4,0,0,19,237,,,,0.0,0.11,1.99,1.08,13.5,74,81,82
776,a,,,4.5,509,314.0,0,0.0,0,0.0,0.0,787,345.0,0,0,0.0,748.0,316.0,0,0,0.0,684.0,274.0,0.0,0.0,0.0,465,3,189,0,-0.5,-1.0,0.0,0.0,0.0,0.0,0.0,0.0,0.0,0.0,0.0,747.0,315.0,0.0,742.0,316.0,0.0,728.0,312.0,0.0,748.0,316.0,,,,27,,Oliver,Pimlott,Pimlott,,,0,0,0,0,0,0,0,0,0,0,0,0,0,,,,0.0,0.0,0.0,0.0,0.0,0,0,0
784,a,,,4.5,516,320.0,0,0.0,0,0.0,0.0,800,354.0,0,0,0.0,753.0,321.0,0,0,0.0,691.0,280.0,0.0,0.0,0.0,362,3,235,1,-0.5,-1.0,0.0,0.0,0.0,0.0,0.0,0.0,0.0,0.0,0.0,752.0,320.0,0.0,747.0,321.0,0.0,734.0,318.0,0.0,753.0,321.0,,,,27,,George,Brierley,Brierley,,,0,0,0,0,0,0,0,0,0,0,0,0,0,,,,0.0,0.0,0.0,0.0,0.0,0,0,0
66,u,0.0,0.0,4.5,406,21.0,0,0.0,0,0.0,0.1,568,77.0,0,0,0.0,687.0,92.0,0,0,0.0,609.0,88.0,0.0,0.0,0.0,0,0,16470,4,0.0,0.0,0.0,0.0,0.0,0.0,0.0,0.0,0.0,0.0,0.0,680.0,92.0,0.0,675.0,84.0,0.0,655.0,73.0,0.0,683.0,92.0,,,,27,,Norberto,Murara Neto,Neto,Has joined Botafogo permanently.,,0,0,0,0,0,0,0,0,0,0,0,0,0,,,,0.0,0.0,0.0,0.0,0.0,0,0,0
67,a,,,4.5,435,24.0,0,0.0,0,0.0,4.4,81,15.0,83,7,3.1,169.0,17.0,3,342,4.8,19.0,2.0,1.1,18.4,0.0,862738,1389,724296,241,4.8,4.8,0.0,0.0,0.0,40.97,0.0,0.0,0.0,1.52,580.4,28.0,8.0,0.0,691.0,87.0,0.0,673.0,76.0,58.3,194.0,8.0,,,,27,,Đorđe,Petrović,Petrović,,,2430,0,0,7,45,1,0,0,2,0,83,27,98,,,,3.07,0.26,1.67,1.0,0.0,0,52,208
68,u,0.0,0.0,4.0,678,51.0,0,0.0,0,0.0,0.8,210,27.0,0,0,0.0,587.0,70.0,0,0,0.0,475.0,62.0,0.0,0.0,0.0,47217,0,84405,55,0.0,0.0,0.0,0.0,0.0,0.0,0.0,0.0,0.0,0.0,0.0,576.0,70.0,0.0,569.0,58.0,0.0,536.0,44.0,0.0,579.0,70.0,,,,27,,Will,Dennis,Dennis,has joined Leyton Orient on loan for the rest of the season.,,0,0,0,0,0,0,0,0,0,0,0,0,0,,,,0.0,0.0,0.0,0.0,0.0,0,0,0
69,a,,,3.9,777,92.0,0,0.0,-1,1.0,0.2,347,49.0,0,0,0.0,567.0,60.0,0,0,0.0,454.0,51.0,0.0,0.0,0.0,20231,42,17806,17,0.0,0.0,0.0,0.0,0.0,0.0,0.0,0.0,0.0,0.0,0.0,556.0,60.0,0.0,546.0,45.0,0.0,511.0,31.0,0.0,559.0,60.0,,,,27,,Callan,McKenna,McKenna,,,0,0,0,0,0,0,0,0,0,0,0,0,0,,,,0.0,0.0,0.0,0.0,0.0,0,0,0
70,u,0.0,0.0,4.0,694,58.0,0,0.0,0,0.0,0.1,570,78.0,0,0,0.0,599.0,77.0,0,0,0.0,488.0,69.0,0.0,0.0,0.0,1107,0,10355,1,0.0,0.0,0.0,0.0,0.0,0.0,0.0,0.0,0.0,0.0,0.0,588.0,77.0,0.0,581.0,65.0,0.0,548.0,51.0,0.0,591.0,77.0,,,,27,,Alex,Paulsen,Paulsen,Has joined Lechia Gdansk on loan for the rest of the season.,,0,0,0,0,0,0,0,0,0,0,0,0,0,,,,0.0,0.0,0.0,0.0,0.0,0,0,0
71,u,0.0,0.0,5.0,264,41.0,0,0.0,0,0.0,0.0,667,233.0,0,0,0.0,783.0,262.0,0,0,0.0,746.0,257.0,0.0,0.0,0.0,0,0,8195,0,0.0,0.0,0.0,0.0,0.0,0.0,0.0,0.0,0.0,0.0,0.0,782.0,262.0,0.0,781.0,262.0,0.0,777.0,262.0,0.0,783.0,262.0,,,,27,,Illia,Zabarnyi,Zabarnyi,Has joined Paris Saint-Germain permanently.,,0,0,0,0,0,0,0,0,0,0,0,0,0,,,,0.0,0.0,0.0,0.0,0.0,0,0,0
72,a,100.0,100.0,4.8,360,60.0,0,0.0,3,-3.0,15.7,21,7.0,111,5,4.3,41.0,16.0,6,367,4.0,38.0,14.0,0.8,23.1,0.0,4653285,4481,2983796,1685,4.0,4.0,1.24,4.36,5.6,39.02,0.05,0.17,0.22,1.53,801.6,3.0,1.0,291.5,87.0,21.0,148.0,165.0,35.0,124.3,31.0,1.0,,,,27,,Marcos,Senesi Barón,Senesi,,,2298,0,4,7,44,0,0,0,8,0,0,26,356,,,,0.0,0.27,1.72,1.02,12.26,44,269,109
73,a,100.0,100.0,4.4,517,98.0,0,0.0,-1,1.0,0.2,385,143.0,30,1,1.9,338.0,126.0,0,86,2.0,174.0,62.0,0.5,6.8,0.0,25343,20,40645,23,2.0,2.0,0.0,0.11,0.11,12.46,0.0,0.01,0.01,1.54,82.6,359.0,135.0,32.3,366.0,129.0,18.0,379.0,132.0,13.3,388.0,139.0,,,,27,,Adam,Smith,Smith,,,727,0,1,3,15,0,0,0,2,0,0,10,44,,,,0.0,0.37,1.86,1.24,5.08,7,34,18
74,a,,,4.5,450,91.0,0,0.0,0,0.0,1.9,136,53.0,95,6,3.5,117.0,43.0,7,348,4.8,20.0,5.0,1.1,21.1,0.0,539723,1025,404340,200,4.8,4.8,0.39,1.71,2.1,38.67,0.01,0.06,0.07,1.46,538.4,42.0,18.0,343.2,60.0,12.0,90.0,246.0,68.0,97.1,72.0,17.0,,,,27,,Adrien,Truffert,Truffert,,,2388,0,2,7,42,0,0,0,3,0,0,27,270,,,,0.0,0.26,1.58,1.02,8.29,74,146,132
75,d,75.0,75.0,3.8,802,251.0,0,0.0,-2,2.0,0.2,383,142.0,0,0,0.0,528.0,194.0,0,0,0.0,412.0,162.0,0.0,0.0,0.0,14207,7,32076,11,0.0,0.0,0.0,0.0,0.0,0.0,0.0,0.0,0.0,0.0,0.0,517.0,193.0,0.0,504.0,191.0,0.0,468.0,182.0,0.0,520.0,193.0,,,,27,,Matai,Akinmboni,Akinmboni,Lack of match fitness - 75% chance of playing,,0,0,0,0,0,0,0,0,0,0,0,0,0,,,,0.0,0.0,0.0,0.0,0.0,0,0,0
76,a,,,3.8,800,249.0,0,0.0,-2,2.0,0.2,387,145.0,0,0,0.0,527.0,193.0,0,0,0.0,410.0,160.0,0.0,0.0,0.0,14458,31,18531,17,0.0,0.0,0.0,0.0,0.0,0.0,0.0,0.0,0.0,0.0,0.0,516.0,192.0,0.0,503.0,190.0,0.0,467.0,181.0,0.0,519.0,192.0,,,,27,,Owen,Bevan,Bevan,,,0,0,0,0,0,0,0,0,0,0,0,0,0,,,,0.0,0.0,0.0,0.0,0.0,0,0,0
77,a,,,4.0,685,173.0,0,0.0,0,0.0,4.7,73,22.0,65,6,3.6,102.0,37.0,2,213,7.0,4.0,2.0,1.8,16.2,0.0,647707,10907,140488,249,7.0,7.0,0.23,0.83,1.05,17.67,0.02,0.07,0.09,1.43,309.8,159.0,69.0,69.3,294.0,97.0,59.0,294.0,89.0,44.0,254.0,85.0,,,,27,,James,Hill,Hill,,,1112,0,3,4,15,0,0,0,2,0,0,11,148,,,,0.0,0.32,1.21,0.89,11.25,23,116,33
78,u,0.0,0.0,3.8,792,241.0,0,0.0,-2,2.0,0.5,255,95.0,0,0,0.0,521.0,187.0,0,0,0.0,403.0,153.0,0.0,0.0,0.0,47440,0,130821,37,0.0,0.0,0.0,0.0,0.0,0.0,0.0,0.0,0.0,0.0,0.0,510.0,186.0,0.0,497.0,184.0,0.0,461.0,175.0,0.0,513.0,186.0,,,,27,,Julián,Araujo Zúñiga,J.Araujo,has joined Celtic on loan for the rest of the season.,,0,0,0,0,0,0,0,0,0,0,0,0,0,,,,0.0,0.0,0.0,0.0,0.0,0,0,0
79,u,0.0,0.0,4.0,671,167.0,0,0.0,0,0.0,0.1,541,193.0,0,0,0.0,580.0,214.0,0,0,0.0,468.0,185.0,0.0,0.0,0.0,1400,0,16648,0,0.0,0.0,0.0,0.0,0.0,0.0,0.0,0.0,0.0,0.0,0.0,569.0,213.0,0.0,562.0,213.0,0.0,529.0,207.0,0.0,572.0,213.0,,,,27,,Chris,Mepham,Mepham,has joined West Bromwich Albion permanently.,,0,0,0,0,0,0,0,0,0,0,0,0,0,,,,0.0,0.0,0.0,0.0,0.0,0,0,0
80,i,0.0,0.0,4.0,714,192.0,0,0.0,0,0.0,0.2,377,138.0,3,0,1.0,453.0,165.0,0,2,0.0,506.0,205.0,0.0,0.8,0.0,17325,3,32611,20,0.0,0.0,0.0,0.0,0.0,1.62,0.0,0.0,0.0,4.29,1.8,484.0,173.0,2.5,448.0,163.0,2.0,435.0,161.0,0.6,483.0,170.0,,,,27,,Julio,Soler Barreto,Soler,Hamstring injury - Expected back 01 Jun,,34,0,0,0,2,0,0,0,0,0,0,0,1,,,,0.0,0.0,5.29,0.0,2.65,1,0,4
81,i,0.0,0.0,7.0,35,21.0,0,0.0,0,0.0,0.6,235,82.0,40,0,2.2,313.0,137.0,3,147,0.0,813.0,365.0,0.0,5.7,0.0,190167,8,249741,53,0.0,0.0,2.24,1.54,3.78,16.78,0.22,0.15,0.37,1.65,146.6,293.0,132.0,304.1,84.0,63.0,128.0,202.0,110.0,57.8,197.0,102.0,4.0,2.0,1.0,27,,Justin,Kluivert,Kluivert,Knee injury - Expected back 09 May,,914,2,0,4,18,0,0,0,4,0,0,10,62,,,,0.0,0.39,1.77,0.98,6.11,10,8,44
84,a,100.0,50.0,5.3,191,118.0,0,0.0,-2,2.0,1.0,186,64.0,95,1,4.1,59.0,26.0,8,343,0.2,387.0,172.0,0.0,17.9,0.0,840468,298,798845,204,0.2,0.1,5.12,2.43,7.55,27.61,0.26,0.12,0.38,1.4,421.0,80.0,26.0,439.9,33.0,31.0,330.0,57.0,34.0,119.3,39.0,29.0,2.0,1.0,4.0,27,,Marcus,Tavernier,Tavernier,,,1772,5,3,7,36,0,0,0,3,0,0,20,164,,,,0.0,0.36,1.83,1.02,8.33,27,44,93
85,a,100.0,100.0,4.9,301,188.0,0,0.0,-1,1.0,0.3,335,116.0,55,5,3.4,130.0,57.0,3,260,1.0,264.0,115.0,0.2,11.2,0.0,77523,38,92384,9,1.0,1.0,0.56,0.33,0.89,19.05,0.04,0.02,0.06,1.36,266.2,199.0,81.0,74.0,290.0,168.0,105.0,226.0,125.0,44.7,249.0,125.0,,,,27,,Tyler,Adams,Adams,,,1261,2,1,5,23,0,0,0,5,0,0,16,160,,,,0.0,0.36,1.64,1.14,11.42,37,57,66
86,a,100.0,100.0,5.0,244,149.0,0,0.0,0,0.0,0.2,393,130.0,45,1,2.0,330.0,144.0,4,177,0.4,338.0,152.0,0.1,9.0,0.0,71772,25,77473,12,0.4,0.4,4.51,2.82,7.33,15.75,0.42,0.26,0.68,1.46,192.8,258.0,108.0,299.0,86.0,64.0,381.0,39.0,24.0,85.8,100.0,58.0,5.0,3.0,,27,,David,Brooks,Brooks,,,969,1,2,4,17,0,0,0,7,0,0,11,78,,,,0.0,0.37,1.58,1.02,7.24,15,16,47
87,a,100.0,100.0,4.9,292,182.0,0,0.0,-1,1.0,0.1,559,205.0,25,1,1.5,411.0,183.0,0,113,1.2,243.0,104.0,0.2,5.1,0.0,9234,7,15325,10,1.2,1.2,1.39,0.39,1.78,11.42,0.26,0.07,0.33,2.15,112.0,327.0,149.0,125.3,208.0,138.0,129.0,199.0,109.0,36.8,284.0,139.0,,,,27,,Ryan,Christie,Christie,,,478,1,1,0,10,0,0,0,1,0,0,2,55,,,,0.0,0.0,1.88,0.38,10.36,12,14,29
88,a,100.0,100.0,4.9,291,181.0,0,0.0,-1,1.0,0.1,560,206.0,38,0,2.4,284.0,122.0,0,184,2.4,137.0,62.0,0.5,7.8,0.0,11647,25,7766,26,2.4,2.4,0.07,0.52,0.59,13.49,0.01,0.05,0.06,1.4,206.0,248.0,105.0,183.3,158.0,110.0,12.0,391.0,196.0,40.4,273.0,135.0,,,,27,,Lewis,Cook,Cook,,,870,0,1,1,18,0,0,0,1,1,0,8,143,,,,0.0,0.1,1.86,0.83,14.79,25,56,62
89,u,0.0,0.0,4.9,294,184.0,0,0.0,-1,1.0,0.0,673,273.0,0,0,0.0,762.0,326.0,0,0,0.0,712.0,294.0,0.0,0.0,0.0,598,0,6627,0,0.0,0.0,0.0,0.0,0.0,0.0,0.0,0.0,0.0,0.0,0.0,761.0,325.0,0.0,758.0,326.0,0.0,751.0,324.0,0.0,762.0,326.0,,,,27,,Philip,Billing,Philip,has joined Midtjylland permanently.,,0,0,0,0,0,0,0,0,0,0,0,0,0,,,,0.0,0.0,0.0,0.0,0.0,0,0,0
90,a,100.0,100.0,5.0,271,166.0,0,0.0,0,0.0,1.0,198,68.0,95,5,3.5,123.0,54.0,6,413,5.8,11.0,5.0,1.2,19.0,0.0,185515,1254,83646,236,5.8,5.8,2.58,1.31,3.89,33.34,0.12,0.06,0.18,1.54,367.6,115.0,38.0,249.6,109.0,75.0,200.0,116.0,67.0,81.3,111.0,61.0,1.0,,,27,,Alex,Scott,Scott,,,1948,2,2,7,33,0,0,0,2,0,0,24,257,,,,0.0,0.32,1.52,1.11,11.87,40,93,124
91,u,0.0,0.0,5.0,253,154.0,0,0.0,0,0.0,0.0,737,310.0,0,0,0.0,779.0,339.0,0,0,0.0,741.0,313.0,0.0,0.0,0.0,396,0,3887,0,0.0,0.0,0.0,0.0,0.0,0.0,0.0,0.0,0.0,0.0,0.0,778.0,338.0,0.0,776.0,339.0,0.0,773.0,337.0,0.0,779.0,339.0,,,,27,,Luis,Sinisterra Lucumí,Sinisterra,has joined Cruzeiro on loan for the rest of the season.,,0,0,0,0,0,0,0,0,0,0,0,0,0,,,,0.0,0.0,0.0,0.0,0.0,0,0,0
92,u,0.0,0.0,4.5,431,258.0,0,0.0,0,0.0,0.1,554,202.0,0,0,0.0,698.0,275.0,0,0,0.0,624.0,225.0,0.0,0.0,0.0,4403,0,19560,4,0.0,0.0,0.0,0.0,0.0,0.0,0.0,0.0,0.0,0.0,0.0,691.0,269.0,0.0,688.0,273.0,0.0,670.0,266.0,0.0,694.0,272.0,,,,27,,Romain,Faivre,Faivre,has joined Auxerre permanently.,,0,0,0,0,0,0,0,0,0,0,0,0,0,,,,0.0,0.0,0.0,0.0,0.0,0,0,0
93,u,0.0,0.0,4.5,426,255.0,0,0.0,0,0.0,0.3,327,111.0,4,0,4.0,66.0,29.0,0,12,0.0,620.0,222.0,0.0,0.9,0.0,114900,0,165184,5,0.0,0.0,0.0,0.0,0.0,0.4,0.0,0.0,0.0,2.25,21.2,440.0,193.0,10.0,418.0,207.0,0.0,666.0,263.0,3.1,456.0,206.0,,,,27,,Hamed,Traorè,H.Traorè,has joined Marseille on loan for the rest of the season.,,16,0,1,0,2,0,0,0,0,0,0,0,4,,,,0.0,0.0,11.25,0.0,22.5,1,1,2
94,u,0.0,0.0,4.5,466,283.0,0,0.0,0,0.0,0.0,639,253.0,0,0,0.0,719.0,295.0,0,0,0.0,647.0,246.0,0.0,0.0,0.0,3895,0,8181,2,0.0,0.0,0.0,0.0,0.0,0.0,0.0,0.0,0.0,0.0,0.0,713.0,290.0,0.0,710.0,293.0,0.0,693.0,286.0,0.0,715.0,292.0,,,,27,,Dominic,Sadi,Sadi,has joined Novi Pazar on loan for the rest of the season.,,0,0,0,0,0,0,0,0,0,0,0,0,0,,,,0.0,0.0,0.0,0.0,0.0,0,0,0
95,u,0.0,0.0,4.4,552,331.0,0,0.0,-1,1.0,0.1,577,214.0,0,0,0.0,674.0,262.0,0,0,0.0,591.0,207.0,0.0,0.0,0.0,15405,0,21468,1,0.0,0.0,0.0,0.0,0.0,0.0,0.0,0.0,0.0,0.0,0.0,664.0,253.0,0.0,661.0,259.0,0.0,639.0,249.0,0.0,667.0,256.0,,,,27,,Zain,Silcott-Duberry,Silcott-Duberry,has joined Olympiakos permanently.,,0,0,0,0,0,0,0,0,0,0,0,0,0,,,,0.0,0.0,0.0,0.0,0.0,0,0,0
96,u,0.0,0.0,4.5,496,305.0,0,0.0,0,0.0,0.0,638,252.0,1,0,1.0,482.0,220.0,0,3,0.0,674.0,267.0,0.0,0.2,0.0,2964,0,9975,0,0.0,0.0,0.0,0.0,0.0,0.31,0.0,0.0,0.0,4.65,0.0,738.0,308.0,0.0,733.0,309.0,0.0,719.0,305.0,0.0,739.0,309.0,,,,27,,Ben,Winterburn,Winterburn,has joined Barnet on loan for the rest of the season.,,6,0,0,0,2,0,0,0,0,0,0,0,0,,,,0.0,0.0,30.0,0.0,0.0,0,0,0
97,a,100.0,100.0,6.9,40,16.0,0,0.0,-1,1.0,2.6,114,19.0,79,2,3.2,164.0,14.0,5,278,3.0,100.0,11.0,0.4,11.4,0.0,1078325,759,1021594,1580,3.0,3.0,7.35,0.92,8.27,27.49,0.35,0.04,0.39,1.31,251.0,208.0,16.0,279.7,90.0,3.0,608.0,14.0,9.0,113.6,43.0,10.0,,,,27,,Francisco Evanilson,de Lima Barbosa,Evanilson,,,1895,5,3,7,33,0,0,0,1,0,0,22,79,,,,0.0,0.33,1.57,1.04,3.75,7,24,48
98,a,100.0,100.0,5.4,161,42.0,0,0.0,-1,1.0,0.0,598,81.0,18,1,1.3,432.0,53.0,1,49,1.0,271.0,33.0,0.2,3.3,0.0,12878,19,10287,11,1.0,1.0,1.05,0.05,1.1,3.24,0.63,0.03,0.66,1.93,39.2,411.0,46.0,8.7,428.0,55.0,61.0,291.0,49.0,10.3,403.0,49.0,,,,27,,Enes,Ünal,Enes Ünal,,,151,1,0,0,2,0,0,0,1,0,0,0,9,,,,0.0,0.0,1.19,0.0,5.36,0,5,4
99,u,0.0,0.0,4.4,566,82.0,0,0.0,-1,1.0,0.1,430,63.0,0,0,0.0,684.0,75.0,0,0,0.0,604.0,65.0,0.0,0.0,0.0,22144,0,44213,2,0.0,0.0,0.0,0.0,0.0,0.0,0.0,0.0,0.0,0.0,0.0,676.0,75.0,0.0,672.0,74.0,0.0,651.0,74.0,0.0,679.0,75.0,,,,27,,Daniel,Adu-Adjei,Adu-Adjei,has joined HNK Rijeka permanently.,,0,0,0,0,0,0,0,0,0,0,0,0,0,,,,0.0,0.0,0.0,0.0,0.0,0,0,0
100,a,,,4.7,393,65.0,0,0.0,2,-2.0,7.3,54,10.0,69,2,3.1,172.0,15.0,7,319,2.6,118.0,14.0,0.6,14.7,0.0,1760024,2613,994945,1996,2.6,2.6,4.39,0.65,5.04,16.08,0.41,0.06,0.47,1.51,323.4,147.0,13.0,144.7,191.0,17.0,313.0,62.0,23.0,78.2,119.0,16.0,,,,27,,Junior,Kroupi,Kroupi.Jr,,,956,8,0,5,17,0,0,0,3,0,0,12,68,,,,0.0,0.47,1.6,1.13,6.4,7,26,35
391,i,0.0,0.0,4.8,370,231.0,0,0.0,-2,2.0,0.0,636,250.0,7,0,1.8,366.0,160.0,0,22,0.0,708.0,291.0,0.0,1.5,0.0,4613,1,8050,1,0.0,0.0,0.09,0.09,0.18,2.66,0.15,0.15,0.3,4.52,21.2,441.0,194.0,14.0,401.0,199.0,11.0,393.0,198.0,4.7,447.0,201.0,,,,27,,Ben,Gannon-Doak,Gannon-Doak,Hamstring injury - Unknown return date,,53,0,1,0,1,0,0,0,0,0,0,0,3,,,,0.0,0.0,1.7,0.0,5.09,2,1,0
685,a,100.0,100.0,4.2,635,148.0,0,0.0,-3,3.0,0.3,321,117.0,46,0,2.6,251.0,98.0,2,164,0.2,365.0,135.0,0.0,11.0,0.0,97781,18,94176,28,0.2,0.2,0.02,0.19,0.21,22.47,0.0,0.01,0.01,1.59,267.0,198.0,82.0,54.3,323.0,110.0,22.0,363.0,122.0,34.4,298.0,99.0,,,,27,,Bafodé,Diakité,Diakité,,,1275,0,0,4,27,0,0,0,1,0,0,15,147,,,,0.0,0.28,1.91,1.06,8.26,20,97,48
687,a,,,4.3,618,362.0,0,0.0,-2,2.0,0.2,395,132.0,0,0,0.0,658.0,252.0,0,0,0.0,570.0,195.0,0.0,0.0,0.0,21604,83,17684,26,0.0,0.0,0.0,0.0,0.0,0.0,0.0,0.0,0.0,0.0,0.0,647.0,242.0,0.0,644.0,248.0,0.0,620.0,237.0,0.0,650.0,245.0,,,,27,,Remy,Rees-Dottin,Rees-Dottin,,,0,0,0,0,0,0,0,0,0,0,0,0,0,,,,0.0,0.0,0.0,0.0,0.0,0,0,0
697,a,,,5.4,178,109.0,0,0.0,-1,1.0,0.6,230,80.0,58,3,2.5,272.0,116.0,4,212,6.0,8.0,4.0,1.1,10.7,0.0,100715,1504,24777,210,6.0,6.0,2.49,1.47,3.96,14.14,0.25,0.15,0.4,1.42,243.2,210.0,90.0,187.6,153.0,106.0,227.0,100.0,61.0,65.2,164.0,89.0,,6.0,,27,,Amine,Adli,Adli,,,898,3,2,3,14,0,0,0,2,0,0,9,104,,,,0.0,0.3,1.4,0.9,10.42,31,24,49
713,a,,,4.5,468,93.0,0,0.0,0,0.0,0.2,354,127.0,53,6,2.3,292.0,110.0,0,197,4.0,37.0,13.0,0.9,11.8,0.0,46267,122,21359,60,4.0,4.0,0.93,0.87,1.8,31.58,0.05,0.05,0.1,1.7,285.4,184.0,76.0,157.2,184.0,45.0,157.0,158.0,34.0,60.0,189.0,62.0,,,,27,,Álex,Jiménez Sánchez,A.Jimenez,,,1675,1,2,4,32,0,0,0,8,0,0,19,119,,,,0.0,0.21,1.72,1.02,5.59,48,56,89
721,a,100.0,100.0,4.4,568,120.0,0,0.0,-1,1.0,0.0,656,230.0,19,0,2.7,234.0,92.0,0,63,0.0,605.0,240.0,0.0,4.3,0.0,6183,4,5785,1,0.0,0.0,0.15,0.19,0.34,4.42,0.04,0.05,0.09,1.08,98.4,343.0,132.0,13.9,402.0,146.0,10.0,396.0,143.0,12.2,396.0,141.0,,,,27,,Veljko,Milosavljevic,Milosavljević,,,367,0,0,1,6,0,0,0,0,0,0,4,42,,,,0.0,0.25,1.47,0.98,9.56,5,34,13
756,a,,,4.5,514,318.0,0,0.0,0,0.0,0.0,744,315.0,0,0,0.0,751.0,319.0,0,0,0.0,689.0,278.0,0.0,0.0,0.0,1585,3,972,2,0.0,0.0,0.0,0.0,0.0,0.0,0.0,0.0,0.0,0.0,0.0,750.0,318.0,0.0,745.0,319.0,0.0,732.0,316.0,0.0,751.0,319.0,,,,27,,Malcom,DaCosta,DaCosta,,,0,0,0,0,0,0,0,0,0,0,0,0,0,,,,0.0,0.0,0.0,0.0,0.0,0,0,0
782,a,,,4.0,658,40.0,0,0.0,0,0.0,0.0,678,80.0,0,0,0.0,572.0,62.0,0,0,0.0,459.0,53.0,0.0,0.0,0.0,2291,12,658,3,0.0,0.0,0.0,0.0,0.0,0.0,0.0,0.0,0.0,0.0,0.0,561.0,62.0,0.0,551.0,47.0,0.0,517.0,33.0,0.0,564.0,62.0,,,,27,,Fraser,Forster,Forster,,,0,0,0,0,0,0,0,0,0,0,0,0,0,,,,0.0,0.0,0.0,0.0,0.0,0,0,0
799,a,,,4.5,511,315.0,0,0.0,0,0.0,0.0,784,343.0,0,0,0.0,749.0,317.0,0,0,0.0,686.0,275.0,0.0,0.0,0.0,470,4,136,1,0.0,0.0,0.0,0.0,0.0,0.0,0.0,0.0,0.0,0.0,0.0,748.0,316.0,0.0,743.0,317.0,0.0,729.0,313.0,0.0,749.0,317.0,,,,27,,Charlie,Stevens,Stevens,,,0,0,0,0,0,0,0,0,0,0,0,0,0,,,,0.0,0.0,0.0,0.0,0.0,0,0,0
801,a,,,5.0,281,175.0,0,0.0,0,0.0,0.0,757,323.0,3,0,1.0,494.0,229.0,0,10,0.6,312.0,140.0,0.1,0.6,0.0,817,3,299,5,0.6,0.6,0.06,0.08,0.14,2.34,0.08,0.11,0.19,3.19,6.0,468.0,212.0,23.2,381.0,195.0,8.0,410.0,201.0,3.7,451.0,204.0,,,,27,,Alex,Tóth,Tóth.A,,,66,0,0,0,1,0,0,0,0,0,0,1,8,,,,0.0,0.0,1.36,1.36,10.91,1,2,5
806,a,,,4.0,676,50.0,0,0.0,0,0.0,0.0,770,88.0,0,0,0.0,585.0,69.0,0,0,0.0,473.0,61.0,0.0,0.0,0.0,474,7,149,1,0.0,0.0,0.0,0.0,0.0,0.0,0.0,0.0,0.0,0.0,0.0,574.0,69.0,0.0,567.0,57.0,0.0,534.0,43.0,0.0,577.0,69.0,,,,27,,Christos,Mandas,Mandas,,,0,0,0,0,0,0,0,0,0,0,0,0,0,,,,0.0,0.0,0.0,0.0,0.0,0,0,0
27,a,100.0,100.0,4.8,356,224.0,0,0.0,-2,2.0,0.1,489,172.0,6,0,1.0,486.0,224.0,0,19,0.0,701.0,287.0,0.0,1.2,0.0,10329,8,17955,8,0.5,0.0,0.61,0.07,0.68,1.21,1.1,0.13,1.23,2.18,16.4,447.0,199.0,4.0,443.0,214.0,16.0,384.0,194.0,3.4,454.0,205.0,,,,27,,Reiss,Nelson,Nelson,,,50,0,0,0,1,0,0,0,0,0,0,0,17,,,,0.0,0.0,1.8,0.0,30.6,2,3,12
83,a,100.0,100.0,5.8,111,70.0,0,0.0,-2,2.0,1.2,171,57.0,89,2,4.2,54.0,24.0,10,261,4.8,22.0,11.0,0.8,15.3,0.0,582725,4837,455763,305,5.3,4.8,5.32,1.78,7.1,20.22,0.33,0.11,0.44,1.25,300.4,176.0,68.0,184.6,157.0,109.0,410.0,30.0,15.0,88.9,90.0,53.0,2.0,,,27,,Dango,Ouattara,O.Dango,,,1456,5,5,3,21,0,0,0,4,0,0,16,125,,,,0.0,0.19,1.3,0.99,7.73,14,54,57
101,a,100.0,100.0,4.6,397,19.0,0,0.0,1,-1.0,10.9,33,6.0,98,2,3.6,105.0,12.0,6,377,3.2,77.0,6.0,0.7,21.3,0.0,1096848,6629,965184,622,3.7,3.2,0.0,0.04,0.04,37.44,0.0,0.0,0.0,1.39,589.4,25.0,6.0,20.0,389.0,4.0,0.0,736.0,79.0,61.0,183.0,6.0,,,,27,,Caoimhín,Kelleher,Kelleher,,,2430,0,0,6,37,0,3,0,1,0,73,27,95,,,,2.7,0.22,1.37,1.0,0.0,1,34,204
102,a,,,3.9,753,79.0,0,0.0,-1,1.0,0.3,333,45.0,0,0,0.0,547.0,47.0,0,0,0.0,433.0,38.0,0.0,0.0,0.0,15692,15,23381,12,0.5,0.0,0.0,0.0,0.0,0.0,0.0,0.0,0.0,0.0,0.0,536.0,47.0,0.0,526.0,32.0,0.0,491.0,18.0,0.0,539.0,47.0,,,,27,,Ellery,Balcombe,Balcombe,,,0,0,0,0,0,0,0,0,0,0,0,0,0,,,,0.0,0.0,0.0,0.0,0.0,0,0,0
103,u,0.0,0.0,3.9,769,87.0,0,0.0,-1,1.0,0.1,419,62.0,0,0,0.0,559.0,55.0,0,0,0.0,446.0,46.0,0.0,0.0,0.0,11791,0,14015,8,0.0,0.0,0.0,0.0,0.0,0.0,0.0,0.0,0.0,0.0,0.0,548.0,55.0,0.0,538.0,40.0,0.0,503.0,26.0,0.0,551.0,55.0,,,,27,,Matthew,Cox,Cox,has joined Shrewsbury Town on loan for the rest of the season.,,0,0,0,0,0,0,0,0,0,0,0,0,0,,,,0.0,0.0,0.0,0.0,0.0,0,0,0
104,a,,,3.9,773,89.0,0,0.0,-1,1.0,0.1,455,68.0,0,0,0.0,563.0,57.0,0,0,0.0,450.0,48.0,0.0,0.0,0.0,12807,1,9937,8,0.5,0.0,0.0,0.0,0.0,0.0,0.0,0.0,0.0,0.0,0.0,552.0,57.0,0.0,542.0,42.0,0.0,507.0,28.0,0.0,555.0,57.0,,,,27,,Julian,Eyestone,Eyestone,,,0,0,0,0,0,0,0,0,0,0,0,0,0,,,,0.0,0.0,0.0,0.0,0.0,0,0,0
105,a,,,3.9,770,88.0,0,0.0,-1,1.0,0.6,239,31.0,0,0,0.0,560.0,56.0,0,0,0.0,447.0,47.0,0.0,0.0,0.0,37114,7,70936,16,0.5,0.0,0.0,0.0,0.0,0.0,0.0,0.0,0.0,0.0,0.0,549.0,56.0,0.0,539.0,41.0,0.0,504.0,27.0,0.0,552.0,56.0,,,,27,,Hákon Rafn,Valdimarsson,Valdimarsson,,,0,0,0,0,0,0,0,0,0,0,0,0,0,,,,0.0,0.0,0.0,0.0,0.0,0,0,0
106,a,,,5.0,258,39.0,0,0.0,0,0.0,2.9,108,43.0,93,1,3.7,96.0,36.0,7,314,0.6,311.0,108.0,0.1,18.6,0.0,617224,810,452295,2036,1.1,0.6,1.57,1.03,2.6,31.42,0.07,0.04,0.11,1.37,641.2,14.0,5.0,103.9,242.0,68.0,242.0,92.0,10.0,98.9,66.0,12.0,,,,27,,Nathan,Collins,Collins,,,2071,1,2,5,32,1,0,0,4,0,0,22,268,,,,0.0,0.22,1.39,0.96,10.26,23,213,94
107,a,,,4.8,365,62.0,0,0.0,-2,2.0,1.7,145,57.0,77,0,3.1,173.0,67.0,3,199,2.2,156.0,56.0,0.5,16.0,0.0,433537,1179,274093,782,2.7,2.2,2.02,0.99,3.01,20.34,0.16,0.08,0.24,1.62,214.6,240.0,95.0,155.3,185.0,46.0,213.0,105.0,15.0,58.3,195.0,64.0,,,,27,,Keane,Lewis-Potter,Lewis-Potter,,,1131,3,1,6,20,0,0,0,1,0,0,13,60,,,,0.0,0.48,1.59,1.03,3.26,15,26,48
108,a,100.0,100.0,4.4,523,103.0,0,0.0,-1,1.0,0.2,353,126.0,63,1,3.0,185.0,73.0,1,176,3.2,72.0,26.0,0.7,14.3,0.0,32114,170,29174,51,3.7,3.2,0.69,0.64,1.33,23.25,0.04,0.04,0.08,1.45,320.4,152.0,66.0,32.6,364.0,128.0,143.0,176.0,39.0,49.7,231.0,76.0,,,,27,,Kristoffer,Ajer,Ajer,,,1447,0,2,4,23,0,0,0,2,0,0,17,162,,,,0.0,0.25,1.43,1.06,9.64,31,124,43
109,a,,,4.3,580,128.0,0,0.0,-2,2.0,0.2,388,146.0,47,1,2.0,325.0,120.0,0,123,2.4,135.0,47.0,0.6,10.9,0.0,20165,130,20265,21,2.9,2.4,0.18,0.46,0.64,22.96,0.01,0.03,0.04,1.7,104.0,333.0,125.0,52.0,327.0,111.0,27.0,352.0,116.0,18.3,366.0,127.0,,,,27,,Rico,Henry,Henry,,,1212,0,1,4,19,0,0,0,2,0,0,12,73,,,,0.0,0.3,1.41,0.89,4.68,13,50,67
110,d,75.0,,4.5,497,96.0,0,0.0,0,0.0,0.7,212,80.0,73,0,2.8,218.0,86.0,6,345,1.8,190.0,69.0,0.4,16.2,0.0,181561,403,121430,420,1.7,1.8,0.27,2.36,2.63,35.62,0.01,0.09,0.1,1.41,416.8,84.0,37.0,360.3,53.0,8.0,73.0,271.0,79.0,85.2,102.0,28.0,,,,27,,Michael,Kayode,Kayode,Knock - 75% chance of playing,,2268,0,1,6,34,0,0,0,6,0,0,26,207,,,,0.0,0.24,1.35,1.03,6.43,51,111,117
111,a,100.0,100.0,4.2,632,146.0,0,0.0,-3,3.0,0.1,457,167.0,4,0,1.3,424.0,153.0,0,21,0.0,531.0,224.0,0.0,1.0,0.0,11943,13,26318,14,0.5,0.0,0.0,0.06,0.06,3.18,0.0,0.02,0.02,1.26,62.8,387.0,149.0,1.1,461.0,169.0,12.0,390.0,140.0,7.6,424.0,151.0,,,,27,,Ethan,Pinnock,Pinnock,,,228,0,0,0,5,1,0,0,1,0,0,3,33,,,,0.0,0.0,1.97,1.18,11.45,4,25,9
112,u,0.0,0.0,4.5,423,82.0,0,0.0,0,0.0,0.0,706,243.0,0,0,0.0,694.0,256.0,0,0,0.0,618.0,244.0,0.0,0.0,0.0,211,0,3926,0,0.0,0.0,0.0,0.0,0.0,0.0,0.0,0.0,0.0,0.0,0.0,687.0,255.0,0.0,683.0,255.0,0.0,664.0,255.0,0.0,690.0,255.0,,,,27,,Mads,Roerslev Rasmussen,Roerslev,Has joined Southampton permanently.,,0,0,0,0,0,0,0,0,0,0,0,0,0,,,,0.0,0.0,0.0,0.0,0.0,0,0,0
113,a,100.0,100.0,4.5,432,85.0,0,0.0,0,0.0,0.7,214,82.0,71,3,3.2,154.0,61.0,3,259,3.8,42.0,16.0,0.8,15.8,0.0,222006,794,195477,95,4.3,3.8,2.37,0.48,2.85,29.25,0.11,0.02,0.13,1.35,432.2,74.0,32.0,55.1,322.0,109.0,190.0,128.0,25.0,67.8,152.0,50.0,,,,27,,Sepp,van den Berg,Van den Berg,,,1943,0,1,4,31,0,0,0,1,0,0,21,223,,,,0.0,0.19,1.44,0.97,8.94,14,179,74
114,u,0.0,0.0,3.8,812,260.0,0,0.0,-2,2.0,0.2,378,139.0,0,0,0.0,534.0,199.0,0,0,0.0,419.0,168.0,0.0,0.0,0.0,12981,0,29539,12,0.0,0.0,0.0,0.0,0.0,0.0,0.0,0.0,0.0,0.0,0.0,523.0,198.0,0.0,512.0,198.0,0.0,477.0,190.0,0.0,526.0,198.0,,,,27,,Benjamin,Arthur,Arthur,has joined Celtic on loan for the rest of the season.,,0,0,0,0,0,0,0,0,0,0,0,0,0,,,,0.0,0.0,0.0,0.0,0.0,0,0,0
115,u,0.0,0.0,4.0,725,202.0,0,0.0,0,0.0,0.1,526,188.0,0,0,0.0,625.0,240.0,0,0,0.0,517.0,215.0,0.0,0.0,0.0,2020,0,14292,1,0.0,0.0,0.0,0.0,0.0,0.0,0.0,0.0,0.0,0.0,0.0,614.0,239.0,0.0,607.0,239.0,0.0,575.0,234.0,0.0,617.0,239.0,,,,27,,Benjamin,Fredrick,Fredrick,has joined Dender on loan for the rest of the season.,,0,0,0,0,0,0,0,0,0,0,0,0,0,,,,0.0,0.0,0.0,0.0,0.0,0,0,0
116,d,75.0,100.0,4.0,686,174.0,0,0.0,0,0.0,0.4,271,99.0,33,1,1.8,355.0,130.0,0,94,0.8,279.0,100.0,0.2,8.2,0.0,65777,33,69673,70,1.0,0.8,0.4,0.17,0.57,6.53,0.06,0.03,0.09,1.0,74.0,375.0,143.0,14.3,399.0,145.0,42.0,326.0,105.0,12.8,390.0,140.0,,,,27,,Aaron,Hickey,Hickey,Knock - 75% chance of playing,,588,0,0,2,8,0,0,0,1,0,0,7,49,,,,0.0,0.31,1.22,1.07,6.43,12,30,33
117,u,0.0,0.0,3.9,778,228.0,0,0.0,-1,1.0,0.1,518,184.0,0,0,0.0,568.0,207.0,0,0,0.0,455.0,178.0,0.0,0.0,0.0,4108,0,15546,3,0.0,0.0,0.0,0.0,0.0,0.0,0.0,0.0,0.0,0.0,0.0,557.0,206.0,0.0,547.0,206.0,0.0,512.0,198.0,0.0,560.0,206.0,,,,27,,Kim,Ji-soo,Ji-soo,has joined Kaiserslautern on loan for the rest of the season.,,0,0,0,0,0,0,0,0,0,0,0,0,0,,,,0.0,0.0,0.0,0.0,0.0,0,0,0
118,u,0.0,0.0,4.0,696,180.0,0,0.0,0,0.0,0.0,610,216.0,0,0,0.0,601.0,223.0,0,0,0.0,490.0,195.0,0.0,0.0,0.0,279,0,10953,0,0.0,0.0,0.0,0.0,0.0,0.0,0.0,0.0,0.0,0.0,0.0,590.0,222.0,0.0,583.0,222.0,0.0,550.0,216.0,0.0,593.0,222.0,,,,27,,Jayden,Meghoma,Meghoma,Has joined Rangers on loan for the rest of the season.,,0,0,0,0,0,0,0,0,0,0,0,0,0,,,,0.0,0.0,0.0,0.0,0.0,0,0,0
120,a,100.0,100.0,6.9,44,26.0,0,0.0,-1,1.0,1.2,179,60.0,87,1,3.6,115.0,51.0,5,295,0.2,391.0,176.0,0.0,12.6,0.0,761041,1191,675070,475,0.7,0.2,8.57,1.78,10.35,25.65,0.41,0.08,0.49,1.21,432.0,75.0,24.0,304.7,83.0,62.0,613.0,12.0,4.0,134.6,23.0,19.0,,,3.0,27,,Kevin,Schade,Schade,,,1902,6,4,7,22,0,0,1,6,1,0,22,146,,,,0.0,0.33,1.04,1.04,6.91,32,44,70
121,a,100.0,100.0,5.6,129,79.0,0,0.0,-4,4.0,0.4,269,94.0,64,1,2.8,227.0,92.0,3,280,0.8,293.0,129.0,0.1,11.4,0.0,99895,53,169343,57,1.3,0.8,1.44,3.68,5.11,19.72,0.1,0.25,0.35,1.35,308.4,162.0,59.0,477.2,24.0,23.0,176.0,137.0,79.0,96.2,75.0,44.0,1.0,3.0,,27,,Mikkel,Damsgaard,Damsgaard,,,1315,1,3,2,22,0,0,0,0,0,0,15,152,,,,0.0,0.14,1.51,1.03,10.4,37,29,86
122,i,0.0,0.0,5.2,217,135.0,0,0.0,-3,3.0,0.0,650,261.0,1,0,1.0,498.0,233.0,0,5,0.0,764.0,331.0,0.0,0.2,0.0,2018,1,6915,1,0.0,0.0,0.0,0.01,0.01,1.49,0.0,0.02,0.02,2.98,4.0,475.0,218.0,1.8,453.0,217.0,0.0,788.0,348.0,0.6,484.0,222.0,,,,27,,Antoni,Milambo,Milambo,Knee injury - Expected back 01 Jun,,45,0,0,0,3,0,0,0,0,0,0,1,4,,,,0.0,0.0,6.0,2.0,8.0,2,0,2
123,i,0.0,0.0,4.7,386,241.0,0,0.0,-3,3.0,0.1,465,160.0,13,0,2.2,305.0,134.0,1,42,0.0,694.0,282.0,0.0,2.8,0.0,27210,2,51266,4,0.0,0.0,0.7,0.03,0.73,2.08,0.63,0.03,0.66,1.87,39.0,413.0,182.0,6.5,433.0,211.0,36.0,338.0,177.0,8.1,418.0,190.0,4.0,,4.0,27,,Fábio,Freitas Gouveia Carvalho,Carvalho,Knee injury - Expected back 01 Jun,,100,1,0,0,4,0,0,0,0,0,0,1,8,,,,0.0,0.0,3.6,0.9,7.2,3,0,5
124,a,100.0,100.0,5.0,241,148.0,0,0.0,0,0.0,0.3,297,103.0,64,2,2.6,257.0,107.0,5,287,1.2,244.0,105.0,0.2,12.8,0.0,97564,37,98487,41,1.7,1.2,0.33,2.07,2.4,22.21,0.02,0.12,0.14,1.29,281.4,186.0,73.0,279.5,91.0,67.0,43.0,324.0,170.0,60.3,186.0,99.0,,,,27,,Jordan,Henderson,Henderson,,,1555,1,3,4,24,0,0,0,4,0,0,18,144,,,,0.0,0.23,1.39,1.04,8.33,22,44,78
125,a,100.0,100.0,4.9,303,189.0,0,0.0,-1,1.0,0.3,310,106.0,70,1,3.2,158.0,67.0,6,300,3.4,68.0,34.0,0.7,14.3,0.0,64735,133,28839,102,3.9,3.4,0.83,1.88,2.71,20.24,0.06,0.14,0.2,1.45,329.0,139.0,47.0,309.0,78.0,59.0,89.0,248.0,135.0,72.4,136.0,75.0,5.0,,,27,,Vitaly,Janelt,Janelt,,,1253,1,4,5,16,0,0,0,7,0,0,13,164,,,,0.0,0.36,1.15,0.93,11.78,24,66,74
126,a,,,4.9,306,191.0,0,0.0,-1,1.0,0.1,494,176.0,59,2,2.4,286.0,124.0,0,281,3.2,81.0,38.0,0.7,12.0,0.0,15677,41,16870,15,3.7,3.2,1.86,3.61,5.47,19.85,0.13,0.25,0.38,1.39,224.0,227.0,99.0,322.9,70.0,53.0,130.0,197.0,108.0,67.6,154.0,84.0,3.0,,5.0,27,,Mathias,Jensen,Jensen,,,1285,2,2,5,18,0,0,0,2,0,0,15,108,,,,0.0,0.35,1.26,1.05,7.56,22,24,62
127,u,0.0,0.0,4.9,347,216.0,0,0.0,-1,1.0,0.0,713,297.0,0,0,0.0,775.0,336.0,0,0,0.0,736.0,310.0,0.0,0.0,0.0,1544,0,2232,1,0.0,0.0,0.0,0.0,0.0,0.0,0.0,0.0,0.0,0.0,0.0,774.0,335.0,0.0,771.0,336.0,0.0,766.0,334.0,0.0,775.0,336.0,,,,27,,Gustavo,Nunes Fernandes Gomes,Nunes,has joined Swansea City on loan for the rest of the season.,,0,0,0,0,0,0,0,0,0,0,0,0,0,,,,0.0,0.0,0.0,0.0,0.0,0,0,0
128,u,0.0,0.0,4.8,366,228.0,0,0.0,-2,2.0,0.0,607,234.0,12,0,2.0,328.0,142.0,0,41,0.0,706.0,290.0,0.0,2.5,0.0,5396,0,8788,2,0.0,0.0,0.0,0.36,0.36,2.02,0.0,0.37,0.37,2.07,28.4,430.0,191.0,13.6,403.0,200.0,4.0,429.0,212.0,4.6,448.0,202.0,,,,27,,Frank,Onyeka,Onyeka,has joined Coventry City on loan for the rest of the season.,,88,0,2,0,2,0,0,0,0,0,0,0,10,,,,0.0,0.0,2.05,0.0,10.23,2,3,5
129,a,100.0,100.0,5.0,273,168.0,0,0.0,0,0.0,0.1,463,158.0,74,0,2.7,240.0,98.0,0,318,1.4,233.0,97.0,0.3,14.8,0.0,23566,10,19530,35,1.9,1.4,1.19,1.12,2.31,29.25,0.06,0.05,0.11,1.37,309.2,161.0,58.0,196.9,149.0,103.0,108.0,221.0,121.0,61.3,182.0,98.0,,,,27,,Yehor,Yarmoliuk,Yarmoliuk,,,1915,1,2,5,30,0,0,0,6,0,0,22,240,,,,0.0,0.23,1.41,1.03,11.28,50,54,136
130,a,,,4.4,567,340.0,0,0.0,-1,1.0,0.1,475,165.0,3,1,1.0,471.0,211.0,0,13,0.4,328.0,146.0,0.1,0.7,0.0,14939,28,17960,15,0.9,0.4,0.07,0.01,0.08,0.24,0.32,0.04,0.36,1.08,5.0,469.0,213.0,10.9,411.0,204.0,13.0,388.0,195.0,2.9,457.0,207.0,,,,27,,Romelle,Donovan,Donovan,,,20,0,0,0,0,0,0,0,0,0,0,0,2,,,,0.0,0.0,0.0,0.0,9.0,0,0,2
131,u,0.0,0.0,4.3,622,366.0,0,0.0,-2,2.0,0.2,407,137.0,0,0,0.0,661.0,255.0,0,0,0.0,573.0,198.0,0.0,0.0,0.0,38108,0,43607,17,0.0,0.0,0.0,0.0,0.0,0.0,0.0,0.0,0.0,0.0,0.0,650.0,245.0,0.0,647.0,251.0,0.0,623.0,240.0,0.0,653.0,248.0,,,,27,,Yunus Emre,Konak,Konak,has joined Oxford United on loan for the rest of the season.,,0,0,0,0,0,0,0,0,0,0,0,0,0,,,,0.0,0.0,0.0,0.0,0.0,0,0,0
133,u,0.0,0.0,4.4,541,323.0,0,0.0,-1,1.0,0.0,630,247.0,1,0,1.0,466.0,206.0,0,2,0.0,585.0,201.0,0.0,0.2,0.0,3881,0,6277,2,0.0,0.0,0.0,0.0,0.0,0.0,0.0,0.0,0.0,0.0,0.0,658.0,247.0,0.0,655.0,253.0,0.0,632.0,242.0,0.0,661.0,250.0,,,,27,,Myles,Peart-Harris,Peart-Harris,has joined Oxford United permanently.,,1,0,0,0,0,0,0,0,0,0,0,0,0,,,,0.0,0.0,0.0,0.0,0.0,0,0,0
134,u,0.0,0.0,4.5,489,300.0,0,0.0,0,0.0,0.0,782,341.0,0,0,0.0,734.0,306.0,0,0,0.0,668.0,263.0,0.0,0.0,0.0,0,0,946,0,0.0,0.0,0.0,0.0,0.0,0.0,0.0,0.0,0.0,0.0,0.0,732.0,304.0,0.0,727.0,305.0,0.0,713.0,301.0,0.0,733.0,305.0,,,,27,,Ryan,Trevitt,Trevitt,Has joined Wigan on loan for the rest of the season,,0,0,0,0,0,0,0,0,0,0,0,0,0,,,,0.0,0.0,0.0,0.0,0.0,0,0,0
136,a,100.0,100.0,7.0,37,14.0,0,0.0,10,-10.0,31.7,10,3.0,135,2,5.0,14.0,3.0,18,536,2.6,128.0,18.0,0.4,19.3,0.0,8145266,16147,4353850,7056,3.1,2.6,15.05,1.63,16.68,36.16,0.59,0.06,0.65,1.42,739.8,6.0,2.0,231.4,119.0,6.0,862.0,2.0,2.0,183.3,5.0,2.0,,,2.0,27,,Igor Thiago,Nascimento Rodrigues,Thiago,,,2292,17,1,6,35,0,0,1,5,0,0,26,137,,,,0.0,0.24,1.37,1.02,5.38,20,52,65
137,u,0.0,0.0,4.4,554,77.0,0,0.0,-1,1.0,0.3,314,50.0,0,0,0.0,675.0,70.0,0,0,0.0,593.0,60.0,0.0,0.0,0.0,52422,0,80582,19,0.0,0.0,0.0,0.0,0.0,0.0,0.0,0.0,0.0,0.0,0.0,666.0,70.0,0.0,662.0,69.0,0.0,641.0,69.0,0.0,669.0,70.0,,,,27,,Iwan,Morgan,Morgan,has joined Shrewsbury on loan for the rest of the season.,,0,0,0,0,0,0,0,0,0,0,0,0,0,,,,0.0,0.0,0.0,0.0,0.0,0,0,0
748,i,0.0,0.0,4.9,298,186.0,0,0.0,-1,1.0,0.0,807,358.0,0,0,0.0,763.0,327.0,0,0,0.0,714.0,296.0,0.0,0.0,0.0,170,0,198,0,0.0,0.0,0.0,0.0,0.0,0.0,0.0,0.0,0.0,0.0,0.0,762.0,326.0,0.0,759.0,327.0,0.0,752.0,325.0,0.0,763.0,327.0,,,,27,,Josh,Dasilva,Dasilva,Knee injury - Unknown return date,,0,0,0,0,0,0,0,0,0,0,0,0,0,,,,0.0,0.0,0.0,0.0,0.0,0,0,0
797,a,,,4.5,490,70.0,0,0.0,0,0.0,0.0,711,88.0,0,0,0.0,735.0,79.0,0,0,0.0,669.0,69.0,0.0,0.0,0.0,1477,11,466,6,0.5,0.0,0.0,0.0,0.0,0.0,0.0,0.0,0.0,0.0,0.0,733.0,79.0,0.0,728.0,78.0,0.0,714.0,78.0,0.0,734.0,79.0,,,,27,,Kaye,Furo,Furo,,,0,0,0,0,0,0,0,0,0,0,0,0,0,,,,0.0,0.0,0.0,0.0,0.0,0,0,0
810,a,,,4.5,471,286.0,0,0.0,0,0.0,0.0,804,357.0,0,0,0.0,721.0,296.0,0,0,0.0,651.0,249.0,0.0,0.0,0.0,194,0,34,0,0.5,0.0,0.0,0.0,0.0,0.0,0.0,0.0,0.0,0.0,0.0,717.0,293.0,0.0,713.0,295.0,0.0,697.0,289.0,0.0,719.0,295.0,,,,27,,Luka,Bentt,Bentt,,,0,0,0,0,0,0,0,0,0,0,0,0,0,,,,0.0,0.0,0.0,0.0,0.0,0,0,0
138,a,,,4.2,624,31.0,0,0.0,-3,3.0,0.2,348,50.0,0,0,0.0,634.0,87.0,0,0,0.0,528.0,80.0,0.0,0.0,0.0,10063,13,38886,11,0.0,0.0,0.0,0.0,0.0,0.0,0.0,0.0,0.0,0.0,0.0,623.0,87.0,0.0,617.0,76.0,0.0,587.0,62.0,0.0,626.0,87.0,,,,27,,Jason,Steele,Steele,,,0,0,0,0,0,0,0,0,0,0,0,0,0,,,,0.0,0.0,0.0,0.0,0.0,0,0,0
139,a,,,4.5,444,25.0,0,0.0,0,0.0,5.5,65,11.0,86,7,3.2,155.0,15.0,4,437,3.2,76.0,5.0,0.7,19.1,0.0,668760,561,829656,323,3.2,3.2,0.0,0.05,0.05,37.83,0.0,0.0,0.0,1.4,645.8,13.0,3.0,10.0,419.0,7.0,0.0,679.0,77.0,65.6,161.0,3.0,,,,27,,Bart,Verbruggen,Verbruggen,,,2430,0,0,6,34,1,1,0,3,0,76,27,102,,,,2.81,0.22,1.26,1.0,0.0,1,23,244
140,a,,,3.9,749,77.0,0,0.0,-1,1.0,0.3,311,42.0,0,0,0.0,545.0,45.0,0,0,0.0,431.0,36.0,0.0,0.0,0.0,17614,11,27472,10,0.0,0.0,0.0,0.0,0.0,0.0,0.0,0.0,0.0,0.0,0.0,534.0,45.0,0.0,524.0,30.0,0.0,489.0,16.0,0.0,537.0,45.0,,,,27,,Tom,McGill,McGill,,,0,0,0,0,0,0,0,0,0,0,0,0,0,,,,0.0,0.0,0.0,0.0,0.0,0,0,0
141,u,0.0,0.0,4.0,687,55.0,0,0.0,0,0.0,0.0,803,92.0,0,0,0.0,593.0,74.0,0,0,0.0,481.0,66.0,0.0,0.0,0.0,0,0,243,0,0.0,0.0,0.0,0.0,0.0,0.0,0.0,0.0,0.0,0.0,0.0,582.0,74.0,0.0,575.0,62.0,0.0,542.0,48.0,0.0,585.0,74.0,,,,27,,Carl,Rushworth,Rushworth,Has joined Coventry City on loan for the rest of the season.,,0,0,0,0,0,0,0,0,0,0,0,0,0,,,,0.0,0.0,0.0,0.0,0.0,0,0,0
142,u,0.0,0.0,4.0,674,48.0,0,0.0,0,0.0,0.0,805,93.0,0,0,0.0,583.0,67.0,0,0,0.0,471.0,59.0,0.0,0.0,0.0,0,0,203,0,0.0,0.0,0.0,0.0,0.0,0.0,0.0,0.0,0.0,0.0,0.0,572.0,67.0,0.0,565.0,55.0,0.0,532.0,41.0,0.0,575.0,67.0,,,,27,,Kjell,Scherpen,Scherpen,Has joined Union SG permanently,,0,0,0,0,0,0,0,0,0,0,0,0,0,,,,0.0,0.0,0.0,0.0,0.0,0,0,0
143,a,,,4.2,630,144.0,0,0.0,-3,3.0,0.1,503,179.0,20,0,2.9,203.0,80.0,2,78,2.0,171.0,59.0,0.5,4.8,0.0,6222,11,12502,4,2.0,2.0,0.05,0.24,0.29,4.9,0.01,0.06,0.07,1.26,101.8,335.0,127.0,38.6,351.0,121.0,12.0,389.0,139.0,15.3,378.0,134.0,,,,27,,Olivier,Boscagli,Boscagli,,,349,0,1,1,4,0,0,0,1,0,0,4,33,,,,0.0,0.26,1.03,1.03,8.51,8,25,27
144,u,0.0,0.0,4.2,644,154.0,0,0.0,-3,3.0,0.0,594,212.0,10,0,2.0,324.0,119.0,0,32,0.0,537.0,227.0,0.0,2.4,0.0,2735,0,8095,9,0.0,0.0,0.0,0.01,0.01,4.52,0.0,0.0,0.0,2.11,42.4,407.0,153.0,3.7,445.0,162.0,2.0,437.0,163.0,4.8,445.0,161.0,,,,27,,Diego,Coppola,Coppola,has joined Paris FC on loan for the rest of the season.,,193,0,0,1,3,0,0,0,2,0,0,2,19,,,,0.0,0.47,1.4,0.93,8.39,2,16,6
145,a,100.0,100.0,4.3,588,134.0,0,0.0,-2,2.0,1.8,141,56.0,59,1,2.7,233.0,91.0,6,222,2.0,172.0,60.0,0.5,13.7,0.0,252636,50,701767,346,2.0,2.0,1.55,2.15,3.7,20.5,0.12,0.17,0.29,1.63,210.0,245.0,98.0,316.7,74.0,17.0,132.0,188.0,43.0,65.9,159.0,51.0,3.0,6.0,,27,,Maxim,De Cuyper,De Cuyper,,,1130,2,0,4,18,0,0,0,2,0,0,14,73,,,,0.0,0.32,1.43,1.12,3.9,18,31,55
146,a,100.0,100.0,4.5,407,71.0,0,0.0,0,0.0,1.0,197,77.0,69,6,2.7,235.0,93.0,0,330,3.8,41.0,15.0,0.8,15.3,0.0,148271,219,191048,55,3.8,3.8,1.25,0.46,1.71,35.59,0.05,0.02,0.07,1.4,495.4,55.0,24.0,94.2,254.0,75.0,128.0,201.0,49.0,72.0,137.0,44.0,,1.0,,27,,Lewis,Dunk,Dunk,,,2295,0,1,5,33,0,0,0,8,0,0,25,235,,,,0.0,0.2,1.29,0.98,7.57,29,164,110
147,u,0.0,0.0,4.5,417,77.0,0,0.0,0,0.0,0.0,743,256.0,0,0,0.0,691.0,254.0,0,0,0.0,614.0,241.0,0.0,0.0,0.0,0,0,1972,0,0.0,0.0,0.0,0.0,0.0,0.0,0.0,0.0,0.0,0.0,0.0,684.0,253.0,0.0,680.0,253.0,0.0,660.0,252.0,0.0,687.0,253.0,,,,27,,Pervis,Estupiñán Tenorio,Estupiñan,Has joined AC Milan permanently,,0,0,0,0,0,0,0,0,0,0,0,0,0,,,,0.0,0.0,0.0,0.0,0.0,0,0,0
150,u,0.0,0.0,4.4,531,110.0,0,0.0,-1,1.0,0.1,515,183.0,0,0,0.0,666.0,253.0,0,0,0.0,581.0,239.0,0.0,0.0,0.0,2778,0,38531,1,0.0,0.0,0.0,0.0,0.0,0.0,0.0,0.0,0.0,0.0,0.0,655.0,252.0,0.0,652.0,252.0,0.0,629.0,251.0,0.0,658.0,252.0,,,,27,,Tariq,Lamptey,Lamptey,has joined Fiorentina permanently.,,0,0,0,0,0,0,0,0,0,0,0,0,0,,,,0.0,0.0,0.0,0.0,0.0,0,0,0
151,a,100.0,100.0,4.4,543,117.0,0,0.0,-1,1.0,3.5,93,33.0,100,8,4.0,65.0,27.0,6,384,3.2,74.0,28.0,0.7,22.7,0.0,915875,1217,618070,409,3.2,3.2,2.05,0.92,2.96,35.04,0.08,0.04,0.12,1.42,681.0,10.0,3.0,135.1,199.0,49.0,226.0,101.0,13.0,104.5,54.0,7.0,,,,27,,Jan Paul,van Hecke,Van Hecke,,,2220,3,2,6,32,1,0,0,7,0,0,25,238,,,,0.0,0.24,1.3,1.01,8.43,33,175,77
152,a,100.0,100.0,4.3,574,123.0,0,0.0,-2,2.0,0.1,425,158.0,32,1,2.1,315.0,116.0,1,121,0.6,302.0,104.0,0.1,7.4,0.0,21713,9,35079,29,0.6,0.6,0.99,0.11,1.1,14.3,0.11,0.01,0.12,1.59,208.6,247.0,100.0,70.5,293.0,96.0,63.0,285.0,84.0,34.3,300.0,100.0,,,,27,,Joël,Veltman,Veltman,,,808,1,0,1,12,0,0,0,4,0,0,8,97,,,,0.0,0.11,1.34,0.89,9.47,28,57,31
153,i,0.0,0.0,4.4,522,102.0,0,0.0,-1,1.0,0.0,756,258.0,0,0,0.0,663.0,251.0,0,0,0.0,577.0,236.0,0.0,0.0,0.0,890,1,1658,2,0.0,0.0,0.0,0.0,0.0,0.0,0.0,0.0,0.0,0.0,0.0,652.0,250.0,0.0,649.0,250.0,0.0,626.0,249.0,0.0,655.0,250.0,,,,27,,Adam,Webster,Webster,Knee injury - Unknown return date,,0,0,0,0,0,0,0,0,0,0,0,0,0,,,,0.0,0.0,0.0,0.0,0.0,0,0,0
154,u,0.0,0.0,4.0,677,169.0,0,0.0,0,0.0,0.0,774,260.0,0,0,0.0,586.0,216.0,0,0,0.0,474.0,187.0,0.0,0.0,0.0,0,0,776,0,0.0,0.0,0.0,0.0,0.0,0.0,0.0,0.0,0.0,0.0,0.0,575.0,215.0,0.0,568.0,215.0,0.0,535.0,209.0,0.0,578.0,215.0,,,,27,,Eiran,Cashin,Cashin,has joined Blackburn Rovers on loan for the rest of the season.,,0,0,0,0,0,0,0,0,0,0,0,0,0,,,,0.0,0.0,0.0,0.0,0.0,0,0,0
155,u,0.0,0.0,4.0,719,196.0,0,0.0,0,0.0,0.1,498,176.0,0,0,0.0,620.0,235.0,0,0,0.0,511.0,209.0,0.0,0.0,0.0,3175,0,16556,2,0.0,0.0,0.0,0.0,0.0,0.0,0.0,0.0,0.0,0.0,0.0,609.0,234.0,0.0,602.0,234.0,0.0,570.0,229.0,0.0,612.0,234.0,,,,27,,Jacob,Slater,Slater,has joined Harrogate Town on loan until January.,,0,0,0,0,0,0,0,0,0,0,0,0,0,,,,0.0,0.0,0.0,0.0,0.0,0,0,0
156,a,,,3.8,805,254.0,0,0.0,-2,2.0,0.2,409,150.0,0,0,0.0,529.0,195.0,0,0,0.0,414.0,164.0,0.0,0.0,0.0,11446,17,16513,12,0.0,0.0,0.0,0.0,0.0,0.0,0.0,0.0,0.0,0.0,0.0,518.0,194.0,0.0,507.0,194.0,0.0,471.0,185.0,0.0,521.0,194.0,,,,27,,Charlie,Tasker,Tasker,,,0,0,0,0,0,0,0,0,0,0,0,0,0,,,,0.0,0.0,0.0,0.0,0.0,0,0,0
157,a,100.0,100.0,6.1,83,54.0,0,0.0,-4,4.0,2.0,133,43.0,48,3,2.8,231.0,95.0,2,169,2.4,148.0,66.0,0.4,7.9,0.0,273778,248,836188,188,2.4,2.4,2.55,2.01,4.56,18.28,0.18,0.14,0.32,1.29,196.4,253.0,107.0,308.4,79.0,60.0,224.0,102.0,62.0,72.5,135.0,74.0,,,,27,,Mitoma,Kaoru,Mitoma,,,1273,2,1,4,14,0,0,0,2,0,0,14,72,,,,0.0,0.28,0.99,0.99,5.09,11,17,44
158,a,100.0,100.0,5.6,131,81.0,0,0.0,-4,4.0,0.3,293,101.0,65,0,2.8,228.0,93.0,2,213,0.8,294.0,130.0,0.1,11.6,0.0,129229,19,248180,122,0.8,0.8,2.05,2.06,4.11,19.19,0.12,0.12,0.24,1.15,243.2,211.0,91.0,267.7,100.0,73.0,350.0,50.0,31.0,86.0,99.0,57.0,,,,27,,Georginio,Rutter,Georginio,,,1502,2,4,6,16,1,0,0,2,0,0,18,101,,,,0.0,0.36,0.96,1.08,6.05,23,32,46
159,d,75.0,75.0,5.8,104,67.0,0,0.0,-2,2.0,0.0,754,321.0,0,0,0.0,806.0,359.0,0,0,0.0,792.0,350.0,0.0,0.0,0.0,747,0,2535,2,0.0,0.0,0.0,0.0,0.0,0.0,0.0,0.0,0.0,0.0,0.0,806.0,359.0,0.0,806.0,359.0,0.0,805.0,359.0,0.0,806.0,359.0,,,,27,,Solly,March,March,Lack of match fitness - 75% chance of playing,,0,0,0,0,0,0,0,0,0,0,0,0,0,,,,0.0,0.0,0.0,0.0,0.0,0,0,0
160,a,100.0,100.0,5.6,134,82.0,0,0.0,-4,4.0,2.0,132,42.0,84,0,3.5,126.0,56.0,6,314,0.8,295.0,131.0,0.1,15.0,0.0,1918893,104,1846743,488,0.8,0.8,2.91,2.78,5.69,25.32,0.16,0.15,0.31,1.39,308.4,163.0,60.0,448.3,31.0,30.0,459.0,26.0,13.0,121.7,35.0,27.0,1.0,,,27,,Yankuba,Minteh,Minteh,,,1634,1,8,6,26,0,0,0,0,0,0,18,125,,,,0.0,0.33,1.43,0.99,6.88,34,21,70
161,u,0.0,0.0,5.4,176,108.0,0,0.0,-1,1.0,0.0,746,317.0,0,0,0.0,800.0,354.0,0,0,0.0,780.0,341.0,0.0,0.0,0.0,105,0,2953,0,0.0,0.0,0.0,0.0,0.0,0.0,0.0,0.0,0.0,0.0,0.0,800.0,354.0,0.0,799.0,354.0,0.0,797.0,353.0,0.0,800.0,354.0,,,,27,,Julio,Enciso Espínola,Enciso,has joined Strasbourg permanently.,,0,0,0,0,0,0,0,0,0,0,0,0,0,,,,0.0,0.0,0.0,0.0,0.0,0,0,0
162,u,0.0,0.0,5.4,181,112.0,0,0.0,-1,1.0,0.0,585,220.0,35,0,1.9,350.0,154.0,2,114,0.0,782.0,343.0,0.0,6.5,0.0,16799,0,19411,5,0.0,0.0,1.86,0.88,2.74,13.82,0.24,0.11,0.35,1.76,134.4,306.0,138.0,217.1,131.0,91.0,152.0,162.0,91.0,50.0,230.0,116.0,,,,27,,Brajan,Gruda,Gruda,has joined Leipzig on loan for the rest of the season.,,708,1,1,2,11,0,0,0,2,0,0,8,58,,,,0.0,0.25,1.4,1.02,7.37,14,4,40
163,a,100.0,100.0,5.1,239,146.0,0,0.0,-4,4.0,0.0,592,223.0,43,6,2.7,241.0,99.0,2,168,1.4,234.0,98.0,0.3,8.4,0.0,9055,14,16746,5,1.4,1.4,0.93,0.48,1.41,18.34,0.1,0.05,0.15,1.96,134.2,307.0,139.0,74.6,289.0,167.0,106.0,225.0,124.0,31.4,315.0,154.0,,,,27,,Jack,Hinshelwood,Hinshelwood,,,843,1,3,2,14,1,0,0,0,0,0,9,77,,,,0.0,0.21,1.49,0.96,8.22,11,27,39
164,a,100.0,100.0,5.5,142,88.0,0,0.0,0,0.0,0.3,298,104.0,13,0,4.3,45.0,23.0,2,40,0.2,388.0,173.0,0.0,2.4,0.0,131300,22,199105,13,0.2,0.2,1.21,0.18,1.39,2.33,0.59,0.09,0.68,1.13,61.6,389.0,171.0,67.4,296.0,170.0,63.0,286.0,154.0,19.2,363.0,173.0,,,,27,,Matt,O'Riley,O'Riley,,,185,1,0,1,2,0,0,0,0,0,0,2,9,,,,0.0,0.49,0.97,0.97,4.38,4,3,2
165,u,0.0,0.0,5.4,182,113.0,0,0.0,-1,1.0,0.0,728,305.0,0,0,0.0,801.0,355.0,0,0,0.0,783.0,344.0,0.0,0.0,0.0,247,0,2237,0,0.0,0.0,0.0,0.0,0.0,0.0,0.0,0.0,0.0,0.0,0.0,801.0,355.0,0.0,800.0,355.0,0.0,798.0,354.0,0.0,801.0,355.0,,,,27,,Abdallah,Sima,Sima,has joined Lens permanently.,,0,0,0,0,0,0,0,0,0,0,0,0,0,,,,0.0,0.0,0.0,0.0,0.0,0,0,0
166,i,0.0,0.0,4.8,371,232.0,0,0.0,-2,2.0,0.5,257,88.0,83,0,4.0,68.0,30.0,7,351,3.4,66.0,32.0,0.7,17.3,0.0,198491,9,163317,523,0.0,0.0,2.54,1.07,3.61,24.57,0.13,0.06,0.19,1.3,311.2,158.0,57.0,214.4,132.0,92.0,206.0,109.0,64.0,73.3,131.0,71.0,4.0,5.0,,27,,Yasin,Ayari,Ayari,Shoulder injury - Expected back 01 Mar,,1699,3,3,5,21,0,0,0,0,0,0,18,200,,,,0.0,0.26,1.11,0.95,10.59,43,46,111
167,a,100.0,100.0,4.5,460,277.0,0,0.0,-5,5.0,1.5,155,50.0,37,1,1.7,375.0,163.0,0,145,2.2,155.0,69.0,0.5,8.2,0.0,189799,243,538514,168,2.2,2.2,0.36,0.27,0.63,16.24,0.03,0.02,0.05,1.24,90.0,352.0,156.0,88.9,260.0,156.0,25.0,358.0,187.0,20.4,359.0,171.0,,,,27,,Carlos,Baleba,Baleba,,,1180,0,0,4,16,0,0,0,5,0,0,18,141,,,,0.0,0.31,1.22,1.37,10.75,28,45,68
169,a,100.0,100.0,4.9,341,210.0,0,0.0,-1,1.0,0.2,406,136.0,67,8,2.8,223.0,89.0,5,278,2.6,119.0,56.0,0.5,13.7,0.0,76394,182,69218,18,2.6,2.6,4.61,1.22,5.83,23.94,0.26,0.07,0.33,1.36,299.6,177.0,69.0,245.4,111.0,77.0,301.0,68.0,42.0,84.7,104.0,60.0,,3.0,,27,,Diego,Gómez Amarilla,Gomez,,,1587,4,0,6,22,0,0,0,6,0,0,19,168,,,,0.0,0.34,1.25,1.08,9.53,60,34,74
170,a,100.0,100.0,4.9,285,178.0,0,0.0,-1,1.0,0.1,468,162.0,27,3,1.7,377.0,165.0,0,112,1.4,230.0,94.0,0.3,5.5,0.0,18082,27,23021,10,1.4,1.4,0.97,0.59,1.56,8.96,0.19,0.11,0.3,1.74,100.6,338.0,152.0,104.2,241.0,150.0,48.0,313.0,165.0,25.1,337.0,162.0,5.0,,1.0,27,,James,Milner,Milner,,,464,1,1,1,12,0,0,0,2,0,0,3,49,,,,0.0,0.19,2.33,0.58,9.5,9,15,25
171,u,0.0,0.0,4.9,328,204.0,0,0.0,-1,1.0,0.0,699,290.0,0,0,0.0,771.0,334.0,0,0,0.0,728.0,305.0,0.0,0.0,0.0,197,0,2958,1,0.0,0.0,0.0,0.0,0.0,0.0,0.0,0.0,0.0,0.0,0.0,770.0,333.0,0.0,767.0,334.0,0.0,761.0,332.0,0.0,771.0,334.0,,,,27,,Jeremy,Sarmiento Morante,Sarmiento,has joined Middlesbrough on loan for the rest of the season.,,0,0,0,0,0,0,0,0,0,0,0,0,0,,,,0.0,0.0,0.0,0.0,0.0,0,0,0
172,u,0.0,0.0,4.8,373,234.0,0,0.0,-2,2.0,0.0,641,255.0,5,0,0.8,507.0,238.0,0,15,0.0,709.0,292.0,0.0,1.0,0.0,2397,0,4093,3,0.0,0.0,0.04,0.03,0.07,1.72,0.06,0.05,0.11,2.72,6.0,467.0,211.0,2.4,450.0,216.0,7.0,417.0,203.0,1.6,470.0,214.0,,,,27,,Tom,Watson,Watson,has joined Millwall on loan for the rest of the season.,,57,0,0,0,2,0,0,0,1,0,0,0,5,,,,0.0,0.0,3.16,0.0,7.89,1,0,4
173,a,100.0,100.0,4.9,332,207.0,0,0.0,-1,1.0,0.1,440,149.0,60,2,3.5,121.0,53.0,3,259,0.4,337.0,151.0,0.1,12.2,0.0,79541,3,77334,5,0.4,0.4,1.2,1.5,2.7,17.13,0.09,0.11,0.2,1.24,303.4,171.0,64.0,229.5,123.0,85.0,131.0,194.0,106.0,66.5,156.0,86.0,,,,27,,Mats,Wieffer,Wieffer,,,1243,0,4,4,17,0,0,0,5,0,0,14,192,,,,0.0,0.29,1.23,1.01,13.9,49,73,70
174,u,0.0,0.0,5.0,280,174.0,0,0.0,0,0.0,0.0,769,332.0,0,0,0.0,790.0,348.0,0,0,0.0,755.0,325.0,0.0,0.0,0.0,0,0,1262,0,0.0,0.0,0.0,0.0,0.0,0.0,0.0,0.0,0.0,0.0,0.0,789.0,347.0,0.0,788.0,348.0,0.0,784.0,346.0,0.0,790.0,348.0,,,,27,,Malick,Yalcouyé,Yalcouye,Has joined Swansea City on loan for the rest of the season.,,0,0,0,0,0,0,0,0,0,0,0,0,0,,,,0.0,0.0,0.0,0.0,0.0,0,0,0
176,u,0.0,0.0,4.5,465,282.0,0,0.0,0,0.0,0.0,685,282.0,0,0,0.0,718.0,294.0,0,0,0.0,646.0,245.0,0.0,0.0,0.0,1435,0,4586,0,0.0,0.0,0.0,0.0,0.0,0.0,0.0,0.0,0.0,0.0,0.0,712.0,289.0,0.0,709.0,292.0,0.0,692.0,285.0,0.0,714.0,291.0,,,,27,,Adrian,Mazilu,Mazilu,has joined Dinamo Bucharest permanently.,,0,0,0,0,0,0,0,0,0,0,0,0,0,,,,0.0,0.0,0.0,0.0,0.0,0,0,0
177,u,0.0,0.0,4.5,454,271.0,0,0.0,0,0.0,0.0,695,287.0,0,0,0.0,710.0,286.0,0,0,0.0,638.0,237.0,0.0,0.0,0.0,490,0,5089,2,0.0,0.0,0.0,0.0,0.0,0.0,0.0,0.0,0.0,0.0,0.0,704.0,281.0,0.0,701.0,284.0,0.0,684.0,277.0,0.0,706.0,283.0,,,,27,,Andrew,Moran,Moran,Has joined Los Angeles FC on loan for the rest of the season.,,0,0,0,0,0,0,0,0,0,0,0,0,0,,,,0.0,0.0,0.0,0.0,0.0,0,0,0
178,a,100.0,100.0,6.1,79,25.0,0,0.0,-4,4.0,3.6,90,15.0,79,6,3.0,196.0,18.0,8,313,2.6,126.0,17.0,0.4,13.0,0.0,1978834,1431,2118975,406,2.6,2.6,8.68,0.77,9.45,22.85,0.51,0.05,0.56,1.34,328.6,140.0,12.0,199.3,145.0,10.0,414.0,29.0,15.0,93.6,78.0,14.0,,2.0,2.0,27,,Danny,Welbeck,Welbeck,,,1534,9,0,6,20,0,0,2,4,0,0,17,70,,,,0.0,0.35,1.17,1.0,4.11,16,23,31
179,u,0.0,0.0,5.5,151,39.0,0,0.0,0,0.0,0.0,753,91.0,0,0,0.0,805.0,88.0,0,0,0.0,788.0,83.0,0.0,0.0,0.0,0,0,1557,0,0.0,0.0,0.0,0.0,0.0,0.0,0.0,0.0,0.0,0.0,0.0,805.0,88.0,0.0,804.0,88.0,0.0,802.0,88.0,0.0,805.0,88.0,,,,27,,Evan,Ferguson,Ferguson,Has joined AS Roma on loan for the rest of the season,,0,0,0,0,0,0,0,0,0,0,0,0,0,,,,0.0,0.0,0.0,0.0,0.0,0,0,0
180,i,0.0,0.0,5.2,221,51.0,0,0.0,-3,3.0,0.1,527,75.0,16,0,1.8,370.0,44.0,0,55,0.0,766.0,81.0,0.0,3.1,0.0,13106,3,23040,8,0.0,0.0,0.44,0.11,0.55,2.59,0.3,0.08,0.38,1.77,66.6,383.0,39.0,65.7,300.0,31.0,44.0,322.0,50.0,17.7,371.0,45.0,,,,27,,Stefanos,Tzimas,Tzimas,Knee injury - Expected back 01 Jun,,132,1,1,0,2,0,0,0,0,0,0,1,15,,,,0.0,0.0,1.36,0.68,10.23,3,2,10
181,a,,,4.8,375,64.0,0,0.0,-2,2.0,0.4,292,45.0,30,0,1.9,344.0,39.0,3,117,0.8,284.0,38.0,0.2,6.2,0.0,54259,39,72360,74,0.8,0.8,1.7,0.23,1.93,4.62,0.52,0.07,0.59,1.42,129.6,311.0,30.0,80.0,276.0,28.0,192.0,126.0,30.0,40.1,274.0,31.0,,,,27,,Charalampos,Kostoulas,Kostoulas,,,292,2,1,1,7,0,0,0,2,0,0,2,38,,,,0.0,0.31,2.16,0.62,11.71,11,5,22
744,a,,,4.5,470,285.0,0,0.0,0,0.0,0.0,716,298.0,1,0,1.0,476.0,215.0,0,3,0.0,650.0,248.0,0.0,0.2,0.0,2653,1,1889,1,0.0,0.0,0.0,0.0,0.0,0.0,0.0,0.0,0.0,0.0,0.0,716.0,292.0,0.0,712.0,294.0,0.0,696.0,288.0,0.0,718.0,294.0,,,,27,,Nehemiah,Oriola,Oriola,,,1,0,0,0,0,0,0,0,0,0,0,0,0,,,,0.0,0.0,0.0,0.0,0.0,0,0,0
761,a,,,4.0,724,201.0,0,0.0,0,0.0,0.0,715,247.0,0,0,0.0,624.0,239.0,0,0,0.0,516.0,214.0,0.0,0.0,0.0,872,0,596,4,0.0,0.0,0.0,0.0,0.0,0.0,0.0,0.0,0.0,0.0,0.0,613.0,238.0,0.0,606.0,238.0,0.0,574.0,233.0,0.0,616.0,238.0,,,,27,,Freddie,Simmonds,Simmonds,,,0,0,0,0,0,0,0,0,0,0,0,0,0,,,,0.0,0.0,0.0,0.0,0.0,0,0,0
783,a,,,5.5,135,83.0,0,0.0,0,0.0,0.1,492,175.0,26,3,3.2,163.0,71.0,4,134,4.2,36.0,18.0,0.8,4.7,0.0,18547,76,7278,44,4.2,4.2,0.71,1.43,2.14,9.13,0.1,0.2,0.3,1.27,137.8,303.0,135.0,229.8,122.0,84.0,76.0,263.0,142.0,44.2,252.0,126.0,,,,27,,Pascal,Groß,Groß,,,646,1,0,2,5,0,0,0,2,0,0,7,57,,,,0.0,0.28,0.7,0.98,7.94,10,18,29
795,a,,,4.5,492,302.0,0,0.0,0,0.0,0.0,775,336.0,3,0,1.5,408.0,180.0,0,9,0.6,305.0,135.0,0.1,0.7,0.0,567,7,151,4,0.6,0.6,0.0,0.03,0.03,1.0,0.0,0.03,0.03,1.14,7.2,461.0,208.0,4.4,439.0,213.0,2.0,445.0,220.0,1.4,474.0,218.0,,,,27,,Harry,Howell,Howell,,,79,0,0,0,2,0,0,0,0,0,0,1,4,,,,0.0,0.0,2.28,1.14,4.56,0,2,2
220,a,100.0,100.0,4.9,311,12.0,0,0.0,-1,1.0,14.9,23,3.0,95,2,3.7,95.0,11.0,7,425,2.0,176.0,13.0,0.4,19.4,0.0,1667314,370,2674964,7154,1.5,3.0,0.0,0.04,0.04,34.59,0.0,0.0,0.0,1.38,587.2,26.0,7.0,50.0,332.0,1.0,0.0,755.0,86.0,63.3,173.0,4.0,,,,27,,Robert,Lynch Sánchez,Sánchez,,,2254,0,1,9,30,0,0,0,3,1,68,26,89,,,,2.72,0.36,1.2,1.04,0.0,0,20,224
221,d,50.0,50.0,4.3,602,29.0,0,0.0,-2,2.0,0.2,400,58.0,3,0,1.5,404.0,31.0,0,18,0.0,557.0,84.0,0.0,0.7,0.0,14973,3,26682,18,-0.2,0.5,0.0,0.0,0.0,2.78,0.0,0.0,0.0,1.44,28.2,431.0,31.0,0.0,634.0,81.0,0.0,609.0,69.0,2.8,459.0,31.0,,,,27,,Filip,Jörgensen,Jörgensen,Knock - 50% chance of playing,,174,0,0,0,3,0,0,0,0,0,3,1,7,,,,1.55,0.0,1.55,0.52,0.0,0,2,14
222,u,0.0,0.0,4.0,709,64.0,0,0.0,0,0.0,0.0,793,90.0,0,0,0.0,611.0,83.0,0,0,0.0,501.0,75.0,0.0,0.0,0.0,0,0,340,0,0.0,0.0,0.0,0.0,0.0,0.0,0.0,0.0,0.0,0.0,0.0,600.0,83.0,0.0,593.0,71.0,0.0,561.0,57.0,0.0,603.0,83.0,,,,27,,Mike,Penders,Penders,Has joined RC Strasbourg on loan for the rest of the season.,,0,0,0,0,0,0,0,0,0,0,0,0,0,,,,0.0,0.0,0.0,0.0,0.0,0,0,0
228,a,100.0,100.0,4.9,335,54.0,0,0.0,-1,1.0,2.0,131,51.0,83,6,3.5,122.0,46.0,7,327,2.0,177.0,64.0,0.4,16.9,0.0,471219,222,449857,732,1.5,3.0,1.46,1.37,2.83,25.78,0.08,0.08,0.16,1.49,320.8,150.0,65.0,267.6,101.0,25.0,148.0,167.0,36.0,73.6,129.0,43.0,,,,27,,Malo,Gusto,Gusto,,,1555,2,2,7,20,0,0,0,2,1,0,17,120,,,,0.0,0.41,1.16,0.98,5.21,40,50,91
229,a,100.0,100.0,4.4,534,113.0,0,0.0,-1,1.0,0.0,619,220.0,7,0,0.9,503.0,174.0,0,48,0.8,281.0,101.0,0.2,1.6,0.0,8751,4,8184,53,0.3,1.8,0.0,0.06,0.06,7.41,0.0,0.01,0.01,1.42,102.8,334.0,126.0,7.9,429.0,155.0,2.0,440.0,164.0,11.4,400.0,143.0,,,,27,,Benoît,Badiashile Mukinayi,B.Badiashile,,,470,0,0,0,10,0,0,0,2,0,0,6,51,,,,0.0,0.0,1.91,1.15,9.19,7,41,16
230,s,0.0,100.0,4.4,539,116.0,0,0.0,-1,1.0,0.5,268,98.0,48,-1,3.0,187.0,75.0,3,231,1.4,225.0,85.0,0.3,10.9,0.0,110188,41,89091,1027,0.0,2.4,0.25,0.55,0.8,15.29,0.02,0.05,0.07,1.35,309.2,160.0,70.0,32.8,363.0,127.0,22.0,367.0,126.0,36.4,288.0,96.0,,,,27,,Wesley,Fofana,Fofana,Suspended until 04 Mar,,1023,0,1,4,11,0,0,0,2,1,0,11,140,,,,0.0,0.35,0.97,0.97,11.61,15,117,57
231,a,100.0,100.0,4.5,478,95.0,0,0.0,0,0.0,0.0,688,239.0,1,1,1.0,478.0,172.0,0,-1,0.2,371.0,137.0,0.0,0.2,0.0,1426,15,2274,20,-0.3,1.2,0.0,0.0,0.0,0.29,0.0,0.0,0.0,13.05,0.0,723.0,258.0,0.0,719.0,258.0,0.0,704.0,258.0,0.0,725.0,258.0,,,,27,,Mamadou,Sarr,M.Sarr,,,2,0,0,0,1,0,0,0,0,0,0,0,0,,,,0.0,0.0,45.0,0.0,0.0,0,0,1
232,a,100.0,100.0,4.0,663,162.0,0,0.0,-5,5.0,0.2,346,124.0,31,1,2.6,249.0,96.0,2,114,0.2,357.0,128.0,0.0,7.8,0.0,105498,30,220721,19,-0.3,1.2,0.11,0.4,0.5,11.55,0.01,0.05,0.06,1.45,216.2,237.0,94.0,32.0,367.0,130.0,19.0,375.0,130.0,26.8,334.0,115.0,,,,27,,Tosin,Adarabioyo,Tosin,,,719,0,0,2,12,0,0,0,2,0,0,7,102,,,,0.0,0.25,1.5,0.88,11.02,13,75,18
233,a,100.0,100.0,3.7,815,263.0,0,0.0,-3,3.0,1.5,154,62.0,33,1,2.8,214.0,82.0,5,98,0.4,320.0,110.0,0.1,8.9,0.0,540588,811,472390,315,-0.1,1.4,0.6,0.13,0.73,13.91,0.1,0.02,0.12,2.21,123.2,316.0,119.0,28.9,371.0,131.0,64.0,282.0,82.0,21.7,354.0,121.0,,,,27,,Josh,Acheampong,Acheampong,,,567,1,0,2,12,0,0,0,1,0,0,7,56,,,,0.0,0.32,1.9,1.11,6.35,9,31,23
234,u,0.0,0.0,4.0,730,207.0,0,0.0,0,0.0,0.1,576,207.0,0,0,0.0,628.0,243.0,0,0,0.0,520.0,218.0,0.0,0.0,0.0,1262,0,10152,1,0.0,0.0,0.0,0.0,0.0,0.0,0.0,0.0,0.0,0.0,0.0,617.0,242.0,0.0,610.0,242.0,0.0,579.0,238.0,0.0,620.0,242.0,,,,27,,Aarón,Anselmino,Anselmino,has joined Strasbourg on loan for the rest of the season.,,0,0,0,0,0,0,0,0,0,0,0,0,0,,,,0.0,0.0,0.0,0.0,0.0,0,0,0
235,a,100.0,100.0,10.6,3,2.0,0,0.0,1,-1.0,17.2,20,8.0,82,3,5.1,12.0,8.0,7,286,7.4,2.0,1.0,0.7,7.7,0.0,2360336,2574,6956806,8192,6.9,8.4,8.07,1.18,9.25,18.18,0.68,0.1,0.78,1.53,372.2,112.0,37.0,181.4,160.0,112.0,340.0,55.0,33.0,89.3,88.0,52.0,,1.0,1.0,27,,Cole,Palmer,Palmer,,,1067,8,2,3,15,0,0,0,3,0,0,14,81,,,,0.0,0.25,1.27,1.18,6.83,15,17,49
236,a,100.0,100.0,7.0,36,22.0,0,0.0,0,0.0,4.9,71,25.0,105,6,3.9,85.0,42.0,6,457,2.8,113.0,54.0,0.4,15.0,0.0,1912844,961,1864501,1084,2.3,3.8,4.24,5.6,9.84,27.76,0.18,0.24,0.42,1.21,416.0,86.0,28.0,630.8,11.0,11.0,408.0,31.0,16.0,145.7,19.0,15.0,1.0,4.0,,27,,Pedro,Lomba Neto,Neto,,,2069,5,5,11,19,0,0,0,2,0,0,23,102,,,,0.0,0.48,0.83,1.0,4.44,15,17,70
237,a,100.0,100.0,6.9,41,24.0,0,0.0,4,-4.0,22.2,18,6.0,120,2,4.6,29.0,16.0,14,507,4.4,31.0,16.0,0.6,17.4,0.0,5339584,2664,3223538,23619,3.9,5.4,9.87,5.16,15.03,32.13,0.4,0.21,0.61,1.29,618.4,18.0,5.0,707.1,5.0,5.0,596.0,15.0,6.0,192.3,3.0,2.0,3.0,3.0,2.0,27,,Enzo,Fernández,Enzo,,,2234,8,3,8,28,0,0,0,6,0,0,25,181,,,,0.0,0.32,1.13,1.01,7.29,44,39,98
238,d,75.0,100.0,6.4,63,41.0,0,0.0,-1,1.0,2.3,124,40.0,55,0,2.9,212.0,88.0,4,169,3.2,88.0,41.0,0.5,8.6,0.0,851551,199,828897,2623,2.0,4.2,2.82,2.12,4.94,8.13,0.34,0.26,0.6,0.99,177.2,264.0,113.0,218.3,128.0,88.0,283.0,75.0,46.0,67.7,153.0,83.0,4.0,,3.0,27,,Estêvão,Almeida de Oliveira Gonçalves,Estêvão,Hamstring injury - 75% chance of playing,,738,2,5,4,8,0,0,0,3,0,0,10,51,,,,0.0,0.49,0.98,1.22,6.22,10,8,33
239,i,0.0,0.0,6.0,87,55.0,0,0.0,-5,5.0,0.1,471,163.0,25,0,1.6,397.0,177.0,0,99,0.4,346.0,157.0,0.1,4.2,0.0,17088,0,41592,12,0.0,0.0,0.81,0.94,1.75,8.89,0.15,0.17,0.32,1.65,93.0,348.0,154.0,130.4,202.0,133.0,91.0,245.0,134.0,31.3,316.0,155.0,,,,27,,Jamie,Bynoe-Gittens,Gittens,Hamstring injury - Unknown return date,,486,0,2,1,7,0,0,0,0,0,0,5,29,,,,0.0,0.19,1.3,0.93,5.37,8,6,15
240,u,0.0,0.0,5.9,95,61.0,0,0.0,-1,1.0,0.1,517,187.0,0,0,0.0,807.0,360.0,0,0,0.0,795.0,353.0,0.0,0.0,0.0,2668,0,23715,0,0.0,0.0,0.0,0.0,0.0,0.0,0.0,0.0,0.0,0.0,0.0,807.0,360.0,0.0,807.0,360.0,0.0,806.0,360.0,0.0,807.0,360.0,,,,27,,Christopher,Nkunku,Nkunku,has joined AC Milan permanently.,,0,0,0,0,0,0,0,0,0,0,0,0,0,,,,0.0,0.0,0.0,0.0,0.0,0,0,0
241,a,100.0,100.0,5.7,119,74.0,0,0.0,2,-2.0,7.9,48,16.0,87,2,4.0,74.0,33.0,10,427,2.6,123.0,59.0,0.5,15.3,0.0,3228770,536,3141442,1260,2.1,3.6,1.16,1.84,3.0,27.95,0.06,0.09,0.15,1.35,448.4,69.0,21.0,264.2,103.0,74.0,102.0,229.0,126.0,81.2,112.0,62.0,,,,27,,Moisés,Caicedo Corozo,Caicedo,,,1864,3,1,6,26,0,0,0,8,1,0,21,269,,,,0.0,0.29,1.26,1.01,12.99,66,78,125
244,a,100.0,50.0,4.9,342,211.0,0,0.0,-1,1.0,0.0,700,291.0,4,0,1.0,491.0,227.0,0,22,0.0,733.0,307.0,0.0,0.8,0.0,2547,2,4580,1,-0.5,0.5,0.0,0.05,0.05,2.79,0.0,0.04,0.04,2.39,9.6,455.0,204.0,7.5,430.0,209.0,2.0,448.0,222.0,1.8,465.0,211.0,,,,27,,Roméo,Lavia,Lavia,,,105,0,0,0,3,0,0,0,0,0,0,1,11,,,,0.0,0.0,2.57,0.86,9.43,2,5,4
245,s,0.0,0.0,4.9,331,206.0,0,0.0,-1,1.0,0.0,747,318.0,0,0,0.0,773.0,335.0,0,0,0.0,730.0,306.0,0.0,0.0,0.0,948,5,1262,1,0.0,0.0,0.0,0.0,0.0,0.0,0.0,0.0,0.0,0.0,0.0,772.0,334.0,0.0,769.0,335.0,0.0,763.0,333.0,0.0,773.0,335.0,,,,27,,Mykhailo,Mudryk,Mudryk,Suspended - unknown return date,,0,0,0,0,0,0,0,0,0,0,0,0,0,,,,0.0,0.0,0.0,0.0,0.0,0,0,0
246,a,100.0,100.0,4.5,459,276.0,0,0.0,0,0.0,0.3,324,109.0,28,2,1.4,422.0,189.0,0,158,1.8,189.0,81.0,0.4,6.2,0.0,72373,83,80227,39,1.3,2.8,1.7,0.79,2.49,13.12,0.17,0.08,0.25,1.33,135.4,305.0,137.0,118.0,218.0,140.0,61.0,290.0,156.0,31.4,314.0,153.0,,,,27,,Andrey,Nascimento dos Santos,Andrey Santos,,,885,0,0,1,10,0,0,0,4,0,0,9,97,,,,0.0,0.1,1.02,0.92,9.86,25,36,36
247,i,0.0,0.0,4.3,596,348.0,0,0.0,-2,2.0,0.1,580,216.0,0,0,0.0,645.0,242.0,0,0,0.0,552.0,182.0,0.0,0.0,0.0,11811,17,13780,9,0.0,0.0,0.0,0.0,0.0,0.0,0.0,0.0,0.0,0.0,0.0,634.0,232.0,0.0,630.0,238.0,0.0,604.0,225.0,0.0,637.0,235.0,,,,27,,Dário,Luís Essugo,D.Essugo,Knock - Expected back 01 Mar,,0,0,0,0,0,0,0,0,0,0,0,0,0,,,,0.0,0.0,0.0,0.0,0.0,0,0,0
248,u,0.0,0.0,4.5,499,307.0,0,0.0,0,0.0,0.0,778,338.0,0,0,0.0,740.0,310.0,0,0,0.0,675.0,268.0,0.0,0.0,0.0,0,0,948,0,0.0,0.0,0.0,0.0,0.0,0.0,0.0,0.0,0.0,0.0,0.0,739.0,309.0,0.0,734.0,310.0,0.0,720.0,306.0,0.0,740.0,310.0,,,,27,,Kendry,Páez Andrade,Paez,has joined River Plate on loan for the rest of the season.,,0,0,0,0,0,0,0,0,0,0,0,0,0,,,,0.0,0.0,0.0,0.0,0.0,0,0,0
249,a,,,7.7,20,6.0,0,0.0,2,-2.0,47.8,3,2.0,138,6,5.1,11.0,2.0,24,559,9.2,1.0,1.0,1.2,17.9,0.0,7389193,12044,8008893,11105,8.7,10.2,10.0,1.71,11.71,26.8,0.46,0.08,0.54,1.23,557.6,34.0,3.0,380.3,48.0,1.0,621.0,11.0,8.0,155.5,14.0,3.0,,,,27,,João Pedro,Junqueira de Jesus,João Pedro,,,1966,11,8,10,20,0,0,0,3,0,0,23,112,,,,0.0,0.46,0.92,1.05,5.13,19,35,58
250,a,100.0,100.0,6.2,75,24.0,0,0.0,-3,3.0,0.9,199,31.0,34,1,1.9,352.0,42.0,1,106,1.8,202.0,28.0,0.3,5.5,0.0,107641,48,460437,221,1.3,2.8,3.68,0.18,3.85,10.79,0.46,0.02,0.48,1.35,58.8,393.0,42.0,51.5,329.0,37.0,286.0,72.0,26.0,38.9,278.0,32.0,,,,27,,Liam,Delap,Delap,,,718,1,2,2,13,0,0,0,2,0,0,9,25,,,,0.0,0.25,1.63,1.13,3.13,2,7,16
251,u,0.0,0.0,6.5,55,19.0,0,0.0,0,0.0,0.1,531,76.0,0,0,0.0,813.0,91.0,0,0,0.0,809.0,89.0,0.0,0.0,0.0,4962,0,15326,1,0.0,0.0,0.0,0.0,0.0,0.0,0.0,0.0,0.0,0.0,0.0,813.0,91.0,0.0,813.0,91.0,0.0,813.0,91.0,0.0,813.0,91.0,,,,27,,Nicolas,Jackson,N.Jackson,has joined Bayern Munich on loan for the rest of the season.,,0,0,0,0,0,0,0,0,0,0,0,0,0,,,,0.0,0.0,0.0,0.0,0.0,0,0,0
252,a,100.0,100.0,4.2,640,88.0,0,0.0,-3,3.0,5.9,63,12.0,12,0,1.3,425.0,52.0,0,19,0.0,534.0,51.0,0.0,2.9,0.0,1185818,351,2667992,839,-0.5,1.0,1.46,0.29,1.75,5.65,0.53,0.11,0.64,2.06,24.6,436.0,51.0,38.8,350.0,42.0,81.0,256.0,46.0,12.6,393.0,46.0,,,,27,,Marc,Guiu Paz,Marc Guiu,,,247,0,1,0,2,0,0,0,1,0,0,1,7,,,,0.0,0.0,0.73,0.36,2.55,0,4,3
453,a,,,6.4,62,40.0,0,0.0,-1,1.0,0.5,265,91.0,42,0,2.6,262.0,112.0,2,151,0.4,347.0,158.0,0.1,6.6,0.0,234917,36,224547,170,-0.1,1.4,2.49,2.57,5.06,16.16,0.25,0.26,0.51,1.64,141.0,299.0,133.0,247.4,110.0,76.0,273.0,81.0,50.0,65.2,165.0,90.0,,,,27,,Alejandro,Garnacho Ferreyra,Garnacho,,,889,1,3,4,12,0,0,0,1,0,0,12,49,,,,0.0,0.4,1.21,1.21,4.96,8,7,34
672,a,100.0,100.0,4.6,403,70.0,0,0.0,-4,4.0,0.2,386,144.0,8,0,0.7,510.0,177.0,0,22,0.4,332.0,120.0,0.1,1.7,0.0,16214,18,38492,70,-0.1,1.4,0.26,0.32,0.58,7.13,0.06,0.08,0.14,1.71,78.0,366.0,140.0,61.8,311.0,104.0,19.0,377.0,131.0,15.9,374.0,132.0,,,,27,,Jorrel,Hato,Hato,,,376,0,0,0,10,0,0,0,3,0,0,3,41,,,,0.0,0.0,2.39,0.72,8.62,13,23,14
743,a,,,4.5,500,308.0,0,0.0,0,0.0,0.0,726,304.0,0,0,0.0,741.0,311.0,0,0,0.0,676.0,269.0,0.0,0.0,0.0,1445,0,1274,1,-0.5,1.0,0.0,0.0,0.0,0.0,0.0,0.0,0.0,0.0,0.0,740.0,310.0,0.0,735.0,311.0,0.0,721.0,307.0,0.0,741.0,311.0,,,,27,,Landon,Emenalo,Emenalo,,,0,0,0,0,0,0,0,0,0,0,0,0,0,,,,0.0,0.0,0.0,0.0,0.0,0,0,0
789,a,,,4.0,704,63.0,0,0.0,0,0.0,0.0,768,87.0,0,0,0.0,607.0,82.0,0,0,0.0,496.0,74.0,0.0,0.0,0.0,341,3,242,1,-0.5,1.0,0.0,0.0,0.0,0.0,0.0,0.0,0.0,0.0,0.0,596.0,82.0,0.0,589.0,70.0,0.0,556.0,56.0,0.0,599.0,82.0,,,,27,,Max,Merrick,Merrick,,,0,0,0,0,0,0,0,0,0,0,0,0,0,,,,0.0,0.0,0.0,0.0,0.0,0,0,0
803,a,,,4.0,697,59.0,0,0.0,0,0.0,0.0,796,91.0,0,0,0.0,602.0,78.0,0,0,0.0,491.0,70.0,0.0,0.0,0.0,113,0,51,2,-0.5,1.0,0.0,0.0,0.0,0.0,0.0,0.0,0.0,0.0,0.0,591.0,78.0,0.0,584.0,66.0,0.0,551.0,52.0,0.0,594.0,78.0,,,,27,,Teddy,Sharman-Lowe,Sharman-Lowe,,,0,0,0,0,0,0,0,0,0,0,0,0,0,,,,0.0,0.0,0.0,0.0,0.0,0,0,0
253,a,,,5.0,245,8.0,0,0.0,0,0.0,7.4,53,8.0,93,0,3.6,107.0,13.0,4,395,2.4,141.0,9.0,0.5,18.6,0.0,908763,112,884622,1174,1.9,2.9,0.0,0.1,0.1,33.78,0.0,0.0,0.0,1.3,546.0,38.0,11.0,10.0,423.0,11.0,0.0,771.0,89.0,55.5,209.0,11.0,,,,27,,Dean,Henderson,Henderson,,,2340,0,0,9,32,0,0,0,2,0,67,26,80,,,,2.58,0.35,1.23,1.0,0.0,0,36,209
254,a,100.0,100.0,4.0,665,45.0,0,0.0,0,0.0,0.3,316,43.0,0,0,0.0,576.0,65.0,0,0,0.0,463.0,56.0,0.0,0.0,0.0,14548,16,30239,12,-0.5,0.5,0.0,0.0,0.0,0.0,0.0,0.0,0.0,0.0,0.0,565.0,65.0,0.0,557.0,52.0,0.0,523.0,38.0,0.0,568.0,65.0,,,,27,,Walter,Benítez,Benitez,,,0,0,0,0,0,0,0,0,0,0,0,0,0,,,,0.0,0.0,0.0,0.0,0.0,0,0,0
255,a,,,3.9,747,76.0,0,0.0,-1,1.0,0.1,474,71.0,0,0,0.0,544.0,44.0,0,0,0.0,430.0,35.0,0.0,0.0,0.0,5871,11,8406,7,-0.5,0.5,0.0,0.0,0.0,0.0,0.0,0.0,0.0,0.0,0.0,533.0,44.0,0.0,523.0,29.0,0.0,488.0,15.0,0.0,536.0,44.0,,,,27,,Remi,Matthews,Matthews,,,0,0,0,0,0,0,0,0,0,0,0,0,0,,,,0.0,0.0,0.0,0.0,0.0,0,0,0
256,a,100.0,100.0,5.9,97,6.0,0,0.0,4,-4.0,8.4,43,14.0,98,0,5.4,9.0,2.0,7,341,1.8,201.0,73.0,0.3,16.6,0.0,3605661,1273,3671051,2627,1.3,2.3,1.94,3.27,5.21,20.75,0.11,0.19,0.3,1.18,400.8,94.0,43.0,275.2,94.0,23.0,276.0,78.0,5.0,95.0,77.0,19.0,,,,27,,Daniel,Muñoz Mejía,Muñoz,,,1586,3,3,8,18,0,0,0,5,0,0,18,161,,,,0.0,0.45,1.02,1.02,6.87,39,82,68
257,d,25.0,25.0,5.1,232,32.0,0,0.0,1,-1.0,5.7,64,20.0,116,0,4.5,32.0,11.0,7,415,3.4,69.0,25.0,0.7,22.7,0.0,1571387,55,1068682,10923,0.7,1.0,1.85,0.72,2.57,33.78,0.07,0.03,0.1,1.3,597.8,23.0,11.0,79.3,279.0,89.0,200.0,117.0,21.0,87.7,93.0,23.0,,,,27,,Maxence,Lacroix,Lacroix,Thigh injury - 25% chance of playing,,2340,0,2,9,32,0,0,0,3,0,0,26,303,,,,0.0,0.35,1.23,1.0,10.62,49,227,75
258,a,,,5.0,255,38.0,0,0.0,0,0.0,2.1,130,50.0,94,0,3.6,108.0,40.0,5,335,2.0,181.0,66.0,0.4,18.8,0.0,433615,244,362383,435,1.5,2.5,1.0,1.44,2.44,33.78,0.04,0.06,0.1,1.32,448.4,68.0,30.0,323.5,69.0,15.0,161.0,153.0,31.0,93.3,80.0,20.0,,,,27,,Tyrick,Mitchell,Mitchell,,,2308,1,0,9,32,0,0,0,5,0,0,26,225,,,,0.0,0.35,1.25,1.01,6.9,72,105,127
259,a,100.0,100.0,4.8,359,59.0,0,0.0,-2,2.0,0.1,446,164.0,5,0,1.0,487.0,173.0,0,10,0.2,374.0,138.0,0.0,1.0,0.0,10334,11,17753,14,-0.3,0.7,0.0,0.06,0.06,0.83,0.0,0.1,0.1,1.41,11.0,451.0,166.0,12.2,406.0,148.0,4.0,428.0,158.0,2.7,460.0,165.0,,,,27,,Borna,Sosa,Sosa,,,53,0,0,0,1,0,0,0,0,0,0,0,8,,,,0.0,0.0,1.7,0.0,11.89,3,4,1
261,a,100.0,100.0,4.4,536,115.0,0,0.0,-1,1.0,2.8,112,46.0,93,0,4.2,50.0,21.0,3,337,3.2,73.0,27.0,0.7,21.1,0.0,920882,231,756806,1037,2.7,3.7,0.98,1.26,2.24,27.21,0.04,0.06,0.1,1.24,521.4,45.0,20.0,100.9,246.0,71.0,125.0,206.0,51.0,75.0,125.0,40.0,,,,27,,Chris,Richards,Richards,,,1972,1,0,8,28,0,0,0,3,0,0,22,236,,,,0.0,0.37,1.28,1.0,10.22,47,177,45
262,a,100.0,100.0,4.0,702,183.0,0,0.0,0,0.0,0.0,622,222.0,6,0,2.0,323.0,118.0,0,29,1.2,240.0,90.0,0.3,1.5,0.0,4363,21,2900,12,0.7,1.7,0.09,0.03,0.12,0.4,0.07,0.02,0.09,0.3,39.2,410.0,154.0,16.9,394.0,142.0,8.0,403.0,149.0,6.4,432.0,155.0,,,,27,,Chadi,Riad Dnanou,Chadi Riad,,,119,0,1,0,1,0,0,0,1,0,0,1,7,,,,0.0,0.0,0.76,0.76,5.29,0,7,6
263,a,100.0,100.0,3.8,782,232.0,0,0.0,-2,2.0,0.6,246,92.0,14,0,2.0,322.0,117.0,2,50,0.0,396.0,147.0,0.0,3.7,0.0,89128,28,98620,73,-0.5,0.5,0.43,0.56,0.99,5.77,0.09,0.12,0.21,1.24,74.4,373.0,142.0,46.3,340.0,116.0,31.0,346.0,113.0,15.1,380.0,135.0,,,,27,,Nathaniel,Clyne,Clyne,,,418,0,1,0,8,0,0,0,0,0,0,6,34,,,,0.0,0.0,1.72,1.29,7.32,12,22,15
264,u,0.0,0.0,4.0,666,163.0,0,0.0,0,0.0,0.0,692,240.0,0,0,0.0,577.0,211.0,0,0,0.0,464.0,182.0,0.0,0.0,0.0,0,0,3901,0,0.0,0.0,0.0,0.0,0.0,0.0,0.0,0.0,0.0,0.0,0.0,566.0,210.0,0.0,558.0,210.0,0.0,524.0,203.0,0.0,569.0,210.0,,,,27,,Rob,Holding,Holding,Has joined Colorado Rapids permanently.,,0,0,0,0,0,0,0,0,0,0,0,0,0,,,,0.0,0.0,0.0,0.0,0.0,0,0,0
265,a,100.0,100.0,4.0,720,197.0,0,0.0,0,0.0,0.0,725,251.0,0,0,0.0,621.0,236.0,0,0,0.0,512.0,210.0,0.0,0.0,0.0,672,7,2245,1,-0.5,0.5,0.0,0.0,0.0,0.0,0.0,0.0,0.0,0.0,0.0,610.0,235.0,0.0,603.0,235.0,0.0,571.0,230.0,0.0,613.0,235.0,,,,27,,Caleb,Kporha,Kporha,,,0,0,0,0,0,0,0,0,0,0,0,0,0,,,,0.0,0.0,0.0,0.0,0.0,0,0,0
267,a,100.0,100.0,6.4,57,36.0,0,0.0,-1,1.0,4.0,84,27.0,71,0,4.4,40.0,20.0,6,222,3.8,44.0,21.0,0.6,11.1,0.0,2523437,644,2634030,1536,3.3,4.3,6.31,0.63,6.93,18.39,0.42,0.04,0.46,1.21,279.6,187.0,74.0,191.6,151.0,105.0,311.0,63.0,38.0,78.4,118.0,66.0,,,,27,,Ismaïla,Sarr,Sarr,,,1366,5,1,7,16,0,0,0,1,0,0,16,91,,,,0.0,0.46,1.05,1.05,6.0,12,29,50
268,i,0.0,0.0,4.9,326,203.0,0,0.0,-1,1.0,0.0,791,349.0,0,0,0.0,770.0,333.0,0,0,0.0,726.0,304.0,0.0,0.0,0.0,409,2,638,1,0.0,0.0,0.0,0.0,0.0,0.0,0.0,0.0,0.0,0.0,0.0,769.0,332.0,0.0,766.0,333.0,0.0,760.0,331.0,0.0,770.0,333.0,,,,27,,Cheick,Doucouré,Doucouré,Knee injury - Unknown return date,,0,0,0,0,0,0,0,0,0,0,0,0,0,,,,0.0,0.0,0.0,0.0,0.0,0,0,0
269,u,0.0,0.0,4.7,395,247.0,0,0.0,-3,3.0,0.1,452,155.0,4,0,1.0,485.0,223.0,0,12,0.0,699.0,285.0,0.0,0.9,0.0,11622,0,28534,12,0.0,0.0,0.0,0.04,0.04,1.74,0.0,0.09,0.09,3.92,6.8,462.0,209.0,2.7,447.0,215.0,6.0,420.0,205.0,1.5,472.0,216.0,,,,27,,Romain,Esse,Esse,has joined Coventry City on loan for the rest of the season.,,40,0,0,0,0,0,0,0,0,0,0,0,5,,,,0.0,0.0,0.0,0.0,11.25,3,0,2
270,a,100.0,100.0,4.7,378,236.0,0,0.0,-3,3.0,0.1,464,159.0,37,0,1.6,387.0,171.0,0,178,1.2,242.0,103.0,0.3,7.9,0.0,20866,8,23702,13,0.7,1.7,1.06,1.64,2.7,16.88,0.08,0.13,0.21,1.32,151.4,290.0,129.0,274.2,95.0,69.0,81.0,257.0,138.0,50.7,224.0,113.0,5.0,,,27,,Will,Hughes,Hughes,,,1155,0,1,5,13,0,0,0,5,0,0,13,113,,,,0.0,0.39,1.01,1.01,8.81,21,41,51
271,a,100.0,100.0,5.0,250,152.0,0,0.0,0,0.0,0.1,528,190.0,48,0,3.0,191.0,79.0,0,218,0.6,310.0,139.0,0.1,9.6,0.0,43513,7,42638,3,0.1,1.1,1.36,1.96,3.32,14.71,0.1,0.14,0.24,1.06,155.0,289.0,128.0,199.0,146.0,100.0,126.0,205.0,112.0,48.1,233.0,117.0,2.0,,,27,,Daichi,Kamada,Kamada,,,1250,0,2,6,14,0,0,0,1,0,0,15,140,,,,0.0,0.43,1.01,1.08,10.08,42,24,74
272,i,0.0,0.0,4.9,290,180.0,0,0.0,-1,1.0,0.1,523,189.0,51,0,2.2,306.0,135.0,3,205,3.2,80.0,37.0,0.7,10.4,0.0,11933,0,13019,69,0.0,0.0,1.01,0.91,1.92,14.61,0.08,0.07,0.15,1.14,215.6,239.0,104.0,152.9,187.0,125.0,174.0,139.0,80.0,54.3,213.0,105.0,,,,27,,Jefferson,Lerma Solís,Lerma,Hamstring injury - Expected back 14 Mar,,1156,0,4,5,15,1,0,0,6,0,0,12,147,,,,0.0,0.39,1.17,0.93,11.44,18,64,65
273,a,100.0,100.0,5.0,268,163.0,0,0.0,0,0.0,0.6,232,81.0,76,0,3.3,145.0,63.0,4,362,1.8,195.0,83.0,0.4,15.2,0.0,164098,66,164974,114,1.3,2.3,1.04,5.05,6.08,28.94,0.05,0.24,0.29,1.37,323.4,148.0,52.0,471.8,25.0,24.0,116.0,215.0,118.0,91.3,84.0,50.0,3.0,,,27,,Adam,Wharton,Wharton,,,1898,0,4,7,30,0,0,0,3,1,0,23,226,,,,0.0,0.33,1.42,1.09,10.72,54,53,119
274,a,,,4.3,612,358.0,0,0.0,-2,2.0,0.1,491,174.0,0,0,0.0,655.0,250.0,0,0,0.0,566.0,192.0,0.0,0.0,0.0,11659,60,8974,22,-0.5,0.5,0.0,0.0,0.0,0.0,0.0,0.0,0.0,0.0,0.0,644.0,240.0,0.0,641.0,246.0,0.0,616.0,234.0,0.0,647.0,243.0,,,,27,,Asher,Agbinone,Agbinone,,,0,0,0,0,0,0,0,0,0,0,0,0,0,,,,0.0,0.0,0.0,0.0,0.0,0,0,0
275,u,0.0,0.0,4.3,589,345.0,0,0.0,-2,2.0,0.0,620,241.0,0,0,0.0,643.0,240.0,0,0,0.0,549.0,179.0,0.0,0.0,0.0,5497,0,7611,2,0.0,0.0,0.0,0.0,0.0,0.0,0.0,0.0,0.0,0.0,0.0,632.0,230.0,0.0,628.0,236.0,0.0,602.0,223.0,0.0,635.0,233.0,,,,27,,Naouirou,Ahamada,Ahamada,has joined AJ Auxerre permanently.,,0,0,0,0,0,0,0,0,0,0,0,0,0,,,,0.0,0.0,0.0,0.0,0.0,0,0,0
276,a,100.0,100.0,4.3,593,347.0,0,0.0,-2,2.0,1.3,165,54.0,29,0,1.6,385.0,169.0,0,81,0.0,551.0,181.0,0.0,6.7,0.0,278014,252,318987,169,-0.5,0.5,2.38,0.36,2.74,10.05,0.36,0.05,0.41,1.53,86.6,354.0,158.0,94.5,253.0,155.0,164.0,149.0,85.0,34.5,295.0,146.0,,2.0,,27,,Justin,Devenny,Devenny,,,593,1,0,1,10,0,0,0,0,0,0,5,48,,,,0.0,0.15,1.52,0.76,7.28,16,8,24
277,u,0.0,0.0,4.5,433,259.0,0,0.0,0,0.0,0.0,795,351.0,0,0,0.0,699.0,276.0,0,0,0.0,625.0,226.0,0.0,0.0,0.0,0,0,747,0,0.0,0.0,0.0,0.0,0.0,0.0,0.0,0.0,0.0,0.0,0.0,692.0,270.0,0.0,689.0,274.0,0.0,671.0,267.0,0.0,695.0,273.0,,,,27,,Malcolm,Ebiowei,Ebiowei,Has joined Blackpool permanently.,,0,0,0,0,0,0,0,0,0,0,0,0,0,,,,0.0,0.0,0.0,0.0,0.0,0,0,0
278,u,0.0,0.0,4.4,542,324.0,0,0.0,-1,1.0,0.0,643,257.0,0,0,0.0,669.0,257.0,0,0,0.0,586.0,202.0,0.0,0.0,0.0,4359,0,9468,0,0.0,0.0,0.0,0.0,0.0,0.0,0.0,0.0,0.0,0.0,0.0,659.0,248.0,0.0,656.0,254.0,0.0,633.0,243.0,0.0,662.0,251.0,,,,27,,Jesurun,Rak-Sakyi,J.Rak-Sakyi,has joined Stoke City on loan for the rest of the season.,,0,0,0,0,0,0,0,0,0,0,0,0,0,,,,0.0,0.0,0.0,0.0,0.0,0,0,0
279,u,0.0,0.0,4.5,463,280.0,0,0.0,0,0.0,0.0,762,326.0,0,0,0.0,717.0,293.0,0,0,0.0,645.0,244.0,0.0,0.0,0.0,95,0,1645,0,0.0,0.0,0.0,0.0,0.0,0.0,0.0,0.0,0.0,0.0,0.0,711.0,288.0,0.0,708.0,291.0,0.0,691.0,284.0,0.0,713.0,290.0,,,,27,,Matheus,França de Oliveira,M.França,Has joined CR Vasco da Gama on loan for the rest of the season.,,0,0,0,0,0,0,0,0,0,0,0,0,0,,,,0.0,0.0,0.0,0.0,0.0,0,0,0
280,u,0.0,0.0,4.5,458,275.0,0,0.0,0,0.0,0.0,810,361.0,0,0,0.0,714.0,290.0,0,0,0.0,642.0,241.0,0.0,0.0,0.0,0,0,191,0,0.0,0.0,0.0,0.0,0.0,0.0,0.0,0.0,0.0,0.0,0.0,708.0,285.0,0.0,705.0,288.0,0.0,688.0,281.0,0.0,710.0,287.0,,,,27,,David,Ozoh,Ozoh,Has joined Derby County on loan for the rest of the season.,,0,0,0,0,0,0,0,0,0,0,0,0,0,,,,0.0,0.0,0.0,0.0,0.0,0,0,0
281,a,,,4.4,553,332.0,0,0.0,-1,1.0,0.0,584,219.0,1,0,1.0,468.0,208.0,0,2,0.0,592.0,208.0,0.0,0.2,0.0,5521,12,6658,2,-0.5,0.5,0.0,0.0,0.0,0.65,0.0,0.0,0.0,19.5,0.0,665.0,254.0,0.1,485.0,235.0,0.0,640.0,250.0,0.0,668.0,257.0,,,,27,,Kaden,Rodney,Rodney,,,3,0,0,0,0,0,0,0,0,0,0,0,0,,,,0.0,0.0,0.0,0.0,0.0,0,0,0
282,u,0.0,0.0,4.5,477,291.0,0,0.0,0,0.0,0.0,696,288.0,0,0,0.0,726.0,300.0,0,0,0.0,657.0,254.0,0.0,0.0,0.0,860,0,3046,0,0.0,0.0,0.0,0.0,0.0,0.0,0.0,0.0,0.0,0.0,0.0,722.0,297.0,0.0,718.0,299.0,0.0,703.0,294.0,0.0,724.0,299.0,,,,27,,Franco,Umeh-Chibueze,Umeh,has joined Portsmouth permanently.,,0,0,0,0,0,0,0,0,0,0,0,0,0,,,,0.0,0.0,0.0,0.0,0.0,0,0,0
283,i,0.0,0.0,7.5,23,8.0,0,0.0,0,0.0,6.9,55,11.0,84,0,3.7,100.0,7.0,9,281,0.4,348.0,47.0,0.1,11.2,0.0,4729695,8,5087807,1598,0.0,0.0,11.88,1.26,13.14,26.67,0.56,0.06,0.62,1.26,411.8,89.0,6.0,119.7,217.0,22.0,664.0,6.0,4.0,119.4,38.0,9.0,,,2.0,27,,Jean-Philippe,Mateta,Mateta,Knee injury - Expected back 14 Mar,,1904,8,0,8,23,0,0,0,2,0,0,23,110,,,,0.0,0.38,1.09,1.09,5.2,8,51,51
284,i,0.0,0.0,5.4,166,43.0,0,0.0,-1,1.0,0.3,315,51.0,23,0,1.9,348.0,41.0,3,100,0.0,775.0,82.0,0.0,4.3,0.0,124289,6,144207,48,0.0,0.0,1.77,0.46,2.23,9.49,0.38,0.1,0.48,2.06,120.0,318.0,31.0,84.6,271.0,26.0,173.0,140.0,33.0,37.8,281.0,33.0,,,,27,,Eddie,Nketiah,Nketiah,Hamstring injury - Unknown return date,,414,2,0,0,12,0,0,0,2,0,0,2,38,,,,0.0,0.0,2.61,0.43,8.26,8,13,17
285,u,0.0,0.0,5.0,247,54.0,0,0.0,0,0.0,0.2,369,59.0,1,0,1.0,493.0,60.0,0,6,0.0,740.0,79.0,0.0,0.2,0.0,9044,0,89339,5,0.0,0.0,0.0,0.0,0.0,0.27,0.0,0.0,0.0,12.15,2.0,483.0,57.0,0.0,775.0,86.0,0.0,772.0,86.0,0.2,500.0,62.0,,,,27,,Odsonne,Édouard,Édouard,has joined RC Lens permanently.,,2,0,0,0,0,0,0,0,0,0,0,0,1,,,,0.0,0.0,0.0,0.0,45.0,1,0,0
286,a,,,4.4,560,80.0,0,0.0,-1,1.0,0.3,304,49.0,0,0,0.0,680.0,73.0,0,0,0.0,599.0,63.0,0.0,0.0,0.0,49806,34,56303,40,-0.5,0.5,0.0,0.0,0.0,0.0,0.0,0.0,0.0,0.0,0.0,672.0,73.0,0.0,668.0,72.0,0.0,647.0,72.0,0.0,675.0,73.0,,,,27,,Zach,Marsh,Marsh,,,0,0,0,0,0,0,0,0,0,0,0,0,0,,,,0.0,0.0,0.0,0.0,0.0,0,0,0
580,a,,,6.5,50,32.0,0,0.0,-5,5.0,2.4,118,37.0,45,0,2.0,335.0,147.0,2,149,1.2,252.0,110.0,0.2,6.9,0.0,1140864,38,1310189,218,0.7,1.7,1.72,0.7,2.42,17.24,0.15,0.06,0.21,1.47,162.4,280.0,123.0,160.1,180.0,122.0,185.0,132.0,76.0,50.5,226.0,114.0,,,,27,,Brennan,Johnson,Johnson,,,1052,2,0,4,12,0,0,0,4,0,0,11,70,,,,0.0,0.34,1.03,0.94,5.99,17,23,30
654,a,100.0,100.0,6.2,73,23.0,0,0.0,-3,3.0,2.5,116,20.0,53,0,2.2,312.0,35.0,3,148,3.2,87.0,8.0,0.5,8.5,0.0,422668,1450,629225,1419,2.7,3.7,3.76,0.52,4.28,23.41,0.21,0.03,0.24,1.33,195.2,255.0,23.0,123.0,211.0,21.0,343.0,54.0,21.0,65.3,163.0,19.0,,,,27,,Jørgen,Strand Larsen,Strand Larsen,,,1579,3,1,4,29,0,0,1,3,0,0,16,61,,,,0.0,0.23,1.65,0.91,3.48,6,33,22
677,a,100.0,100.0,6.2,76,50.0,0,0.0,-3,3.0,0.0,599,227.0,30,0,2.0,334.0,146.0,0,98,1.0,275.0,121.0,0.2,4.8,0.0,8540,15,12621,14,0.5,1.5,1.27,0.5,1.77,9.39,0.17,0.07,0.24,1.25,115.6,321.0,145.0,68.2,295.0,169.0,146.0,171.0,97.0,32.6,306.0,151.0,,,,27,,Evann,Guessand,Guessand,,,674,0,3,1,13,0,0,0,0,0,0,7,65,,,,0.0,0.13,1.74,0.93,8.68,22,11,32
690,a,100.0,100.0,4.4,564,338.0,0,0.0,-1,1.0,0.3,332,115.0,0,0,0.0,683.0,266.0,0,0,0.0,602.0,213.0,0.0,0.0,0.0,57990,6,55281,5,-0.5,0.5,0.0,0.0,0.0,0.0,0.0,0.0,0.0,0.0,0.0,675.0,259.0,0.0,671.0,264.0,0.0,650.0,255.0,0.0,678.0,262.0,,,,27,,Rio,Cardines,Cardines,,,0,0,0,0,0,0,0,0,0,0,0,0,0,,,,0.0,0.0,0.0,0.0,0.0,0,0,0
773,a,,,4.0,733,210.0,0,0.0,0,0.0,0.0,730,253.0,0,0,0.0,629.0,244.0,0,0,0.0,521.0,219.0,0.0,0.0,0.0,590,1,405,4,-0.5,0.5,0.0,0.0,0.0,0.0,0.0,0.0,0.0,0.0,0.0,618.0,243.0,0.0,611.0,243.0,0.0,581.0,240.0,0.0,621.0,243.0,,,,27,,Dean,Benamar,Benamar,,,0,0,0,0,0,0,0,0,0,0,0,0,0,,,,0.0,0.0,0.0,0.0,0.0,0,0,0
780,a,,,4.5,507,73.0,0,0.0,0,0.0,0.0,666,85.0,0,0,0.0,747.0,82.0,0,0,0.0,682.0,72.0,0.0,0.0,0.0,2626,15,963,9,-0.5,0.5,0.0,0.0,0.0,0.0,0.0,0.0,0.0,0.0,0.0,746.0,82.0,0.0,741.0,81.0,0.0,727.0,81.0,0.0,747.0,82.0,,,,27,,Ben,Casey,Casey,,,0,0,0,0,0,0,0,0,0,0,0,0,0,,,,0.0,0.0,0.0,0.0,0.0,0,0,0
798,u,0.0,0.0,4.0,698,181.0,0,0.0,0,0.0,0.0,794,263.0,0,0,0.0,603.0,224.0,0,0,0.0,492.0,196.0,0.0,0.0,0.0,142,0,144,0,0.0,0.0,0.0,0.0,0.0,0.0,0.0,0.0,0.0,0.0,0.0,592.0,223.0,0.0,585.0,223.0,0.0,552.0,217.0,0.0,595.0,223.0,,,,27,,Danny,Imray,Imray,has joined West Brom on loan for the rest of the season.,,0,0,0,0,0,0,0,0,0,0,0,0,0,,,,0.0,0.0,0.0,0.0,0.0,0,0,0
242,a,100.0,100.0,4.9,312,195.0,0,0.0,-1,1.0,3.3,101,32.0,93,0,4.9,16.0,10.0,13,360,3.6,54.0,26.0,0.7,19.0,0.0,1719490,1572,1843636,424,3.6,3.1,2.37,3.26,5.63,22.44,0.14,0.19,0.33,1.29,346.0,129.0,43.0,372.9,49.0,43.0,251.0,90.0,55.0,97.0,73.0,43.0,2.0,,,27,,Kiernan,Dewsbury-Hall,Dewsbury-Hall,,,1560,5,4,6,20,0,0,0,5,0,0,18,126,,,,0.0,0.35,1.15,1.04,7.27,30,30,66
243,a,,,4.8,374,235.0,0,0.0,-2,2.0,0.1,534,194.0,7,0,1.2,438.0,196.0,0,4,0.6,307.0,137.0,0.1,1.5,0.0,8553,17,9549,7,0.6,0.1,0.4,0.12,0.52,2.34,0.16,0.05,0.21,0.94,8.2,459.0,207.0,11.8,407.0,202.0,66.0,277.0,149.0,8.2,417.0,189.0,,,,27,,Tyrique,George,George,,,224,0,0,1,3,0,0,0,2,0,0,1,10,,,,0.0,0.4,1.21,0.4,4.02,2,1,7
287,a,,,5.6,124,2.0,0,0.0,1,-1.0,13.3,28,4.0,108,0,4.2,53.0,1.0,11,422,1.6,212.0,18.0,0.3,19.3,0.0,1531286,720,1299421,1897,1.6,1.1,0.0,0.14,0.14,38.14,0.0,0.01,0.01,1.47,624.0,17.0,4.0,0.2,480.0,13.0,2.0,451.0,2.0,62.6,176.0,5.0,,,,27,,Jordan,Pickford,Pickford,,,2340,0,0,9,30,0,1,0,1,0,71,26,97,,,,2.73,0.35,1.15,1.0,0.0,1,36,220
288,a,,,4.3,584,28.0,0,0.0,-2,2.0,0.1,456,69.0,0,0,0.0,642.0,89.0,0,0,0.0,548.0,83.0,0.0,0.0,0.0,4427,5,11766,8,0.0,-0.5,0.0,0.0,0.0,0.0,0.0,0.0,0.0,0.0,0.0,631.0,89.0,0.0,627.0,80.0,0.0,601.0,68.0,0.0,634.0,89.0,,,,27,,Mark,Travers,Travers,,,0,0,0,0,0,0,0,0,0,0,0,0,0,,,,0.0,0.0,0.0,0.0,0.0,0,0,0
289,u,0.0,0.0,3.9,757,80.0,0,0.0,-1,1.0,0.1,484,73.0,0,0,0.0,550.0,48.0,0,0,0.0,436.0,39.0,0.0,0.0,0.0,4633,0,9763,8,0.0,0.0,0.0,0.0,0.0,0.0,0.0,0.0,0.0,0.0,0.0,539.0,48.0,0.0,529.0,33.0,0.0,494.0,19.0,0.0,542.0,48.0,,,,27,,Harry,Tyrer,Tyrer,has joined Cardiff City permanently.,,0,0,0,0,0,0,0,0,0,0,0,0,0,,,,0.0,0.0,0.0,0.0,0.0,0,0,0
290,a,100.0,100.0,5.3,200,24.0,0,0.0,-2,2.0,0.2,360,131.0,7,0,1.8,371.0,136.0,0,30,1.4,236.0,88.0,0.3,1.3,0.0,14480,122,71636,43,1.4,0.9,0.18,0.04,0.22,3.03,0.07,0.02,0.09,1.2,38.2,415.0,156.0,16.2,395.0,143.0,24.0,362.0,121.0,7.8,423.0,150.0,,,,27,,Jarrad,Branthwaite,Branthwaite,,,228,0,1,0,3,0,0,0,1,0,0,2,20,,,,0.0,0.0,1.18,0.79,7.89,2,18,12
291,a,,,5.7,113,9.0,0,0.0,2,-2.0,11.4,31,11.0,117,0,4.5,33.0,12.0,6,420,1.8,197.0,71.0,0.3,20.5,0.0,2267945,1061,1673390,4871,1.8,1.3,1.72,1.3,3.02,38.14,0.07,0.05,0.12,1.47,650.0,12.0,4.0,174.1,170.0,41.0,232.0,97.0,11.0,106.0,50.0,6.0,,,,27,,James,Tarkowski,Tarkowski,,,2340,0,1,9,30,0,0,0,4,0,0,26,304,,,,0.0,0.35,1.15,1.0,10.69,36,242,62
292,a,100.0,100.0,4.9,314,50.0,0,0.0,-1,1.0,0.6,242,91.0,67,0,3.0,190.0,77.0,1,248,1.0,265.0,97.0,0.2,13.7,0.0,137526,56,165537,183,1.0,0.5,0.28,2.14,2.42,31.58,0.01,0.1,0.11,1.44,356.6,119.0,53.0,272.0,97.0,24.0,65.0,281.0,81.0,69.3,146.0,46.0,,,,27,,Vitalii,Mykolenko,Mykolenko,,,1969,0,1,7,28,1,0,0,5,0,0,22,169,,,,0.0,0.32,1.28,1.01,6.72,29,118,71
293,a,100.0,0.0,4.9,340,56.0,0,0.0,-1,1.0,0.7,223,85.0,86,0,3.3,143.0,56.0,2,290,2.0,179.0,65.0,0.4,17.6,0.0,162035,23,152936,615,2.0,0.0,0.83,0.68,1.51,37.23,0.03,0.03,0.06,1.53,415.4,87.0,39.0,211.0,134.0,34.0,124.0,209.0,53.0,75.3,123.0,39.0,,,,27,,Jake,O'Brien,O'Brien,,,2186,0,2,8,29,0,0,0,2,1,0,24,195,,,,0.0,0.33,1.19,0.99,6.88,39,128,86
294,a,100.0,100.0,4.2,625,141.0,0,0.0,-3,3.0,0.1,485,173.0,3,0,1.0,459.0,170.0,0,10,0.0,529.0,223.0,0.0,0.7,0.0,6064,11,17413,6,0.0,-0.5,0.0,0.0,0.0,0.24,0.0,0.0,0.0,1.96,0.0,624.0,246.0,0.1,481.0,175.0,0.0,588.0,243.0,0.0,627.0,246.0,,,,27,,Séamus,Coleman,Coleman,,,11,0,0,0,0,0,0,0,0,0,0,1,0,,,,0.0,0.0,0.0,8.18,0.0,0,0,1
295,a,100.0,100.0,4.7,377,63.0,0,0.0,2,-2.0,3.6,91,32.0,103,0,4.7,25.0,10.0,8,309,1.4,228.0,87.0,0.3,21.9,0.0,1378088,400,995220,1327,1.4,0.9,1.85,0.18,2.03,31.49,0.09,0.01,0.1,1.53,556.4,35.0,14.0,27.6,373.0,132.0,215.0,104.0,14.0,79.8,114.0,36.0,,,,27,,Michael,Keane,Keane,,,1857,3,0,6,27,0,0,0,0,1,0,21,243,,,,0.0,0.29,1.31,1.02,10.32,25,188,61
296,a,100.0,100.0,4.4,535,114.0,0,0.0,-1,1.0,0.0,621,221.0,21,0,3.5,116.0,42.0,0,68,0.6,303.0,105.0,0.1,4.8,0.0,5622,4,6067,8,0.6,0.1,0.03,0.04,0.07,3.55,0.01,0.02,0.03,1.35,63.6,386.0,148.0,6.4,435.0,157.0,17.0,383.0,135.0,8.6,415.0,148.0,,,,27,,Nathan,Patterson,Patterson,,,237,0,0,2,1,0,0,0,0,0,0,3,30,,,,0.0,0.76,0.38,1.14,11.39,10,20,14
297,u,0.0,0.0,3.8,797,246.0,0,0.0,-2,2.0,0.2,396,147.0,0,0,0.0,524.0,190.0,0,0,0.0,407.0,157.0,0.0,0.0,0.0,9298,0,20894,20,0.0,0.0,0.0,0.0,0.0,0.0,0.0,0.0,0.0,0.0,0.0,513.0,189.0,0.0,500.0,187.0,0.0,464.0,178.0,0.0,516.0,189.0,,,,27,,Roman,Dixon,Dixon,has joined Stockport County on loan for the rest of the season.,,0,0,0,0,0,0,0,0,0,0,0,0,0,,,,0.0,0.0,0.0,0.0,0.0,0,0,0
298,a,,,3.8,795,244.0,0,0.0,-2,2.0,0.1,423,156.0,0,0,0.0,522.0,188.0,0,0,0.0,405.0,155.0,0.0,0.0,0.0,7331,16,14536,5,0.0,-0.5,0.0,0.0,0.0,0.0,0.0,0.0,0.0,0.0,0.0,511.0,187.0,0.0,498.0,185.0,0.0,462.0,176.0,0.0,514.0,187.0,,,,27,,Reece,Welch,Welch,,,0,0,0,0,0,0,0,0,0,0,0,0,0,,,,0.0,0.0,0.0,0.0,0.0,0,0,0
299,a,100.0,100.0,6.2,74,49.0,0,0.0,-3,3.0,3.9,87,29.0,88,0,4.4,39.0,19.0,5,361,3.0,99.0,47.0,0.5,14.2,0.0,1664210,792,2493361,348,3.0,2.5,4.38,3.64,8.02,25.25,0.23,0.19,0.42,1.33,417.0,83.0,27.0,309.9,77.0,58.0,384.0,38.0,23.0,111.3,45.0,32.0,,,1.0,27,,Iliman,Ndiaye,Ndiaye,,,1703,5,2,6,24,0,0,0,2,0,0,20,186,,,,0.0,0.32,1.27,1.06,9.83,46,21,119
300,a,,,5.5,144,89.0,0,0.0,-5,5.0,0.1,418,142.0,29,0,2.1,320.0,140.0,0,99,0.2,389.0,174.0,0.0,5.3,0.0,31359,7,62471,24,0.2,-0.3,0.46,0.68,1.14,12.17,0.07,0.1,0.17,1.78,76.0,371.0,165.0,127.8,205.0,136.0,45.0,317.0,167.0,24.9,340.0,163.0,,,,27,,Dwight,McNeil,McNeil,,,615,0,2,3,4,0,0,0,1,0,0,7,53,,,,0.0,0.44,0.59,1.02,7.76,11,11,31
301,a,100.0,100.0,5.2,215,133.0,0,0.0,-3,3.0,0.1,513,186.0,26,0,1.6,393.0,175.0,0,111,0.2,385.0,171.0,0.0,5.0,0.0,17001,4,29222,3,0.2,-0.3,1.04,0.44,1.48,13.03,0.14,0.06,0.2,1.76,83.0,358.0,160.0,144.5,192.0,128.0,156.0,159.0,88.0,38.4,279.0,137.0,,,,27,,Carlos,Alcaraz Durán,Alcaraz,,,667,0,1,3,8,0,0,0,3,0,0,6,64,,,,0.0,0.4,1.08,0.81,8.64,13,10,41
302,a,100.0,100.0,5.4,156,96.0,0,0.0,-1,1.0,0.1,495,177.0,55,0,3.2,161.0,69.0,4,274,2.2,163.0,75.0,0.4,10.2,0.0,22540,23,28008,9,2.2,1.7,1.26,0.87,2.13,22.05,0.08,0.06,0.14,1.42,265.0,201.0,83.0,179.8,162.0,114.0,147.0,169.0,95.0,59.2,192.0,100.0,,,,27,,Idrissa Gana,Gueye,Gana,,,1400,2,1,3,18,0,0,0,1,1,0,17,145,,,,0.0,0.19,1.16,1.09,9.32,33,36,76
303,a,,,5.2,212,131.0,0,0.0,2,-2.0,3.9,85,28.0,111,0,4.3,43.0,21.0,11,565,2.4,144.0,64.0,0.5,21.3,0.0,979932,753,516355,1463,2.4,1.9,1.78,4.25,6.03,38.08,0.07,0.16,0.23,1.47,598.2,22.0,6.0,590.2,12.0,12.0,198.0,118.0,68.0,138.8,22.0,18.0,3.0,3.0,,27,,James,Garner,Garner,,,2333,2,3,9,30,0,0,0,6,0,0,26,322,,,,0.0,0.35,1.16,1.0,12.42,79,109,134
304,a,100.0,100.0,4.8,368,230.0,0,0.0,-2,2.0,0.0,616,239.0,50,0,2.6,254.0,104.0,1,158,0.2,376.0,166.0,0.0,10.4,0.0,5538,5,6329,5,0.2,-0.3,0.35,0.58,0.93,15.04,0.03,0.06,0.09,1.45,162.8,278.0,121.0,79.6,278.0,162.0,46.0,315.0,166.0,28.7,327.0,156.0,,,,27,,Tim,Iroegbunam,Iroegbunam,,,934,0,3,7,9,0,0,0,8,0,0,11,126,,,,0.0,0.67,0.87,1.06,12.14,43,28,55
305,a,100.0,100.0,4.5,498,306.0,0,0.0,0,0.0,0.1,507,182.0,15,0,1.9,339.0,148.0,0,57,1.2,241.0,102.0,0.3,3.3,0.0,10611,36,16833,25,1.2,0.7,0.7,0.17,0.87,7.49,0.15,0.04,0.19,1.64,47.0,403.0,179.0,50.9,330.0,181.0,59.0,296.0,157.0,15.8,376.0,177.0,,,,27,,Harrison,Armstrong,Armstrong,,,410,0,0,1,6,0,0,0,0,0,0,5,42,,,,0.0,0.22,1.32,1.1,9.22,10,13,19
306,a,,,4.3,609,356.0,0,0.0,-2,2.0,0.1,482,169.0,0,0,0.0,653.0,248.0,0,0,0.0,563.0,190.0,0.0,0.0,0.0,13289,26,13767,9,0.0,-0.5,0.0,0.0,0.0,0.0,0.0,0.0,0.0,0.0,0.0,642.0,238.0,0.0,639.0,244.0,0.0,614.0,232.0,0.0,645.0,241.0,,,,27,,Callum,Bates,Bates,,,0,0,0,0,0,0,0,0,0,0,0,0,0,,,,0.0,0.0,0.0,0.0,0.0,0,0,0
307,a,,,4.4,548,328.0,0,0.0,-1,1.0,0.0,602,229.0,0,0,0.0,672.0,260.0,0,0,0.0,589.0,205.0,0.0,0.0,0.0,4572,3,6139,5,0.0,-0.5,0.0,0.0,0.0,0.0,0.0,0.0,0.0,0.0,0.0,662.0,251.0,0.0,659.0,257.0,0.0,636.0,246.0,0.0,665.0,254.0,,,,27,,Coby,Ebere,Ebere,,,0,0,0,0,0,0,0,0,0,0,0,0,0,,,,0.0,0.0,0.0,0.0,0.0,0,0,0
308,u,0.0,0.0,4.5,452,270.0,0,0.0,0,0.0,0.0,693,286.0,0,0,0.0,709.0,285.0,0,0,0.0,636.0,236.0,0.0,0.0,0.0,458,0,3740,1,0.0,0.0,0.0,0.0,0.0,0.0,0.0,0.0,0.0,0.0,0.0,703.0,280.0,0.0,700.0,283.0,0.0,683.0,276.0,0.0,705.0,282.0,,,,27,,Isaac,Heath,Heath,has joined Accrington on loan for the rest of the season.,,0,0,0,0,0,0,0,0,0,0,0,0,0,,,,0.0,0.0,0.0,0.0,0.0,0,0,0
309,u,0.0,0.0,4.5,448,268.0,0,0.0,0,0.0,0.0,816,366.0,0,0,0.0,707.0,283.0,0,0,0.0,634.0,234.0,0.0,0.0,0.0,0,0,113,0,0.0,0.0,0.0,0.0,0.0,0.0,0.0,0.0,0.0,0.0,0.0,701.0,278.0,0.0,698.0,281.0,0.0,681.0,274.0,0.0,703.0,280.0,,,,27,,Jenson,Metcalfe,Metcalfe,Has joined Bradford City permanently.,,0,0,0,0,0,0,0,0,0,0,0,0,0,,,,0.0,0.0,0.0,0.0,0.0,0,0,0
310,a,,,5.7,120,33.0,0,0.0,-3,3.0,1.1,185,30.0,65,0,2.5,275.0,29.0,5,189,3.0,98.0,10.0,0.5,11.4,0.0,272827,224,225224,599,3.0,2.5,5.22,0.35,5.57,23.64,0.32,0.02,0.34,1.43,212.8,242.0,21.0,162.2,179.0,15.0,375.0,42.0,17.0,72.7,133.0,17.0,,,,27,,Thierno,Barry,Barry,,,1486,5,0,7,20,0,0,0,2,0,0,18,49,,,,0.0,0.42,1.21,1.09,2.97,2,24,23
311,a,,,5.0,265,55.0,0,0.0,-5,5.0,2.4,119,21.0,46,0,1.8,368.0,43.0,3,114,1.8,194.0,26.0,0.4,9.2,0.0,451891,135,1113089,247,1.8,1.3,5.15,0.15,5.3,15.91,0.53,0.02,0.55,1.63,161.8,281.0,27.0,55.2,321.0,34.0,347.0,52.0,20.0,54.8,212.0,27.0,,,2.0,27,,Norberto Bercique,Gomes Betuncal,Beto,,,881,3,0,2,13,0,0,0,2,0,0,8,51,,,,0.0,0.2,1.33,0.82,5.21,9,25,17
312,u,0.0,0.0,4.9,337,62.0,0,0.0,-1,1.0,0.1,546,77.0,0,0,0.0,774.0,86.0,0,0,0.0,731.0,78.0,0.0,0.0,0.0,2418,0,14503,2,0.0,0.0,0.0,0.0,0.0,0.0,0.0,0.0,0.0,0.0,0.0,773.0,86.0,0.0,770.0,85.0,0.0,764.0,85.0,0.0,774.0,86.0,,,,27,,Youssef,Ramalho Chermiti,Y.Chermiti,has joined Rangers permanently.,,0,0,0,0,0,0,0,0,0,0,0,0,0,,,,0.0,0.0,0.0,0.0,0.0,0,0,0
313,u,0.0,0.0,4.4,555,78.0,0,0.0,-1,1.0,0.1,442,65.0,0,0,0.0,676.0,71.0,0,0,0.0,594.0,61.0,0.0,0.0,0.0,9203,0,26242,3,0.0,0.0,0.0,0.0,0.0,0.0,0.0,0.0,0.0,0.0,0.0,667.0,71.0,0.0,663.0,70.0,0.0,642.0,70.0,0.0,670.0,71.0,,,,27,,Martin,Sherif,Sherif,has joined Port Vale on loan for the rest of the season.,,0,0,0,0,0,0,0,0,0,0,0,0,0,,,,0.0,0.0,0.0,0.0,0.0,0,0,0
419,i,0.0,0.0,6.3,65,43.0,0,0.0,-2,2.0,6.1,59,21.0,79,0,4.0,76.0,34.0,12,356,0.0,803.0,359.0,0.0,12.5,0.0,3790181,6,3743257,842,0.0,0.0,2.05,3.37,5.41,25.81,0.11,0.19,0.3,1.43,374.2,108.0,35.0,520.5,20.0,20.0,397.0,35.0,20.0,129.2,27.0,22.0,,,,27,,Jack,Grealish,Grealish,Foot injury - Expected back 01 Jun,,1627,2,6,7,23,0,0,0,3,1,0,18,135,,,,0.0,0.39,1.27,1.0,7.47,20,27,88
630,a,,,3.9,745,74.0,0,0.0,-1,1.0,1.3,168,21.0,0,0,0.0,542.0,42.0,0,0,0.0,428.0,33.0,0.0,0.0,0.0,70053,30,96750,52,0.0,-0.5,0.0,0.0,0.0,0.0,0.0,0.0,0.0,0.0,0.0,531.0,42.0,0.0,521.0,27.0,0.0,486.0,13.0,0.0,534.0,42.0,,,,27,,Tom,King,King,,,0,0,0,0,0,0,0,0,0,0,0,0,0,,,,0.0,0.0,0.0,0.0,0.0,0,0,0
667,a,100.0,100.0,4.2,639,151.0,0,0.0,-3,3.0,0.1,572,205.0,0,0,0.0,636.0,247.0,0,0,0.0,533.0,225.0,0.0,0.0,0.0,2614,4,12320,3,0.0,-0.5,0.0,0.0,0.0,0.0,0.0,0.0,0.0,0.0,0.0,626.0,247.0,0.0,621.0,246.0,0.0,593.0,244.0,0.0,629.0,247.0,,,,27,,Adam,Aznou,Aznou,,,0,0,0,0,0,0,0,0,0,0,0,0,0,,,,0.0,0.0,0.0,0.0,0.0,0,0,0
704,u,0.0,0.0,4.5,437,261.0,0,0.0,0,0.0,0.0,582,217.0,0,0,0.0,702.0,278.0,0,0,0.0,628.0,228.0,0.0,0.0,0.0,8420,0,10148,0,0.0,0.0,0.0,0.0,0.0,0.0,0.0,0.0,0.0,0.0,0.0,695.0,272.0,0.0,693.0,276.0,0.0,675.0,269.0,0.0,698.0,275.0,,,,27,,Tyler,Onyango,Onyango,has joined Stockport County on loan for the rest of the season.,,0,0,0,0,0,0,0,0,0,0,0,0,0,,,,0.0,0.0,0.0,0.0,0.0,0,0,0
705,u,0.0,0.0,3.9,768,224.0,0,0.0,-1,1.0,0.2,404,148.0,0,0,0.0,558.0,203.0,0,0,0.0,445.0,174.0,0.0,0.0,0.0,18604,0,16665,16,0.0,0.0,0.0,0.0,0.0,0.0,0.0,0.0,0.0,0.0,0.0,547.0,202.0,0.0,537.0,202.0,0.0,502.0,194.0,0.0,550.0,202.0,,,,27,,Elijah,Campbell,Campbell,has joined Port Vale on loan for the rest of the season.,,0,0,0,0,0,0,0,0,0,0,0,0,0,,,,0.0,0.0,0.0,0.0,0.0,0,0,0
707,a,,,5.3,203,126.0,0,0.0,-2,2.0,0.0,645,259.0,17,0,1.3,431.0,195.0,0,46,0.4,344.0,156.0,0.1,3.2,0.0,7644,2,7074,1,0.4,-0.1,0.2,0.14,0.34,5.98,0.05,0.04,0.09,1.55,46.0,404.0,180.0,61.0,314.0,178.0,32.0,344.0,181.0,13.6,387.0,181.0,,,,27,,Tyler,Dibling,Dibling,,,348,0,0,2,2,0,0,0,2,0,0,4,40,,,,0.0,0.52,0.52,1.03,10.34,7,11,22
728,a,100.0,100.0,5.0,274,169.0,0,0.0,0,0.0,0.0,710,296.0,16,0,1.6,389.0,172.0,0,39,0.0,751.0,322.0,0.0,3.2,0.0,1468,2,1494,2,0.0,-0.5,0.5,0.17,0.67,6.27,0.13,0.04,0.17,1.6,61.2,390.0,172.0,65.9,299.0,171.0,32.0,343.0,180.0,15.9,375.0,176.0,,,,27,,Merlin,Röhl,Röhl,,,353,0,0,2,4,0,0,0,0,0,0,2,43,,,,0.0,0.51,1.02,0.51,10.96,15,10,18
779,a,,,4.5,505,72.0,0,0.0,0,0.0,0.0,634,82.0,0,0,0.0,746.0,81.0,0,0,0.0,681.0,71.0,0.0,0.0,0.0,3762,19,1496,9,0.0,-0.5,0.0,0.0,0.0,0.0,0.0,0.0,0.0,0.0,0.0,745.0,81.0,0.0,740.0,80.0,0.0,726.0,80.0,0.0,746.0,81.0,,,,27,,Braiden,Graham,Graham,,,0,0,0,0,0,0,0,0,0,0,0,0,0,,,,0.0,0.0,0.0,0.0,0.0,0,0,0
314,a,,,4.9,287,10.0,0,0.0,-1,1.0,1.5,157,20.0,72,0,2.8,220.0,22.0,3,338,1.0,262.0,21.0,0.2,14.7,0.0,205126,76,239539,120,1.0,1.0,0.0,0.0,0.0,37.01,0.0,0.0,0.0,1.42,573.0,29.0,9.0,0.0,755.0,89.0,0.0,748.0,84.0,57.1,202.0,10.0,,,,27,,Bernd,Leno,Leno,,,2340,0,0,5,40,1,0,0,3,0,67,26,107,,,,2.58,0.19,1.54,1.0,0.0,4,33,215
315,u,0.0,0.0,4.0,675,49.0,0,0.0,0,0.0,0.0,750,85.0,0,0,0.0,584.0,68.0,0,0,0.0,472.0,60.0,0.0,0.0,0.0,577,0,798,0,0.0,0.0,0.0,0.0,0.0,0.0,0.0,0.0,0.0,0.0,0.0,573.0,68.0,0.0,566.0,56.0,0.0,533.0,42.0,0.0,576.0,68.0,,,,27,,Steven,Benda,Benda,has joined Feyenoord on loan for the rest of the season.,,0,0,0,0,0,0,0,0,0,0,0,0,0,,,,0.0,0.0,0.0,0.0,0.0,0,0,0
316,a,100.0,100.0,4.9,295,44.0,0,0.0,-1,1.0,0.7,213,81.0,33,0,2.8,221.0,88.0,4,142,0.4,336.0,121.0,0.1,6.7,0.0,144177,85,173920,197,0.4,0.4,0.22,1.11,1.33,13.3,0.02,0.12,0.14,1.49,192.8,257.0,105.0,207.2,137.0,35.0,34.0,341.0,111.0,43.4,256.0,87.0,,,,27,,Antonee,Robinson,Robinson,,,801,0,0,2,10,0,0,0,0,0,0,9,69,,,,0.0,0.22,1.12,1.01,7.64,26,42,48
317,a,100.0,100.0,4.5,414,75.0,0,0.0,0,0.0,4.6,75,24.0,89,0,3.6,103.0,38.0,5,312,2.2,152.0,54.0,0.5,19.8,0.0,1188943,525,947826,763,2.2,2.2,1.26,1.53,2.79,33.55,0.05,0.06,0.11,1.37,631.0,15.0,6.0,111.4,223.0,58.0,124.0,208.0,52.0,86.9,95.0,25.0,,,,27,,Joachim,Andersen,Andersen,,,2201,0,1,5,37,0,0,0,6,0,0,25,291,,,,0.0,0.2,1.51,1.02,10.39,36,218,90
318,a,100.0,100.0,4.4,532,111.0,0,0.0,-1,1.0,0.4,284,104.0,57,0,3.2,153.0,60.0,6,184,0.4,327.0,117.0,0.1,13.0,0.0,102173,45,121151,32,0.4,0.4,0.94,0.18,1.12,22.29,0.06,0.01,0.07,1.38,358.0,118.0,52.0,75.8,288.0,94.0,61.0,289.0,86.0,49.7,232.0,77.0,,,,27,,Calvin,Bassey,Bassey,,,1452,1,0,3,29,0,0,0,3,0,0,16,168,,,,0.0,0.19,1.8,0.99,7.93,34,94,72
319,a,,,4.3,579,127.0,0,0.0,-2,2.0,0.1,460,168.0,28,0,1.4,421.0,151.0,0,124,1.4,221.0,81.0,0.3,6.5,0.0,18702,15,24568,10,1.4,1.4,0.94,0.51,1.45,21.62,0.08,0.04,0.12,1.74,222.2,230.0,90.0,130.7,201.0,50.0,87.0,251.0,71.0,44.2,250.0,84.0,,,,27,,Timothy,Castagne,Castagne,,,1116,0,1,0,23,0,0,0,3,0,0,12,112,,,,0.0,0.0,1.85,0.97,7.82,22,75,34
320,a,,,4.3,581,129.0,0,0.0,-2,2.0,0.1,530,189.0,10,0,1.2,434.0,155.0,0,29,0.0,546.0,233.0,0.0,2.3,0.0,6890,4,11234,2,0.0,0.0,0.02,0.03,0.05,8.18,0.0,0.01,0.01,1.79,72.4,377.0,144.0,4.3,440.0,160.0,8.0,405.0,151.0,8.5,416.0,149.0,,,,27,,Issa,Diop,Diop,,,412,0,0,0,9,0,0,0,1,0,0,4,42,,,,0.0,0.0,1.97,0.87,7.65,5,30,10
321,a,,,4.3,586,132.0,0,0.0,-2,2.0,0.1,561,201.0,37,0,3.1,167.0,65.0,1,148,1.4,222.0,82.0,0.3,8.6,0.0,6478,2,6785,12,1.4,1.4,0.05,0.53,0.58,14.38,0.0,0.05,0.05,1.39,234.6,218.0,84.0,47.0,339.0,115.0,14.0,386.0,137.0,29.7,322.0,110.0,,,,27,,Jorge,Cuenca Barreno,J.Cuenca,,,928,0,0,2,11,0,0,0,5,0,0,11,117,,,,0.0,0.19,1.07,1.07,10.77,16,95,39
322,a,100.0,100.0,4.5,412,74.0,0,0.0,0,0.0,0.3,340,122.0,67,0,3.7,93.0,35.0,5,256,0.4,329.0,118.0,0.1,14.9,0.0,155760,5,150986,36,0.4,0.4,0.65,1.1,1.75,21.15,0.04,0.07,0.11,1.32,353.6,122.0,56.0,178.0,166.0,39.0,87.0,252.0,72.0,61.9,180.0,58.0,,,,27,,Kenny,Tete,Tete,,,1443,1,0,5,22,0,0,0,2,0,0,17,156,,,,0.0,0.31,1.37,1.06,8.3,55,78,66
323,a,,,3.8,811,259.0,0,0.0,-2,2.0,0.1,420,154.0,0,0,0.0,533.0,198.0,0,0,0.0,418.0,167.0,0.0,0.0,0.0,9052,9,16665,15,0.0,0.0,0.0,0.0,0.0,0.0,0.0,0.0,0.0,0.0,0.0,522.0,197.0,0.0,511.0,197.0,0.0,476.0,189.0,0.0,525.0,197.0,,,,27,,Samuel,Amissah,Amissah,,,0,0,0,0,0,0,0,0,0,0,0,0,0,,,,0.0,0.0,0.0,0.0,0.0,0,0,0
324,a,100.0,100.0,6.3,66,44.0,0,0.0,-2,2.0,0.7,211,73.0,66,0,3.3,148.0,65.0,7,318,2.0,186.0,80.0,0.3,10.5,0.0,291716,95,396157,44,2.0,2.0,0.87,3.14,4.01,26.99,0.05,0.17,0.22,1.44,307.0,166.0,62.0,457.7,28.0,27.0,166.0,147.0,84.0,93.2,82.0,48.0,5.0,,,27,,Alex,Iwobi,Iwobi,,,1686,2,2,3,33,0,0,0,2,0,0,20,124,,,,0.0,0.16,1.76,1.07,6.62,20,22,82
325,a,100.0,100.0,5.6,127,78.0,0,0.0,-4,4.0,0.5,253,87.0,59,0,2.3,299.0,132.0,1,262,1.4,238.0,100.0,0.3,10.5,0.0,157040,44,207442,84,1.4,1.4,3.52,0.9,4.42,22.23,0.25,0.06,0.31,1.59,221.8,231.0,101.0,234.7,118.0,82.0,261.0,86.0,53.0,71.8,138.0,76.0,,,,27,,Emile,Smith Rowe,Smith Rowe,,,1257,3,1,3,20,0,0,0,1,0,0,14,99,,,,0.0,0.21,1.43,1.0,7.09,18,30,51
327,u,0.0,0.0,5.3,188,115.0,0,0.0,-2,2.0,0.1,563,207.0,0,0,0.0,794.0,350.0,0,0,0.0,768.0,333.0,0.0,0.0,0.0,2438,0,35565,0,0.0,0.0,0.0,0.0,0.0,0.0,0.0,0.0,0.0,0.0,0.0,794.0,350.0,0.0,793.0,350.0,0.0,790.0,349.0,0.0,794.0,350.0,,,,27,,Andreas,Hoelgebaum Pereira,Andreas,has joined Palmeiras permanently.,,0,0,0,0,0,0,0,0,0,0,0,0,0,,,,0.0,0.0,0.0,0.0,0.0,0,0,0
328,a,100.0,100.0,5.4,163,100.0,0,0.0,-1,1.0,0.2,410,138.0,71,0,3.7,97.0,44.0,5,251,2.2,165.0,76.0,0.4,13.1,0.0,143470,20,137454,13,2.2,2.2,0.92,1.67,2.59,21.3,0.06,0.11,0.17,1.35,320.2,153.0,54.0,168.5,177.0,120.0,151.0,164.0,93.0,63.7,171.0,93.0,,,,27,,Ryan,Sessegnon,Sessegnon,,,1417,2,3,4,27,0,0,0,0,0,0,16,168,,,,0.0,0.25,1.71,1.02,10.67,36,75,57
329,a,100.0,100.0,5.9,91,57.0,0,0.0,4,-4.0,19.8,19,7.0,120,0,4.8,21.0,12.0,16,465,3.2,85.0,40.0,0.5,20.3,0.0,4372320,5189,1959677,5512,3.2,3.2,4.24,3.69,7.93,28.08,0.2,0.17,0.37,1.31,511.4,50.0,13.0,454.0,30.0,29.0,456.0,27.0,14.0,142.0,21.0,17.0,3.0,3.0,3.0,27,,Harry,Wilson,Wilson,,,1925,8,6,6,29,0,0,0,6,0,0,23,122,,,,0.0,0.28,1.36,1.08,5.7,20,43,59
330,a,,,4.9,305,190.0,0,0.0,-1,1.0,0.1,520,188.0,63,0,2.4,285.0,123.0,3,386,1.4,231.0,95.0,0.3,12.9,0.0,10896,9,12188,14,1.4,1.4,1.15,1.06,2.21,34.5,0.05,0.04,0.09,1.44,352.8,123.0,40.0,272.6,96.0,70.0,65.0,280.0,152.0,69.3,145.0,80.0,,,,27,,Sander,Berge,Berge,,,2161,0,2,5,38,1,0,0,4,0,0,25,208,,,,0.0,0.21,1.58,1.04,8.66,44,71,93
331,d,50.0,50.0,4.8,351,219.0,0,0.0,-2,2.0,0.0,637,251.0,24,0,1.5,410.0,182.0,1,100,0.4,335.0,150.0,0.1,5.0,0.0,2586,0,4654,7,0.2,0.2,0.85,0.28,1.13,8.12,0.17,0.06,0.23,1.61,78.0,367.0,163.0,85.2,268.0,158.0,48.0,312.0,164.0,21.2,357.0,170.0,,,,27,,Tom,Cairney,Cairney,Calf injury - 50% chance of playing,,453,1,0,0,9,0,0,0,2,0,0,3,34,,,,0.0,0.0,1.79,0.6,6.75,3,7,24
332,d,50.0,50.0,4.9,309,193.0,0,0.0,-1,1.0,0.1,575,213.0,50,0,2.6,256.0,106.0,3,225,0.0,718.0,297.0,0.0,10.2,0.0,14551,2,18980,3,0.0,0.0,1.74,1.35,3.09,18.45,0.13,0.1,0.23,1.37,232.0,220.0,97.0,338.7,63.0,50.0,119.0,213.0,116.0,68.9,148.0,81.0,1.0,,,27,,Saša,Lukić,Lukić,Hamstring injury - 50% chance of playing,,1208,1,3,4,17,0,0,0,6,0,0,15,127,,,,0.0,0.3,1.27,1.12,9.46,35,43,49
333,u,0.0,0.0,4.5,476,290.0,0,0.0,0,0.0,0.0,665,270.0,0,0,0.0,725.0,299.0,0,0,0.0,656.0,253.0,0.0,0.0,0.0,898,0,6581,0,0.0,0.0,0.0,0.0,0.0,0.0,0.0,0.0,0.0,0.0,0.0,721.0,296.0,0.0,717.0,298.0,0.0,702.0,293.0,0.0,723.0,298.0,,,,27,,Martial,Godo,Godo,has joined Strasbourg permanently.,,0,0,0,0,0,0,0,0,0,0,0,0,0,,,,0.0,0.0,0.0,0.0,0.0,0,0,0
334,u,0.0,0.0,4.5,456,273.0,0,0.0,0,0.0,0.0,808,359.0,0,0,0.0,712.0,288.0,0,0,0.0,640.0,239.0,0.0,0.0,0.0,0,0,307,0,0.0,0.0,0.0,0.0,0.0,0.0,0.0,0.0,0.0,0.0,0.0,706.0,283.0,0.0,703.0,286.0,0.0,686.0,279.0,0.0,708.0,285.0,,,,27,,Luke,Harris,Harris,Has joined Oxford United on loan for the rest of the season.,,0,0,0,0,0,0,0,0,0,0,0,0,0,,,,0.0,0.0,0.0,0.0,0.0,0,0,0
335,a,100.0,100.0,4.4,561,336.0,0,0.0,-1,1.0,1.8,139,44.0,37,0,1.8,361.0,158.0,0,129,1.0,259.0,113.0,0.2,8.4,0.0,948645,304,849546,225,1.0,1.0,1.38,0.42,1.8,12.9,0.14,0.04,0.18,1.28,106.8,331.0,151.0,106.2,234.0,146.0,195.0,120.0,70.0,40.0,275.0,136.0,,,,27,,Josh,King,King,,,908,0,2,3,15,0,0,0,3,0,0,11,74,,,,0.0,0.3,1.49,1.09,7.33,19,15,40
336,a,,,4.3,578,343.0,0,0.0,-2,2.0,0.4,277,97.0,12,0,2.4,281.0,121.0,2,37,0.2,366.0,160.0,0.0,2.8,0.0,79273,165,65141,73,0.2,0.2,0.04,0.24,0.28,0.41,0.16,0.94,1.1,1.6,36.6,416.0,184.0,8.7,427.0,208.0,7.0,415.0,202.0,5.2,439.0,197.0,,,,27,,Harrison,Reed,Reed,,,23,1,0,0,1,0,0,0,0,0,0,0,2,,,,0.0,0.0,3.91,0.0,7.83,0,0,2
337,a,100.0,100.0,6.1,80,26.0,0,0.0,-4,4.0,1.7,144,23.0,83,0,3.3,147.0,13.0,5,299,2.8,110.0,12.0,0.5,13.6,0.0,553384,512,605714,516,2.8,2.8,8.56,0.7,9.26,27.14,0.45,0.04,0.49,1.43,351.8,124.0,10.0,259.3,105.0,4.0,590.0,16.0,10.0,119.7,37.0,8.0,,1.0,1.0,27,,Raúl,Jiménez Rodríguez,Raúl,,,1708,6,5,6,24,0,0,0,4,0,0,21,101,,,,0.0,0.32,1.26,1.11,5.32,25,33,43
338,a,100.0,100.0,5.3,195,46.0,0,0.0,-2,2.0,0.7,217,33.0,19,0,2.1,318.0,36.0,3,50,0.4,343.0,45.0,0.1,3.6,0.0,259039,46,435665,21,0.4,0.4,1.11,0.01,1.12,5.94,0.25,0.0,0.25,1.36,64.0,385.0,41.0,52.3,326.0,36.0,136.0,180.0,40.0,24.4,342.0,40.0,,,,27,,Rodrigo,Muniz Carvalho,Muniz,,,393,1,1,1,6,1,0,0,1,0,0,4,21,,,,0.0,0.23,1.37,0.92,4.81,4,9,8
424,a,100.0,100.0,5.1,237,145.0,0,0.0,-4,4.0,0.2,372,124.0,20,0,1.8,369.0,162.0,0,90,0.4,340.0,154.0,0.1,3.9,0.0,85880,33,96350,20,0.4,0.4,0.47,1.15,1.62,5.1,0.09,0.21,0.3,0.94,74.2,374.0,167.0,166.6,178.0,121.0,97.0,236.0,131.0,33.9,303.0,150.0,,,,27,,Oscar,Bobb,Bobb,,,489,0,1,2,6,0,0,0,1,0,0,5,37,,,,0.0,0.37,1.1,0.92,6.81,9,5,23
664,a,,,3.9,742,72.0,0,0.0,-1,1.0,0.7,215,28.0,0,0,0.0,540.0,40.0,0,0,0.0,425.0,31.0,0.0,0.0,0.0,40904,42,51801,28,0.0,0.0,0.0,0.0,0.0,0.0,0.0,0.0,0.0,0.0,0.0,529.0,40.0,0.0,519.0,25.0,0.0,484.0,11.0,0.0,532.0,40.0,,,,27,,Benjamin,Lecomte,Lecomte,,,0,0,0,0,0,0,0,0,0,0,0,0,0,,,,0.0,0.0,0.0,0.0,0.0,0,0,0
727,i,0.0,0.0,5.3,193,120.0,0,0.0,-2,2.0,0.1,486,171.0,47,0,3.6,110.0,48.0,1,192,2.4,145.0,65.0,0.5,8.9,0.0,98214,0,89870,211,0.0,0.0,1.56,2.55,4.11,10.97,0.22,0.36,0.58,1.55,228.0,223.0,98.0,217.9,130.0,90.0,182.0,134.0,77.0,62.9,174.0,95.0,,,,27,,Samuel,Chukwueze,Chukwueze,Calf injury - Unknown return date,,635,3,4,1,15,0,0,0,0,0,0,6,51,,,,0.0,0.14,2.13,0.85,7.23,6,10,35
731,a,100.0,100.0,5.8,112,71.0,0,0.0,-2,2.0,0.1,532,192.0,42,0,1.9,351.0,155.0,0,154,1.8,200.0,85.0,0.3,7.2,0.0,34516,41,29245,16,1.8,1.8,1.0,1.38,2.38,12.95,0.11,0.15,0.26,1.37,197.8,252.0,106.0,230.3,121.0,83.0,202.0,114.0,66.0,62.8,175.0,96.0,4.0,,,27,,Kevin,Santos Lopes de Macedo,Kevin,,,853,1,2,4,15,0,0,0,1,0,0,7,68,,,,0.0,0.42,1.58,0.74,7.17,18,15,35
737,a,,,4.5,508,74.0,0,0.0,0,0.0,0.1,476,69.0,4,0,0.8,506.0,62.0,0,11,0.0,683.0,73.0,0.0,0.9,0.0,20415,38,14924,21,0.0,0.0,0.0,0.07,0.07,0.75,0.0,0.21,0.21,2.25,1.2,490.0,59.0,11.4,409.0,54.0,8.0,408.0,56.0,2.1,464.0,57.0,,,,27,,Jonah,Kusi-Asare,Kusi-Asare,,,30,0,0,0,2,0,0,0,1,0,0,0,2,,,,0.0,0.0,6.0,0.0,6.0,0,0,2
770,a,,,4.5,503,311.0,0,0.0,0,0.0,0.0,779,339.0,0,0,0.0,744.0,314.0,0,0,0.0,679.0,272.0,0.0,0.0,0.0,540,3,291,6,0.0,0.0,0.0,0.0,0.0,0.0,0.0,0.0,0.0,0.0,0.0,743.0,313.0,0.0,738.0,314.0,0.0,724.0,310.0,0.0,744.0,314.0,,,,27,,Seth,Ridgeon,Ridgeon,,,0,0,0,0,0,0,0,0,0,0,0,0,0,,,,0.0,0.0,0.0,0.0,0.0,0,0,0
168,a,100.0,100.0,4.6,402,249.0,0,0.0,-4,4.0,0.1,483,170.0,2,0,0.7,509.0,239.0,0,5,0.2,373.0,164.0,0.0,0.4,0.0,15506,15,28427,12,-0.3,0.2,0.04,0.1,0.14,1.86,0.05,0.13,0.18,2.43,6.0,466.0,210.0,25.7,378.0,193.0,19.0,376.0,191.0,5.0,443.0,199.0,,,,27,,Facundo,Buonanotte,Buonanotte,,,69,0,0,0,2,0,0,0,1,0,0,1,5,,,,0.0,0.0,2.61,1.3,6.52,1,1,3
339,a,,,4.1,653,37.0,0,0.0,-4,4.0,0.3,300,40.0,0,0,0.0,633.0,86.0,0,0,0.0,525.0,78.0,0.0,0.0,0.0,12698,14,62599,23,-0.5,0.0,0.0,0.0,0.0,0.0,0.0,0.0,0.0,0.0,0.0,622.0,86.0,0.0,615.0,74.0,0.0,585.0,60.0,0.0,625.0,86.0,,,,27,,Illan,Meslier,Meslier,,,0,0,0,0,0,0,0,0,0,0,0,0,0,,,,0.0,0.0,0.0,0.0,0.0,0,0,0
340,a,,,3.9,743,73.0,0,0.0,-1,1.0,0.2,414,61.0,0,0,0.0,541.0,41.0,0,0,0.0,426.0,32.0,0.0,0.0,0.0,8115,5,14466,8,-0.5,0.0,0.0,0.0,0.0,0.0,0.0,0.0,0.0,0.0,0.0,530.0,41.0,0.0,520.0,26.0,0.0,485.0,12.0,0.0,533.0,41.0,,,,27,,Alex,Cairns,Cairns,,,0,0,0,0,0,0,0,0,0,0,0,0,0,,,,0.0,0.0,0.0,0.0,0.0,0,0,0
341,a,,,3.9,738,68.0,0,0.0,-1,1.0,2.4,122,16.0,25,2,2.3,291.0,25.0,0,129,1.8,187.0,16.0,0.5,6.4,0.0,214989,489,261771,154,1.3,1.8,0.0,0.03,0.03,13.53,0.0,0.0,0.0,1.23,223.0,229.0,22.0,0.0,515.0,21.0,0.0,480.0,7.0,22.4,349.0,22.0,,,,27,,Karl,Darlow,Darlow,,,990,0,0,1,17,0,0,0,1,0,30,11,59,,,,2.73,0.09,1.55,1.0,0.0,0,16,105
342,a,100.0,100.0,4.4,528,107.0,0,0.0,-1,1.0,0.2,373,136.0,66,1,2.6,252.0,99.0,0,188,3.0,90.0,34.0,0.7,15.0,0.0,35489,75,37439,62,2.5,3.0,1.8,1.2,3.0,31.67,0.08,0.05,0.13,1.35,302.6,172.0,73.0,190.0,152.0,37.0,165.0,148.0,29.0,65.9,160.0,52.0,,,,27,,Jayden,Bogle,Bogle,,,2110,1,3,4,39,0,0,0,5,0,0,24,178,,,,0.0,0.17,1.66,1.02,5.72,50,84,106
343,a,100.0,100.0,4.3,582,130.0,0,0.0,-2,2.0,0.4,272,100.0,76,2,3.2,152.0,59.0,3,273,2.4,136.0,48.0,0.6,17.7,0.0,95636,73,90212,114,1.9,2.4,2.46,0.48,2.94,31.65,0.11,0.02,0.13,1.37,511.2,51.0,23.0,107.1,231.0,62.0,209.0,106.0,16.0,82.7,109.0,34.0,,,3.0,27,,Pascal,Struijk,Struijk,,,2078,0,1,4,38,0,0,0,3,0,0,23,241,,,,0.0,0.17,1.65,1.0,9.62,28,194,87
344,a,100.0,100.0,3.9,755,218.0,0,0.0,-1,1.0,0.4,278,102.0,46,0,3.3,137.0,51.0,2,148,0.6,301.0,103.0,0.2,11.8,0.0,100054,21,77374,69,0.1,0.6,0.48,0.5,0.98,20.78,0.04,0.04,0.08,1.67,283.4,185.0,77.0,38.0,353.0,122.0,131.0,192.0,46.0,45.2,246.0,83.0,,,,27,,Jaka,Bijol,Bijol,,,1117,1,2,1,21,0,0,0,2,0,0,12,125,,,,0.0,0.08,1.69,0.97,9.19,15,99,39
345,a,100.0,100.0,3.8,793,242.0,0,0.0,-2,2.0,0.2,415,152.0,17,0,1.9,336.0,124.0,0,48,1.0,254.0,92.0,0.3,4.5,0.0,21744,38,15518,25,0.5,1.0,0.0,0.01,0.01,4.93,0.0,0.0,0.0,1.46,78.4,365.0,139.0,5.6,438.0,159.0,10.0,394.0,141.0,9.4,406.0,145.0,,,,27,,Sebastiaan,Bornauw,Bornauw,,,304,0,0,1,4,0,0,0,1,0,0,4,38,,,,0.0,0.3,1.18,1.18,11.25,6,32,7
346,a,,,3.8,784,234.0,0,0.0,-2,2.0,0.2,379,140.0,1,0,1.0,446.0,159.0,0,-2,0.0,398.0,149.0,0.0,0.3,0.0,23300,6,33155,18,-0.5,0.0,0.0,0.0,0.0,0.79,0.0,0.0,0.0,10.16,0.0,506.0,183.0,0.0,492.0,180.0,0.0,456.0,171.0,0.0,509.0,183.0,,,,27,,Sam,Byram,Byram,,,7,0,0,0,1,0,0,0,0,0,0,0,0,,,,0.0,0.0,12.86,0.0,0.0,0,0,0
347,a,100.0,100.0,3.8,789,238.0,0,0.0,-2,2.0,3.8,89,31.0,57,1,2.2,301.0,111.0,8,228,0.4,321.0,111.0,0.1,15.0,0.0,904434,512,775924,528,-0.1,0.4,1.04,1.99,3.02,34.58,0.04,0.08,0.12,1.45,373.8,110.0,50.0,325.3,68.0,14.0,128.0,200.0,48.0,82.8,108.0,33.0,,,,27,,Gabriel,Gudmundsson,Gudmundsson,,,2145,0,0,4,40,1,0,0,4,0,0,25,184,,,,0.0,0.17,1.68,1.05,6.25,57,92,94
348,a,100.0,100.0,3.9,750,215.0,0,0.0,-1,1.0,3.8,88,30.0,81,4,3.2,150.0,57.0,5,258,3.4,62.0,23.0,0.9,20.8,0.0,1087476,1041,887511,401,2.9,3.4,1.2,0.25,1.45,35.94,0.05,0.01,0.06,1.48,520.6,48.0,22.0,62.9,305.0,101.0,163.0,150.0,30.0,74.8,126.0,41.0,,,,27,,Joe,Rodon,Rodon,,,2190,2,0,3,44,0,0,0,1,0,0,25,241,,,,0.0,0.12,1.81,1.03,8.75,29,184,63
349,u,0.0,0.0,4.0,692,177.0,0,0.0,0,0.0,0.1,552,198.0,0,0,0.0,598.0,221.0,0,0,0.0,486.0,192.0,0.0,0.0,0.0,788,0,15866,2,0.0,0.0,0.0,0.0,0.0,0.0,0.0,0.0,0.0,0.0,0.0,587.0,220.0,0.0,580.0,220.0,0.0,547.0,214.0,0.0,590.0,220.0,,,,27,,Isaac,Schmidt,Schmidt,has joined Werder Bremen on loan for the rest of the season.,,0,0,0,0,0,0,0,0,0,0,0,0,0,,,,0.0,0.0,0.0,0.0,0.0,0,0,0
350,a,,,5.4,172,106.0,0,0.0,-1,1.0,0.7,216,74.0,101,3,3.9,83.0,40.0,5,351,2.8,107.0,51.0,0.5,18.7,0.0,195089,141,121005,382,2.3,2.8,3.39,2.84,6.23,26.01,0.18,0.15,0.33,1.36,372.2,111.0,36.0,335.8,64.0,51.0,374.0,43.0,26.0,108.1,48.0,34.0,,,,27,,Brenden,Aaronson,Aaronson,,,1725,4,6,7,25,0,0,0,1,0,0,20,157,,,,0.0,0.37,1.3,1.04,8.19,40,22,95
351,a,100.0,100.0,5.2,214,132.0,0,0.0,-3,3.0,0.1,510,183.0,21,0,1.5,414.0,186.0,0,89,0.2,384.0,170.0,0.0,4.0,0.0,9084,5,39956,10,-0.3,0.2,0.25,0.54,0.79,8.4,0.07,0.14,0.21,2.18,59.0,391.0,173.0,86.0,266.0,157.0,31.0,348.0,183.0,17.7,370.0,174.0,,,,27,,Wilfried,Gnonto,Gnonto,,,346,0,2,1,11,0,0,0,2,0,0,4,37,,,,0.0,0.26,2.86,1.04,9.62,14,9,14
352,u,0.0,0.0,5.1,228,141.0,0,0.0,-4,4.0,0.0,589,221.0,12,0,1.1,445.0,201.0,0,51,0.0,760.0,329.0,0.0,2.4,0.0,6000,0,18494,5,0.0,0.0,0.28,0.23,0.51,3.82,0.1,0.08,0.18,1.31,30.0,427.0,188.0,49.4,336.0,182.0,35.0,340.0,178.0,11.5,399.0,184.0,4.0,,,27,,Jack,Harrison,Harrison,has joined ACF Fiorentina on loan for the rest of the season.,,262,0,0,0,5,0,0,0,0,0,0,1,24,,,,0.0,0.0,1.72,0.34,8.24,5,6,13
353,a,100.0,100.0,5.2,208,129.0,0,0.0,-3,3.0,0.1,479,166.0,15,0,1.2,440.0,198.0,0,56,0.4,341.0,155.0,0.1,2.9,0.0,7746,13,52429,6,-0.1,0.4,0.71,0.57,1.28,10.43,0.17,0.14,0.31,2.55,38.2,414.0,183.0,96.6,251.0,154.0,93.0,243.0,132.0,22.9,348.0,166.0,,,,27,,Daniel,James,James,,,368,0,0,1,13,0,0,0,0,0,0,4,20,,,,0.0,0.24,3.18,0.98,4.89,4,3,13
354,a,100.0,100.0,4.9,299,187.0,0,0.0,-1,1.0,0.2,403,134.0,85,7,3.5,119.0,52.0,5,395,3.4,67.0,33.0,0.7,17.3,0.0,37001,60,29761,30,2.9,3.4,1.62,1.35,2.97,33.83,0.07,0.06,0.13,1.43,393.4,99.0,32.0,228.2,125.0,86.0,81.0,258.0,139.0,70.5,142.0,78.0,,,,27,,Ethan,Ampadu,Ampadu,,,2129,1,2,4,39,0,0,0,7,0,0,24,284,,,,0.0,0.17,1.65,1.01,12.01,56,103,125
355,u,0.0,0.0,4.9,320,199.0,0,0.0,-1,1.0,0.0,633,249.0,0,0,0.0,766.0,329.0,0,0,0.0,721.0,300.0,0.0,0.0,0.0,1234,0,10102,0,0.0,0.0,0.0,0.0,0.0,0.0,0.0,0.0,0.0,0.0,0.0,765.0,328.0,0.0,762.0,329.0,0.0,756.0,327.0,0.0,766.0,329.0,,,,27,,Sam,Greenwood,Greenwood,has joined Pogon Szczecin permanently.,,0,0,0,0,0,0,0,0,0,0,0,0,0,,,,0.0,0.0,0.0,0.0,0.0,0,0,0
356,a,,,4.7,391,244.0,0,0.0,-3,3.0,0.1,437,148.0,48,1,2.7,238.0,97.0,3,221,3.4,65.0,31.0,0.7,10.2,0.0,18397,57,9160,65,2.9,3.4,0.46,0.79,1.25,22.23,0.04,0.06,0.1,1.8,174.4,268.0,115.0,153.3,186.0,124.0,54.0,305.0,161.0,37.9,280.0,138.0,,,,27,,Ilia,Gruev,Gruev,,,1110,0,4,4,22,0,0,0,3,0,0,13,101,,,,0.0,0.32,1.78,1.05,8.19,22,31,48
357,u,0.0,0.0,4.9,323,201.0,0,0.0,-1,1.0,0.0,705,295.0,0,0,0.0,768.0,331.0,0,0,0.0,724.0,302.0,0.0,0.0,0.0,203,0,4321,1,0.0,0.0,0.0,0.0,0.0,0.0,0.0,0.0,0.0,0.0,0.0,767.0,330.0,0.0,764.0,331.0,0.0,758.0,329.0,0.0,768.0,331.0,,,,27,,Largie,Ramazani,Ramazani,has joined Valencia on loan for the rest of the season.,,0,0,0,0,0,0,0,0,0,0,0,0,0,,,,0.0,0.0,0.0,0.0,0.0,0,0,0
358,a,100.0,100.0,4.8,364,227.0,0,0.0,-2,2.0,0.2,374,125.0,43,0,2.1,316.0,138.0,2,166,0.2,375.0,165.0,0.0,9.0,0.0,51895,12,59233,58,-0.3,0.2,0.83,0.61,1.44,13.29,0.1,0.07,0.17,1.62,140.0,301.0,134.0,127.1,206.0,137.0,78.0,260.0,140.0,34.5,296.0,147.0,,,,27,,Tanaka,Ao,Tanaka,,,737,2,0,2,16,0,0,0,1,0,0,7,83,,,,0.0,0.24,1.95,0.85,10.14,17,20,46
359,u,0.0,0.0,4.5,461,278.0,0,0.0,0,0.0,0.0,788,346.0,0,0,0.0,715.0,291.0,0,0,0.0,643.0,242.0,0.0,0.0,0.0,0,0,966,0,0.0,0.0,0.0,0.0,0.0,0.0,0.0,0.0,0.0,0.0,0.0,709.0,286.0,0.0,706.0,289.0,0.0,689.0,282.0,0.0,711.0,288.0,,,,27,,Charlie,Crew,Crew,Has joined Doncaster Rovers on loan for the rest of the season.,,0,0,0,0,0,0,0,0,0,0,0,0,0,,,,0.0,0.0,0.0,0.0,0.0,0,0,0
360,u,0.0,0.0,4.5,439,263.0,0,0.0,0,0.0,0.0,751,319.0,0,0,0.0,704.0,280.0,0,0,0.0,630.0,230.0,0.0,0.0,0.0,0,0,2889,0,0.0,0.0,0.0,0.0,0.0,0.0,0.0,0.0,0.0,0.0,0.0,697.0,274.0,0.0,695.0,278.0,0.0,677.0,271.0,0.0,700.0,277.0,,,,27,,Joe,Gelhardt,Gelhardt,Has joined Hull City on loan for the rest of the season.,,0,0,0,0,0,0,0,0,0,0,0,0,0,,,,0.0,0.0,0.0,0.0,0.0,0,0,0
361,u,0.0,0.0,4.5,440,264.0,0,0.0,0,0.0,0.0,664,269.0,0,0,0.0,705.0,281.0,0,0,0.0,631.0,231.0,0.0,0.0,0.0,1165,0,8379,0,0.0,0.0,0.0,0.0,0.0,0.0,0.0,0.0,0.0,0.0,0.0,698.0,275.0,0.0,696.0,279.0,0.0,678.0,272.0,0.0,701.0,278.0,,,,27,,Darko,Gyabi,Gyabi,has joined Hull City permanently.,,0,0,0,0,0,0,0,0,0,0,0,0,0,,,,0.0,0.0,0.0,0.0,0.0,0,0,0
362,a,100.0,100.0,4.9,319,58.0,0,0.0,-6,6.0,0.3,294,46.0,12,0,1.1,443.0,55.0,0,27,0.2,378.0,50.0,0.0,2.4,0.0,38212,19,218892,25,-0.3,0.2,0.65,0.08,0.73,5.3,0.28,0.03,0.31,2.32,8.0,460.0,55.0,22.0,385.0,50.0,90.0,247.0,45.0,11.5,398.0,48.0,,,2.0,27,,Joël,Piroe,Piroe,,,206,0,0,1,7,0,0,0,0,0,0,2,10,,,,0.0,0.44,3.06,0.87,4.37,1,1,8
363,u,0.0,0.0,4.9,288,57.0,0,0.0,-1,1.0,0.3,302,48.0,0,0,0.0,760.0,84.0,0,0,0.0,710.0,75.0,0.0,0.0,0.0,16144,0,202685,10,0.0,0.0,0.0,0.0,0.0,0.0,0.0,0.0,0.0,0.0,0.0,759.0,84.0,0.0,756.0,83.0,0.0,749.0,83.0,0.0,760.0,84.0,,,,27,,Patrick,Bamford,Bamford,has departed the club as a free agent.,,0,0,0,0,0,0,0,0,0,0,0,0,0,,,,0.0,0.0,0.0,0.0,0.0,0,0,0
364,u,0.0,0.0,5.0,277,56.0,0,0.0,0,0.0,0.0,738,90.0,0,0,0.0,787.0,87.0,0,0,0.0,752.0,80.0,0.0,0.0,0.0,0,0,2417,0,0.0,0.0,0.0,0.0,0.0,0.0,0.0,0.0,0.0,0.0,0.0,786.0,87.0,0.0,785.0,87.0,0.0,781.0,87.0,0.0,787.0,87.0,,,,27,,Mateo,Joseph Fernández-Regatillo,Mateo Joseph,Has joined RCD Mallorca on loan for the rest of the season.,,0,0,0,0,0,0,0,0,0,0,0,0,0,,,,0.0,0.0,0.0,0.0,0.0,0,0,0
365,a,100.0,100.0,5.0,246,53.0,0,0.0,0,0.0,0.6,241,36.0,61,1,2.9,205.0,21.0,8,213,2.4,142.0,20.0,0.5,12.2,0.0,202989,188,208354,204,1.9,2.4,6.19,0.81,7.0,14.68,0.8,0.1,0.9,1.89,246.4,209.0,17.0,58.8,318.0,33.0,304.0,65.0,24.0,61.0,184.0,22.0,,,1.0,27,,Lukas,Nmecha,Nmecha,,,700,6,1,2,17,0,0,1,0,0,0,7,36,,,,0.0,0.26,2.19,0.9,4.63,6,12,18
493,a,100.0,100.0,4.8,354,222.0,0,0.0,-2,2.0,0.2,351,118.0,44,1,2.6,253.0,103.0,4,234,0.8,283.0,123.0,0.2,9.2,0.0,176989,3,180229,12,0.3,0.8,0.83,1.48,2.31,13.95,0.08,0.14,0.22,1.33,237.2,214.0,94.0,343.0,61.0,48.0,65.0,279.0,151.0,64.5,167.0,91.0,1.0,2.0,,27,,Sean,Longstaff,Longstaff,,,943,1,2,1,19,0,0,0,2,0,0,10,100,,,,0.0,0.1,1.81,0.95,9.54,37,25,38
660,a,100.0,100.0,4.7,390,243.0,0,0.0,-3,3.0,1.8,140,45.0,105,8,4.8,19.0,11.0,8,425,3.6,53.0,25.0,0.8,22.3,0.0,968874,2208,798718,189,3.1,3.6,2.2,3.63,5.83,26.24,0.11,0.18,0.29,1.33,455.2,66.0,20.0,649.0,9.0,9.0,234.0,94.0,57.0,134.0,24.0,20.0,3.0,1.0,,27,,Anton,Stach,Stach,,,1775,4,6,4,32,0,0,0,3,0,0,21,201,,,,0.0,0.2,1.62,1.06,10.19,45,62,94
665,a,100.0,100.0,4.5,416,22.0,0,0.0,0,0.0,0.3,343,48.0,43,0,2.7,236.0,23.0,3,153,0.0,613.0,89.0,0.0,9.6,0.0,41428,13,59947,58,-0.5,0.0,0.0,0.0,0.0,26.68,0.0,0.0,0.0,1.67,322.4,149.0,20.0,0.0,679.0,85.0,0.0,659.0,74.0,32.2,311.0,20.0,,,,27,,Lucas Estella,Perri,Perri,,,1440,0,0,3,29,0,0,0,2,0,38,16,39,,,,2.38,0.19,1.81,1.0,0.0,0,16,100
691,a,100.0,100.0,5.8,105,30.0,0,0.0,3,-3.0,10.2,34,6.0,104,2,4.3,48.0,6.0,16,341,2.6,124.0,15.0,0.4,17.9,0.0,2744250,1742,1483355,5742,2.1,2.6,9.41,0.96,10.36,21.77,0.48,0.05,0.53,1.12,404.6,92.0,7.0,200.3,142.0,8.0,643.0,9.0,6.0,123.9,32.0,7.0,,,,27,,Dominic,Calvert-Lewin,Calvert-Lewin,,,1753,10,2,4,26,0,0,0,1,0,0,19,60,,,,0.0,0.21,1.33,0.98,3.08,10,21,29
698,i,0.0,0.0,5.5,145,90.0,0,0.0,0,0.0,0.1,467,161.0,67,0,2.9,209.0,86.0,3,228,3.0,95.0,45.0,0.5,12.2,0.0,62585,2,54584,203,0.0,0.0,4.2,0.98,5.18,22.4,0.3,0.07,0.37,1.59,254.6,205.0,87.0,199.8,143.0,99.0,322.0,60.0,36.0,77.7,120.0,67.0,,,,27,,Noah,Okafor,Okafor,Hamstring injury - Expected back 14 Mar,,1266,4,2,4,24,0,0,0,3,0,0,15,87,,,,0.0,0.28,1.71,1.07,6.18,20,21,46
706,a,,,3.9,752,216.0,0,0.0,-1,1.0,1.0,190,70.0,45,2,2.5,264.0,101.0,6,148,3.6,51.0,19.0,0.9,11.5,0.0,155997,376,45409,319,3.1,3.6,0.89,0.78,1.67,18.18,0.09,0.08,0.17,1.77,211.0,244.0,97.0,106.9,232.0,63.0,112.0,216.0,55.0,43.2,257.0,88.0,,,,27,,James,Justin,Justin,,,924,1,1,2,16,0,0,0,2,0,0,10,91,,,,0.0,0.19,1.56,0.97,8.18,22,62,34
741,u,0.0,0.0,4.5,493,71.0,0,0.0,0,0.0,0.1,497,70.0,0,0,0.0,737.0,80.0,0,0,0.0,671.0,70.0,0.0,0.0,0.0,27606,0,23561,13,0.0,0.0,0.0,0.0,0.0,0.0,0.0,0.0,0.0,0.0,0.0,735.0,80.0,0.0,730.0,79.0,0.0,716.0,79.0,0.0,736.0,80.0,,,,27,,Harry,Gray,Gray,has joined Rotherham United on loan for the rest of the season.,,0,0,0,0,0,0,0,0,0,0,0,0,0,,,,0.0,0.0,0.0,0.0,0.0,0,0,0
787,a,,,4.4,558,334.0,0,0.0,-1,1.0,0.0,740,312.0,0,0,0.0,679.0,264.0,0,0,0.0,597.0,210.0,0.0,0.0,0.0,1622,17,626,4,-0.5,0.0,0.0,0.0,0.0,0.0,0.0,0.0,0.0,0.0,0.0,670.0,256.0,0.0,666.0,261.0,0.0,645.0,252.0,0.0,673.0,259.0,,,,27,,Sam,Chambers,Chambers,,,0,0,0,0,0,0,0,0,0,0,0,0,0,,,,0.0,0.0,0.0,0.0,0.0,0,0,0
366,a,100.0,100.0,5.4,158,4.0,0,0.0,-1,1.0,5.9,61,9.0,75,0,3.6,111.0,14.0,7,310,2.2,164.0,11.0,0.4,13.9,0.0,564972,2048,1284871,255,2.7,2.7,0.0,0.03,0.03,23.35,0.0,0.0,0.0,1.11,367.6,116.0,18.0,0.1,487.0,16.0,0.0,791.0,92.0,36.7,286.0,18.0,,,,27,,Alisson,Becker,A.Becker,,,1890,0,0,7,25,0,0,0,1,0,44,21,63,,,,2.1,0.33,1.19,1.0,0.0,0,30,187
367,a,,,4.1,654,38.0,0,0.0,-4,4.0,0.5,254,33.0,19,0,3.8,86.0,9.0,0,70,0.0,526.0,79.0,0.0,4.6,0.0,152144,34,165625,43,0.5,0.5,0.0,0.0,0.0,7.1,0.0,0.0,0.0,1.42,140.0,300.0,23.0,0.0,616.0,75.0,0.0,586.0,61.0,13.9,386.0,23.0,,,,27,,Giorgi,Mamardashvili,Mamardashvili,,,450,0,0,1,10,0,1,0,0,0,17,5,45,,,,3.4,0.2,2.0,1.0,0.0,0,7,43
369,a,,,3.9,746,75.0,0,0.0,-1,1.0,0.2,389,56.0,0,0,0.0,543.0,43.0,0,0,0.0,429.0,34.0,0.0,0.0,0.0,22194,9,16839,10,0.5,0.5,0.0,0.0,0.0,0.0,0.0,0.0,0.0,0.0,0.0,532.0,43.0,0.0,522.0,28.0,0.0,487.0,14.0,0.0,535.0,43.0,,,,27,,Freddie,Woodman,Woodman,,,0,0,0,0,0,0,0,0,0,0,0,0,0,,,,0.0,0.0,0.0,0.0,0.0,0,0,0
370,i,0.0,0.0,5.7,117,11.0,0,0.0,-3,3.0,4.6,74,23.0,34,0,3.1,177.0,69.0,0,136,0.0,790.0,264.0,0.0,6.0,0.0,587416,25,3348078,468,0.0,0.0,0.39,1.02,1.41,5.96,0.07,0.17,0.24,1.0,83.2,357.0,134.0,140.8,195.0,48.0,103.0,228.0,60.0,32.8,305.0,101.0,,,,27,,Jeremie,Frimpong,Frimpong,Groin Injury - Expected back 28 Feb,,538,0,4,2,7,0,0,0,0,0,0,6,20,,,,0.0,0.33,1.17,1.0,2.68,4,12,31
371,a,,,5.6,133,15.0,0,0.0,-4,4.0,2.9,109,44.0,59,0,2.5,274.0,106.0,4,265,1.2,250.0,91.0,0.2,10.5,0.0,325292,639,791531,161,1.7,1.7,0.95,0.61,1.56,22.25,0.05,0.03,0.08,1.17,355.0,120.0,54.0,362.2,52.0,7.0,110.0,219.0,56.0,82.9,107.0,32.0,,,,27,,Milos,Kerkez,Kerkez,,,1715,1,1,4,27,0,0,0,4,0,0,21,140,,,,0.0,0.21,1.42,1.1,5.98,36,78,66
372,a,,,5.7,114,10.0,0,0.0,-3,3.0,1.0,194,74.0,33,0,2.2,309.0,114.0,4,142,1.8,198.0,72.0,0.3,5.8,0.0,56145,90,131954,43,2.3,2.3,0.22,0.91,1.12,8.1,0.03,0.13,0.16,1.16,130.0,309.0,117.0,220.6,127.0,33.0,61.0,292.0,87.0,41.3,270.0,91.0,,,,27,,Andrew,Robertson,Robertson,,,628,0,0,3,8,0,0,0,0,0,0,5,42,,,,0.0,0.43,1.15,0.72,4.59,10,22,27
373,a,,,5.9,89,5.0,0,0.0,-1,1.0,23.6,15,5.0,111,0,4.3,49.0,20.0,7,398,6.0,9.0,3.0,1.0,18.8,0.0,3082068,20674,3383550,606,6.5,6.5,1.89,0.76,2.65,30.45,0.07,0.03,0.1,1.17,755.4,5.0,2.0,149.6,189.0,47.0,266.0,84.0,6.0,117.0,41.0,3.0,,,,27,,Virgil,van Dijk,Virgil,,,2340,2,0,8,35,0,0,0,4,0,0,26,276,,,,0.0,0.31,1.35,1.0,9.65,17,234,55
374,a,100.0,100.0,5.4,165,18.0,0,0.0,-1,1.0,3.3,102,38.0,99,0,4.0,71.0,29.0,7,379,3.6,56.0,22.0,0.7,18.3,0.0,637799,2841,664971,314,4.1,4.1,1.05,0.85,1.9,25.53,0.04,0.04,0.08,1.07,571.4,30.0,12.0,121.5,215.0,55.0,96.0,237.0,62.0,79.1,117.0,37.0,,,,27,,Ibrahima,Konaté,Konaté,,,2146,1,0,8,29,0,0,0,5,0,0,25,242,,,,0.0,0.34,1.22,1.05,9.1,39,178,74
375,i,0.0,0.0,4.9,338,55.0,0,0.0,-1,1.0,0.2,412,151.0,42,0,2.8,222.0,89.0,2,157,0.0,732.0,255.0,0.0,8.6,0.0,62614,4,71281,18,0.0,0.0,0.18,0.84,1.02,10.77,0.02,0.08,0.1,1.04,157.4,287.0,112.0,105.2,238.0,66.0,62.0,287.0,85.0,32.3,310.0,104.0,,,,27,,Conor,Bradley,Bradley,Knee injury - Expected back 01 Jun,,928,0,2,4,13,0,0,0,5,0,0,12,82,,,,0.0,0.39,1.26,1.16,6.3,19,46,43
376,a,100.0,100.0,4.9,296,45.0,0,0.0,-1,1.0,0.1,421,155.0,26,0,2.2,307.0,113.0,2,73,0.2,377.0,139.0,0.0,5.3,0.0,22825,20,28905,13,0.7,0.7,0.18,0.54,0.72,3.97,0.05,0.16,0.21,1.19,79.0,364.0,138.0,57.8,319.0,107.0,22.0,368.0,127.0,15.8,377.0,133.0,,,,27,,Joe,Gomez,Gomez,,,300,0,2,2,7,0,0,0,2,0,0,4,24,,,,0.0,0.6,2.1,1.2,6.9,3,20,9
377,u,0.0,0.0,4.8,357,58.0,0,0.0,-2,2.0,0.0,591,211.0,0,0,0.0,757.0,260.0,0,0,0.0,702.0,251.0,0.0,0.0,0.0,1669,0,12248,0,0.0,0.0,0.0,0.0,0.0,0.0,0.0,0.0,0.0,0.0,0.0,756.0,260.0,0.0,752.0,260.0,0.0,743.0,260.0,0.0,757.0,260.0,,,,27,,Konstantinos,Tsimikas,Tsimikas,has joined AS Roma on loan for the rest of the season.,,0,0,0,0,0,0,0,0,0,0,0,0,0,,,,0.0,0.0,0.0,0.0,0.0,0,0,0
378,a,100.0,100.0,3.7,817,265.0,0,0.0,-3,3.0,1.2,178,68.0,0,0,0.0,516.0,183.0,0,0,0.0,395.0,146.0,0.0,0.0,0.0,222382,143,99252,372,0.5,0.5,0.0,0.0,0.0,0.0,0.0,0.0,0.0,0.0,0.0,504.0,181.0,0.0,490.0,178.0,0.0,454.0,169.0,0.0,507.0,181.0,,,,27,,Amara,Nallo,Nallo,,,0,0,0,0,0,0,0,0,0,0,0,0,0,,,,0.0,0.0,0.0,0.0,0.0,0,0,0
379,a,,,3.7,813,261.0,0,0.0,-3,3.0,0.6,234,89.0,0,0,0.0,514.0,181.0,0,0,0.0,392.0,143.0,0.0,0.0,0.0,87450,199,41478,250,0.5,0.5,0.0,0.0,0.0,0.0,0.0,0.0,0.0,0.0,0.0,502.0,179.0,0.0,488.0,176.0,0.0,452.0,167.0,0.0,505.0,179.0,,,,27,,Rhys,Williams,R.Williams,,,0,0,0,0,0,0,0,0,0,0,0,0,0,,,,0.0,0.0,0.0,0.0,0.0,0,0,0
380,a,,,3.8,796,245.0,0,0.0,-2,2.0,0.2,349,125.0,0,0,0.0,523.0,189.0,0,0,0.0,406.0,156.0,0.0,0.0,0.0,27441,10,31005,11,0.5,0.5,0.0,0.0,0.0,0.0,0.0,0.0,0.0,0.0,0.0,512.0,188.0,0.0,499.0,186.0,0.0,463.0,177.0,0.0,515.0,188.0,,,,27,,Calvin,Ramsay,Ramsay,,,0,0,0,0,0,0,0,0,0,0,0,0,0,,,,0.0,0.0,0.0,0.0,0.0,0,0,0
381,a,100.0,100.0,14.0,2,1.0,0,0.0,-5,5.0,14.2,25,9.0,82,0,4.6,31.0,17.0,5,259,3.6,61.0,29.0,0.3,5.9,0.0,1341039,960,5879311,364,4.1,4.1,6.18,3.75,9.93,22.81,0.36,0.22,0.58,1.34,348.4,128.0,42.0,569.9,14.0,14.0,587.0,17.0,7.0,150.5,16.0,12.0,,4.0,1.0,27,,Mohamed,Salah,M.Salah,,,1536,4,6,5,27,0,0,0,1,0,0,16,64,,,,0.0,0.29,1.58,0.94,3.75,5,9,50
382,a,100.0,100.0,8.4,12,7.0,0,0.0,-1,1.0,13.9,27,10.0,100,0,4.0,80.0,38.0,16,412,3.8,47.0,24.0,0.5,11.9,0.0,2126433,8254,4082792,1483,4.3,4.3,5.64,4.1,9.73,23.77,0.27,0.2,0.47,1.16,409.0,90.0,29.0,682.1,6.0,6.0,530.0,21.0,9.0,162.1,11.0,9.0,4.0,,,27,,Florian,Wirtz,Wirtz,,,1850,4,3,8,23,0,0,0,1,0,0,21,133,,,,0.0,0.39,1.12,1.02,6.47,28,19,86
383,u,0.0,0.0,8.0,16,11.0,0,0.0,0,0.0,0.0,604,231.0,0,0,0.0,816.0,366.0,0,0,0.0,815.0,366.0,0.0,0.0,0.0,0,0,7329,0,0.0,0.0,0.0,0.0,0.0,0.0,0.0,0.0,0.0,0.0,0.0,816.0,366.0,0.0,816.0,366.0,0.0,816.0,366.0,0.0,816.0,366.0,,,,27,,Luis,Díaz Marulanda,Luis Díaz,Has joined Bayern Munch permanently.,,0,0,0,0,0,0,0,0,0,0,0,0,0,,,,0.0,0.0,0.0,0.0,0.0,0,0,0
384,a,100.0,100.0,7.3,27,17.0,0,0.0,-2,2.0,5.3,69,24.0,89,0,3.7,99.0,46.0,5,330,2.2,167.0,77.0,0.3,12.2,0.0,3302991,891,3730098,349,2.7,2.7,5.25,4.08,9.33,19.01,0.27,0.21,0.48,0.98,365.2,117.0,39.0,529.9,19.0,19.0,553.0,19.0,8.0,144.7,20.0,16.0,3.0,,3.0,27,,Cody,Gakpo,Gakpo,,,1742,5,3,6,25,0,0,0,1,0,0,20,100,,,,0.0,0.31,1.29,1.03,5.17,16,25,59
385,a,100.0,100.0,6.3,69,46.0,0,0.0,-2,2.0,0.3,325,110.0,31,0,1.6,398.0,178.0,0,116,0.6,317.0,144.0,0.1,4.9,0.0,55959,14,68224,18,1.1,1.1,1.18,0.5,1.68,4.75,0.44,0.19,0.63,1.79,115.6,322.0,146.0,33.9,359.0,188.0,127.0,203.0,111.0,27.6,329.0,157.0,,,,27,,Federico,Chiesa,Chiesa,,,239,2,1,0,6,0,0,0,2,0,0,1,26,,,,0.0,0.0,2.26,0.38,9.79,8,12,6
386,a,100.0,100.0,6.2,72,48.0,0,0.0,-3,3.0,1.2,173,58.0,52,0,2.1,321.0,141.0,0,278,1.4,239.0,101.0,0.2,8.4,0.0,171908,207,274521,103,1.9,1.9,2.14,1.16,3.3,21.2,0.11,0.06,0.17,1.11,255.8,203.0,85.0,345.5,58.0,47.0,195.0,121.0,71.0,79.7,115.0,64.0,,,4.0,27,,Alexis,Mac Allister,Mac Allister,,,1726,0,2,6,24,0,0,0,4,0,0,21,141,,,,0.0,0.31,1.25,1.1,7.35,31,41,69
387,a,100.0,100.0,6.7,49,31.0,0,0.0,2,-2.0,6.9,56,20.0,97,0,4.0,77.0,35.0,14,496,5.2,16.0,9.0,0.8,14.5,0.0,1903990,16972,1419544,383,5.7,5.7,3.54,3.76,7.3,28.45,0.15,0.16,0.31,1.19,544.8,39.0,9.0,794.2,3.0,3.0,277.0,77.0,47.0,161.5,12.0,10.0,2.0,2.0,,27,,Dominik,Szoboszlai,Szoboszlai,,,2152,4,2,7,34,0,0,1,5,1,0,24,222,,,,0.0,0.29,1.42,1.0,9.28,36,63,123
388,a,100.0,100.0,5.4,167,102.0,0,0.0,-1,1.0,0.1,458,156.0,43,0,1.9,349.0,153.0,1,263,0.8,290.0,127.0,0.1,8.0,0.0,28151,23,32838,15,1.3,1.3,1.08,2.24,3.32,17.85,0.09,0.18,0.27,1.45,218.0,235.0,102.0,305.2,82.0,61.0,112.0,217.0,119.0,63.4,172.0,94.0,,,,27,,Curtis,Jones,C.Jones,,,1107,0,2,2,21,0,0,0,1,0,0,10,122,,,,0.0,0.16,1.71,0.81,9.92,22,20,80
390,a,100.0,100.0,5.5,147,91.0,0,0.0,0,0.0,4.8,72,26.0,111,0,4.6,27.0,14.0,13,504,3.0,96.0,46.0,0.5,20.2,0.0,1913753,2655,1437951,728,3.5,3.5,1.32,1.76,3.08,25.26,0.06,0.07,0.13,1.07,518.4,49.0,12.0,365.9,50.0,44.0,135.0,184.0,102.0,102.0,57.0,38.0,,,,27,,Ryan,Gravenberch,Gravenberch,,,2118,4,4,8,29,0,0,0,4,0,0,24,230,,,,0.0,0.34,1.23,1.02,9.77,43,82,105
392,i,0.0,0.0,4.9,293,183.0,0,0.0,-1,1.0,0.1,506,181.0,12,0,1.5,412.0,184.0,0,49,1.0,263.0,114.0,0.2,2.4,0.0,7346,3,14937,13,0.0,0.0,0.04,0.05,0.09,4.11,0.02,0.03,0.05,2.18,56.0,396.0,175.0,18.1,392.0,197.0,6.0,421.0,206.0,8.0,419.0,191.0,,,,27,,Endo,Wataru,Endo,Foot injury - Unknown return date,,170,0,1,1,5,0,0,0,1,0,0,1,23,,,,0.0,0.53,2.65,0.53,12.18,7,13,3
393,i,0.0,0.0,4.3,604,352.0,0,0.0,-2,2.0,0.0,631,248.0,0,0,0.0,650.0,245.0,0,0,0.0,559.0,186.0,0.0,0.0,0.0,6766,6,10022,4,0.0,0.0,0.0,0.0,0.0,0.0,0.0,0.0,0.0,0.0,0.0,639.0,235.0,0.0,636.0,241.0,0.0,611.0,229.0,0.0,642.0,238.0,,,,27,,Stefan,Bajčetić Maquieira,Bajcetic,Hamstring injury - Unknown return date,,0,0,0,0,0,0,0,0,0,0,0,0,0,,,,0.0,0.0,0.0,0.0,0.0,0,0,0
394,u,0.0,0.0,4.4,546,326.0,0,0.0,-1,1.0,0.0,676,275.0,0,0,0.0,670.0,258.0,0,0,0.0,587.0,203.0,0.0,0.0,0.0,1737,0,4091,0,0.0,0.0,0.0,0.0,0.0,0.0,0.0,0.0,0.0,0.0,0.0,660.0,249.0,0.0,657.0,255.0,0.0,634.0,244.0,0.0,663.0,252.0,,,,27,,James,McConnell,McConnell,has joined Ajax on loan for the rest of the season.,,0,0,0,0,0,0,0,0,0,0,0,0,0,,,,0.0,0.0,0.0,0.0,0.0,0,0,0
395,u,0.0,0.0,4.5,430,257.0,0,0.0,0,0.0,0.0,801,355.0,0,0,0.0,697.0,274.0,0,0,0.0,623.0,224.0,0.0,0.0,0.0,0,0,357,0,0.0,0.0,0.0,0.0,0.0,0.0,0.0,0.0,0.0,0.0,0.0,690.0,268.0,0.0,687.0,272.0,0.0,669.0,265.0,0.0,693.0,271.0,,,,27,,Tyler,Morton,Morton,Has joined Lyon permanently.,,0,0,0,0,0,0,0,0,0,0,0,0,0,,,,0.0,0.0,0.0,0.0,0.0,0,0,0
396,a,,,4.3,613,359.0,0,0.0,-2,2.0,0.3,305,105.0,2,0,1.0,464.0,204.0,0,5,0.0,567.0,193.0,0.0,0.5,0.0,97308,9,81813,36,0.5,0.5,0.0,0.0,0.0,0.0,0.0,0.0,0.0,0.0,2.2,481.0,222.0,10.3,415.0,206.0,0.0,617.0,235.0,1.3,476.0,220.0,,,,27,,Trey,Nyoni,Nyoni,,,2,0,0,0,0,0,0,0,0,0,0,0,0,,,,0.0,0.0,0.0,0.0,0.0,0,0,0
397,u,0.0,0.0,6.5,51,18.0,0,0.0,0,0.0,0.1,553,78.0,0,0,0.0,812.0,90.0,0,0,0.0,808.0,88.0,0.0,0.0,0.0,0,0,15932,0,0.0,0.0,0.0,0.0,0.0,0.0,0.0,0.0,0.0,0.0,0.0,812.0,90.0,0.0,812.0,90.0,0.0,812.0,90.0,0.0,812.0,90.0,,,,27,,Darwin,Núñez Ribeiro,Darwin,Has joined Al-Hilal permanently.,,0,0,0,0,0,0,0,0,0,0,0,0,0,,,,0.0,0.0,0.0,0.0,0.0,0,0,0
398,i,0.0,0.0,4.3,600,84.0,0,0.0,-2,2.0,0.1,472,68.0,0,0,0.0,648.0,66.0,0,0,0.0,556.0,55.0,0.0,0.0,0.0,8927,10,19479,9,0.0,0.0,0.0,0.0,0.0,0.0,0.0,0.0,0.0,0.0,0.0,637.0,66.0,0.0,633.0,65.0,0.0,608.0,65.0,0.0,640.0,66.0,,,,27,,Jayden,Danns,Danns,Hamstring injury - Unknown return date,,0,0,0,0,0,0,0,0,0,0,0,0,0,,,,0.0,0.0,0.0,0.0,0.0,0,0,0
499,i,0.0,0.0,10.3,4,2.0,0,0.0,-2,2.0,3.5,92,16.0,29,0,2.9,213.0,23.0,2,96,0.0,817.0,91.0,0.0,2.8,0.0,1797086,6,2411967,137,0.0,0.0,2.04,0.07,2.11,5.1,0.37,0.01,0.38,0.92,97.6,344.0,34.0,36.5,356.0,44.0,143.0,177.0,39.0,26.9,333.0,39.0,,,,27,,Alexander,Isak,Isak,Ankle injury - Expected back 11 Apr,,501,2,1,1,7,0,0,0,0,0,0,6,23,,,,0.0,0.18,1.26,1.08,4.13,6,6,11
661,a,100.0,100.0,8.9,7,3.0,0,0.0,4,-4.0,26.3,13,4.0,104,0,4.5,35.0,5.0,19,362,3.6,60.0,6.0,0.4,11.7,0.0,7570815,10761,6583823,2252,4.1,4.1,8.62,1.88,10.5,22.21,0.51,0.11,0.62,1.32,440.4,71.0,5.0,241.3,114.0,5.0,628.0,10.0,7.0,129.9,26.0,5.0,,,,27,,Hugo,Ekitiké,Ekitiké,,,1509,10,2,6,20,0,0,0,0,0,0,17,67,,,,0.0,0.36,1.19,1.01,4.0,9,27,31
686,a,,,4.3,619,363.0,0,0.0,-2,2.0,0.8,209,72.0,13,0,1.6,386.0,170.0,0,56,0.2,368.0,161.0,0.0,3.0,0.0,242847,194,173667,195,0.7,0.7,0.37,0.35,0.72,2.78,0.44,0.41,0.85,3.29,50.8,400.0,177.0,59.7,317.0,179.0,41.0,327.0,171.0,15.3,379.0,178.0,,,,27,,Rio,Ngumoha,Ngumoha,,,76,1,0,0,3,0,0,0,0,0,0,0,3,,,,0.0,0.0,3.55,0.0,3.55,1,0,2
692,i,0.0,0.0,4.9,350,57.0,0,0.0,-1,1.0,0.0,709,246.0,0,0,0.0,778.0,261.0,0,0,0.0,739.0,256.0,0.0,0.0,0.0,1850,2,2499,3,0.0,0.0,0.0,0.0,0.0,0.0,0.0,0.0,0.0,0.0,0.0,777.0,261.0,0.0,774.0,261.0,0.0,769.0,261.0,0.0,778.0,261.0,,,,27,,Giovanni,Leoni,Leoni,Knee injury - Expected back 01 Sep,,0,0,0,0,0,0,0,0,0,0,0,0,0,,,,0.0,0.0,0.0,0.0,0.0,0,0,0
746,a,,,4.5,491,301.0,0,0.0,0,0.0,0.0,745,316.0,0,0,0.0,736.0,307.0,0,0,0.0,670.0,264.0,0.0,0.0,0.0,982,0,770,0,0.5,0.5,0.0,0.0,0.0,0.0,0.0,0.0,0.0,0.0,0.0,734.0,305.0,0.0,729.0,306.0,0.0,715.0,302.0,0.0,735.0,306.0,,,,27,,Kieran,Morrison,Morrison,,,0,0,0,0,0,0,0,0,0,0,0,0,0,,,,0.0,0.0,0.0,0.0,0.0,0,0,0
760,a,,,4.0,706,185.0,0,0.0,0,0.0,0.0,698,241.0,0,0,0.0,609.0,226.0,0,0,0.0,498.0,198.0,0.0,0.0,0.0,946,1,737,6,0.5,0.5,0.0,0.0,0.0,0.0,0.0,0.0,0.0,0.0,0.0,598.0,225.0,0.0,591.0,225.0,0.0,558.0,219.0,0.0,601.0,225.0,,,,27,,Wellity,Lucky,Lucky,,,0,0,0,0,0,0,0,0,0,0,0,0,0,,,,0.0,0.0,0.0,0.0,0.0,0,0,0
82,a,100.0,100.0,8.0,17,12.0,0,0.0,10,-10.0,51.7,2,1.0,157,4,6.0,5.0,3.0,17,504,7.0,5.0,2.0,0.9,19.6,0.0,11092965,14863,6052125,1282,7.5,7.5,8.72,2.27,10.99,37.59,0.34,0.09,0.43,1.45,694.2,7.0,2.0,425.0,35.0,33.0,754.0,3.0,1.0,187.5,4.0,3.0,,,,27,,Antoine,Semenyo,Semenyo,,,2336,13,6,7,44,0,0,1,6,0,0,26,193,,,,0.0,0.27,1.7,1.0,7.44,38,37,118
182,a,,,4.5,428,23.0,0,0.0,-5,5.0,0.9,200,24.0,11,0,3.7,94.0,10.0,0,62,0.0,621.0,90.0,0.0,2.4,0.0,99637,4,271845,46,0.5,0.5,0.0,0.0,0.0,3.97,0.0,0.0,0.0,1.32,100.2,340.0,26.0,0.0,685.0,86.0,0.0,667.0,75.0,10.1,404.0,27.0,,,,27,,James,Trafford,Trafford,,,270,0,0,1,4,0,0,0,0,0,11,3,41,,,,3.67,0.33,1.33,1.0,0.0,2,6,33
260,a,100.0,100.0,5.2,209,28.0,0,0.0,7,-7.0,37.4,5,2.0,126,2,5.0,13.0,3.0,9,473,4.2,34.0,12.0,0.8,24.2,0.0,5838390,7647,2843202,12100,4.7,4.7,2.65,2.02,4.67,32.49,0.11,0.08,0.19,1.3,608.6,20.0,9.0,175.0,168.0,40.0,281.0,76.0,4.0,106.5,49.0,5.0,,,,27,,Marc,Guéhi,Guéhi,,,2250,2,4,9,27,0,0,0,5,0,0,25,242,,,,0.0,0.36,1.08,1.0,8.28,35,172,105
399,u,0.0,0.0,5.3,186,5.0,0,0.0,-2,2.0,0.8,205,26.0,0,0,0.0,793.0,94.0,0,0,0.0,767.0,94.0,0.0,0.0,0.0,15200,0,272743,15,0.0,0.0,0.0,0.0,0.0,0.0,0.0,0.0,0.0,0.0,0.0,793.0,94.0,0.0,792.0,93.0,0.0,789.0,91.0,0.0,793.0,94.0,,,,27,,Ederson,Santana de Moraes,Ederson M.,has joined Fenerbache permanently.,,0,0,0,0,0,0,0,0,0,0,0,0,0,,,,0.0,0.0,0.0,0.0,0.0,0,0,0
401,a,100.0,100.0,3.8,785,93.0,0,0.0,-2,2.0,0.4,276,35.0,0,0,0.0,518.0,33.0,0,0,0.0,399.0,24.0,0.0,0.0,0.0,51446,197,27844,281,0.5,0.5,0.0,0.0,0.0,0.0,0.0,0.0,0.0,0.0,0.0,507.0,33.0,0.0,493.0,17.0,0.0,457.0,3.0,0.0,510.0,33.0,,,,27,,Marcus,Bettinelli,Bettinelli,,,0,0,0,0,0,0,0,0,0,0,0,0,0,,,,0.0,0.0,0.0,0.0,0.0,0,0,0
402,a,100.0,100.0,5.7,118,12.0,0,0.0,-3,3.0,3.9,86,29.0,28,2,2.8,229.0,90.0,4,107,3.0,97.0,36.0,0.5,4.9,0.0,538496,618,2394873,194,3.5,3.5,0.3,0.73,1.03,6.91,0.05,0.12,0.17,1.12,82.0,360.0,136.0,62.1,310.0,103.0,37.0,336.0,108.0,18.1,367.0,128.0,,,,27,,Rayan,Aït-Nouri,Aït-Nouri,,,553,0,0,2,5,0,0,0,1,0,0,7,54,,,,0.0,0.33,0.81,1.14,7.49,21,25,22
403,i,0.0,0.0,5.9,101,7.0,0,0.0,-1,1.0,3.4,97,34.0,77,0,4.8,22.0,7.0,5,291,0.0,800.0,265.0,0.0,13.1,0.0,1374104,8,2171516,494,0.0,0.0,2.19,0.64,2.83,15.29,0.15,0.04,0.19,1.06,354.6,121.0,55.0,104.7,239.0,67.0,193.0,124.0,23.0,65.3,162.0,53.0,,,,27,,Joško,Gvardiol,Gvardiol,Leg injury - Unknown return date,,1301,2,2,6,13,0,0,0,2,0,0,15,115,,,,0.0,0.42,0.9,1.04,6.85,17,82,48
404,u,0.0,0.0,5.4,168,19.0,0,0.0,-1,1.0,0.3,336,121.0,0,0,0.0,796.0,264.0,0,0,0.0,776.0,262.0,0.0,0.0,0.0,9281,0,85376,6,0.0,0.0,0.0,0.0,0.0,0.0,0.0,0.0,0.0,0.0,0.0,796.0,264.0,0.0,795.0,264.0,0.0,793.0,264.0,0.0,796.0,264.0,,,,27,,Manuel,Akanji,Akanji,has joined Inter Milan on loan for the rest of the season.,,0,0,0,0,0,0,0,0,0,0,0,0,0,,,,0.0,0.0,0.0,0.0,0.0,0,0,0
405,a,,,5.3,187,23.0,0,0.0,-2,2.0,0.6,238,90.0,26,0,2.0,333.0,123.0,1,111,0.2,386.0,142.0,0.0,4.9,0.0,44382,28,84545,42,0.7,0.7,0.28,0.44,0.72,7.87,0.05,0.08,0.13,1.46,98.6,342.0,131.0,93.1,256.0,77.0,25.0,359.0,119.0,21.8,353.0,120.0,,,,27,,Nathan,Aké,Aké,,,485,0,0,2,7,0,0,0,1,0,0,4,40,,,,0.0,0.37,1.3,0.74,6.87,9,28,12
406,a,100.0,100.0,5.4,185,22.0,0,0.0,-1,1.0,0.4,291,109.0,32,1,2.5,273.0,105.0,0,157,2.8,108.0,39.0,0.5,5.9,0.0,52540,84,71473,145,3.3,3.3,0.3,0.1,0.4,11.41,0.03,0.01,0.04,1.31,141.6,297.0,115.0,33.7,361.0,126.0,4.0,433.0,159.0,18.0,369.0,130.0,,,,27,,Abdukodir,Khusanov,Khusanov,,,784,0,0,3,7,0,0,0,2,0,0,8,82,,,,0.0,0.34,0.8,0.92,8.38,21,52,39
407,a,100.0,100.0,5.4,175,21.0,0,0.0,-1,1.0,3.3,100,37.0,117,2,4.9,17.0,4.0,14,489,4.6,28.0,9.0,0.9,21.7,0.0,873114,1966,535340,2589,5.1,5.1,0.25,1.45,1.7,23.07,0.01,0.07,0.08,1.04,481.4,61.0,28.0,306.9,80.0,18.0,58.0,298.0,91.0,84.9,103.0,29.0,,,4.0,27,,Matheus,Nunes,Matheus N.,,,1994,1,7,8,20,0,0,0,4,0,0,22,186,,,,0.0,0.36,0.9,0.99,6.68,45,103,122
408,a,100.0,100.0,5.5,139,16.0,0,0.0,0,0.0,3.3,98,35.0,102,0,4.4,38.0,15.0,3,407,1.4,237.0,89.0,0.3,18.5,0.0,928216,504,1044832,323,1.9,1.9,0.53,0.51,1.04,21.78,0.03,0.02,0.05,1.05,492.4,56.0,25.0,95.2,252.0,74.0,95.0,238.0,63.0,68.4,150.0,49.0,,,,27,,Rúben,dos Santos Gato Alves Dias,Rúben,,,1869,2,0,11,18,0,0,0,3,0,0,21,170,,,,0.0,0.53,0.87,1.01,7.03,9,137,66
409,a,100.0,100.0,5.4,157,17.0,0,0.0,-1,1.0,0.6,250,93.0,12,0,1.7,381.0,141.0,0,45,0.0,771.0,261.0,0.0,2.2,0.0,50681,15,109372,12,0.5,0.5,0.0,0.06,0.06,5.05,0.0,0.02,0.02,1.29,76.6,369.0,141.0,19.6,390.0,140.0,2.0,450.0,166.0,9.8,405.0,144.0,,,,27,,John,Stones,Stones,,,351,0,0,1,8,0,0,0,0,0,0,4,34,,,,0.0,0.26,2.05,1.03,4.87,0,19,17
410,a,100.0,100.0,4.6,400,69.0,0,0.0,-4,4.0,1.2,175,66.0,19,0,1.9,340.0,127.0,2,75,0.0,692.0,249.0,0.0,4.1,0.0,367646,39,459179,108,0.5,0.5,0.11,1.31,1.42,5.04,0.03,0.38,0.41,1.46,67.4,382.0,147.0,97.3,250.0,73.0,43.0,323.0,104.0,20.7,358.0,123.0,,,,27,,Rico,Lewis,Lewis,,,311,0,1,1,5,0,0,0,1,0,0,3,23,,,,0.0,0.29,1.45,0.87,5.5,5,14,10
411,a,100.0,100.0,4.9,334,53.0,0,0.0,-1,1.0,5.4,68,21.0,114,14,4.4,37.0,14.0,3,407,7.2,3.0,1.0,1.5,23.3,0.0,2039331,39143,1412374,448,7.7,7.7,2.95,1.69,4.64,25.52,0.13,0.08,0.21,1.17,416.6,85.0,38.0,306.2,81.0,19.0,243.0,91.0,9.0,96.6,74.0,18.0,,,,27,,Nico,O'Reilly,O'Reilly,,,1971,4,3,10,19,0,0,0,4,0,0,21,157,,,,0.0,0.46,0.87,0.96,6.16,58,77,79
412,u,0.0,0.0,5.0,282,42.0,0,0.0,0,0.0,0.0,776,261.0,0,0,0.0,791.0,263.0,0,0,0.0,756.0,258.0,0.0,0.0,0.0,0,0,851,0,0.0,0.0,0.0,0.0,0.0,0.0,0.0,0.0,0.0,0.0,0.0,790.0,263.0,0.0,789.0,263.0,0.0,785.0,263.0,0.0,791.0,263.0,,,,27,,Vitor,de Oliveira Nunes dos Reis,Vitor Reis,Has joined Girona on loan for the rest of the season.,,0,0,0,0,0,0,0,0,0,0,0,0,0,,,,0.0,0.0,0.0,0.0,0.0,0,0,0
413,a,100.0,100.0,8.3,13,8.0,0,0.0,-2,2.0,2.5,117,36.0,34,4,2.3,300.0,133.0,4,111,3.6,59.0,28.0,0.4,4.1,0.0,246568,540,1255508,213,4.1,4.1,1.84,0.66,2.5,4.59,0.38,0.14,0.52,0.94,86.0,355.0,159.0,106.1,235.0,147.0,136.0,181.0,100.0,32.5,308.0,152.0,,1.0,2.0,27,,Omar,Marmoush,Marmoush,,,440,1,2,2,4,0,0,0,1,0,0,5,27,,,,0.0,0.41,0.82,1.02,5.52,10,4,13
414,a,100.0,100.0,8.2,14,9.0,0,0.0,2,-2.0,9.4,37,13.0,109,1,4.5,34.0,18.0,10,466,1.6,216.0,91.0,0.2,13.3,0.0,6156537,213,5345359,3232,2.1,2.1,5.29,3.59,8.88,21.02,0.28,0.19,0.47,1.1,483.6,60.0,17.0,724.1,4.0,4.0,398.0,34.0,19.0,160.3,13.0,11.0,1.0,3.0,,27,,Phil,Foden,Foden,,,1716,7,3,10,14,0,0,0,4,0,0,20,127,,,,0.0,0.52,0.73,1.05,6.66,26,21,80
415,a,100.0,100.0,6.9,43,25.0,0,0.0,-1,1.0,0.4,279,98.0,26,0,1.7,382.0,168.0,0,87,0.0,811.0,363.0,0.0,3.8,0.0,33368,34,113240,18,0.5,0.5,1.28,1.18,2.46,6.39,0.22,0.2,0.42,1.08,75.0,372.0,166.0,138.1,197.0,132.0,218.0,103.0,63.0,43.1,259.0,127.0,,,,27,,Sávio,Moreira de Oliveira,Savinho,,,531,0,2,2,5,0,0,0,1,0,0,5,44,,,,0.0,0.34,0.85,0.85,7.46,5,9,30
416,a,100.0,100.0,6.2,71,47.0,0,0.0,-3,3.0,0.6,244,84.0,67,1,2.5,278.0,119.0,1,350,3.8,43.0,20.0,0.6,10.8,0.0,88250,231,126680,112,4.3,4.3,1.24,2.78,4.02,25.06,0.06,0.13,0.19,1.13,313.4,156.0,56.0,470.6,26.0,25.0,134.0,185.0,103.0,91.8,83.0,49.0,5.0,,,27,,Bernardo,Mota Veiga de Carvalho e Silva,Bernardo,,,1988,1,4,8,21,0,0,0,8,0,0,23,180,,,,0.0,0.36,0.95,1.04,8.15,29,48,103
417,a,100.0,100.0,6.5,53,34.0,0,0.0,0,0.0,8.5,42,14.0,91,1,4.1,60.0,27.0,12,391,2.8,111.0,52.0,0.4,14.0,0.0,2662104,1282,2598576,5320,3.3,3.3,2.16,5.87,8.03,14.71,0.18,0.48,0.66,1.2,386.2,101.0,33.0,564.1,15.0,15.0,326.0,59.0,35.0,127.8,29.0,23.0,2.0,4.0,,27,,Rayan,Cherki,Cherki,,,1099,3,8,5,11,0,0,0,1,0,0,12,106,,,,0.0,0.41,0.9,0.98,8.68,21,14,71
418,i,0.0,0.0,6.4,58,37.0,0,0.0,-1,1.0,2.4,123,39.0,72,0,3.6,114.0,50.0,9,305,0.2,390.0,175.0,0.0,11.2,0.0,2119503,5,2078806,364,0.0,0.0,1.81,4.25,6.06,15.61,0.14,0.32,0.46,1.19,302.0,173.0,65.0,557.2,16.0,16.0,380.0,41.0,25.0,123.8,33.0,25.0,,,3.0,27,,Jérémy,Doku,Doku,Calf injury - Expected back 28 Feb,,1179,1,7,5,13,0,0,0,0,0,0,13,79,,,,0.0,0.38,0.99,0.99,6.03,15,10,54
420,u,0.0,0.0,6.3,64,42.0,0,0.0,-2,2.0,0.1,558,204.0,0,0,0.0,809.0,362.0,0,0,0.0,802.0,358.0,0.0,0.0,0.0,1928,0,19851,2,0.0,0.0,0.0,0.0,0.0,0.0,0.0,0.0,0.0,0.0,0.0,809.0,362.0,0.0,809.0,362.0,0.0,809.0,362.0,0.0,809.0,362.0,,,,27,,İlkay,Gündoğan,Gündoğan,has joined Galatasaray permanently.,,0,0,0,0,0,0,0,0,0,0,0,0,0,,,,0.0,0.0,0.0,0.0,0.0,0,0,0
423,a,100.0,100.0,5.9,98,63.0,0,0.0,-1,1.0,0.1,473,164.0,55,0,2.6,260.0,110.0,1,289,0.0,797.0,355.0,0.0,9.3,0.0,27552,21,30581,17,0.5,0.5,0.56,1.0,1.56,16.77,0.04,0.07,0.11,1.1,278.6,189.0,75.0,185.6,156.0,108.0,64.0,284.0,153.0,52.8,217.0,108.0,,,,27,,Nico,González Iglesias,N.Gonzalez,,,1370,1,0,7,14,0,0,0,6,0,0,15,182,,,,0.0,0.46,0.92,0.99,11.96,36,67,79
425,u,0.0,0.0,5.4,184,114.0,0,0.0,-1,1.0,0.0,741,313.0,0,0,0.0,802.0,356.0,0,0,0.0,784.0,345.0,0.0,0.0,0.0,194,0,3227,0,0.0,0.0,0.0,0.0,0.0,0.0,0.0,0.0,0.0,0.0,0.0,802.0,356.0,0.0,801.0,356.0,0.0,799.0,355.0,0.0,802.0,356.0,,,,27,,Claudio,Echeverri,Echeverri,has joined Girona on loan for the rest of the season.,,0,0,0,0,0,0,0,0,0,0,0,0,0,,,,0.0,0.0,0.0,0.0,0.0,0,0,0
427,a,,,5.1,231,143.0,0,0.0,-4,4.0,10.1,35,11.0,84,0,3.5,124.0,55.0,6,313,1.0,269.0,118.0,0.2,16.5,0.0,3544834,232,4879251,1545,1.5,1.5,3.92,1.99,5.91,17.18,0.24,0.12,0.36,1.06,325.2,143.0,48.0,317.4,73.0,55.0,385.0,37.0,22.0,101.9,59.0,39.0,3.0,,,27,,Tijjani,Reijnders,Reijnders,,,1453,5,2,7,16,0,0,0,2,0,0,17,87,,,,0.0,0.43,0.99,1.05,5.39,10,27,50
428,a,100.0,100.0,5.0,278,172.0,0,0.0,0,0.0,0.0,719,300.0,0,0,0.0,788.0,346.0,0,0,0.0,753.0,323.0,0.0,0.0,0.0,192,4,2532,3,0.5,0.5,0.0,0.0,0.0,0.0,0.0,0.0,0.0,0.0,0.0,787.0,345.0,0.0,786.0,346.0,0.0,782.0,344.0,0.0,788.0,346.0,,,,27,,Sverre,Nypan,Nypan,,,0,0,0,0,0,0,0,0,0,0,0,0,0,,,,0.0,0.0,0.0,0.0,0.0,0,0,0
429,u,0.0,0.0,4.7,379,237.0,0,0.0,-3,3.0,0.1,557,203.0,0,0,0.0,754.0,322.0,0,0,0.0,693.0,281.0,0.0,0.0,0.0,4052,0,8311,4,0.0,0.0,0.0,0.0,0.0,0.0,0.0,0.0,0.0,0.0,0.0,753.0,321.0,0.0,749.0,322.0,0.0,738.0,319.0,0.0,754.0,322.0,,,,27,,Kalvin,Phillips,Phillips,has joined Sheffield United on loan for the rest of the season.,,0,0,0,0,0,0,0,0,0,0,0,0,0,,,,0.0,0.0,0.0,0.0,0.0,0,0,0
430,a,100.0,100.0,14.8,1,1.0,0,0.0,8,-8.0,67.2,1,1.0,192,5,7.1,1.0,1.0,34,778,5.4,15.0,3.0,0.4,13.0,0.0,6762189,4233,1986563,1751,5.9,5.9,20.66,1.86,22.52,28.68,0.83,0.07,0.9,1.16,948.2,1.0,1.0,231.2,120.0,7.0,1124.0,1.0,1.0,230.5,2.0,1.0,,,1.0,27,,Erling,Haaland,Haaland,,,2233,22,7,10,24,0,0,1,1,0,0,26,80,,,,0.0,0.4,0.97,1.05,3.22,13,39,28
736,a,,,5.6,126,3.0,0,0.0,1,-1.0,9.0,40,7.0,95,4,4.0,73.0,6.0,2,416,4.8,21.0,3.0,0.9,17.0,0.0,1989820,2406,1221042,1408,5.3,5.3,0.0,0.0,0.0,26.41,0.0,0.0,0.0,1.1,460.0,65.0,13.0,0.0,805.0,94.0,0.0,803.0,93.0,46.2,243.0,13.0,,,,27,,Gianluigi,Donnarumma,Donnarumma,,,2160,0,0,10,21,0,1,0,5,0,60,24,55,,,,2.5,0.42,0.88,1.0,0.0,0,34,163
739,u,0.0,0.0,4.4,565,339.0,0,0.0,-1,1.0,0.0,679,277.0,2,0,1.0,470.0,210.0,0,5,0.0,603.0,214.0,0.0,0.5,0.0,3500,0,3138,4,0.0,0.0,0.0,0.21,0.21,0.34,0.0,0.76,0.76,1.22,4.2,472.0,216.0,28.3,372.0,191.0,4.0,426.0,210.0,3.7,450.0,203.0,,,,27,,Divine,Mukasa,Mukasa,has joined Leicester City on loan for the rest of the season.,,25,0,0,0,0,0,0,0,0,0,0,0,1,,,,0.0,0.0,0.0,0.0,3.6,0,0,1
740,u,0.0,0.0,3.9,776,227.0,0,0.0,-1,1.0,0.0,617,219.0,0,0,0.0,566.0,206.0,0,0,0.0,453.0,177.0,0.0,0.0,0.0,3208,0,3730,5,0.0,0.0,0.0,0.0,0.0,0.0,0.0,0.0,0.0,0.0,0.0,555.0,205.0,0.0,545.0,205.0,0.0,510.0,197.0,0.0,558.0,205.0,,,,27,,Stephen,Mfuni,Mfuni,has joined Watford on loan for the rest of the season.,,0,0,0,0,0,0,0,0,0,0,0,0,0,,,,0.0,0.0,0.0,0.0,0.0,0,0,0
742,a,,,4.5,502,310.0,0,0.0,0,0.0,0.0,732,307.0,0,0,0.0,743.0,313.0,0,0,0.0,678.0,271.0,0.0,0.0,0.0,1475,1,1222,2,0.5,0.5,0.0,0.0,0.0,0.0,0.0,0.0,0.0,0.0,0.0,742.0,312.0,0.0,737.0,313.0,0.0,723.0,309.0,0.0,743.0,313.0,,,,27,,Ryan,McAidoo,McAidoo,,,0,0,0,0,0,0,0,0,0,0,0,0,0,,,,0.0,0.0,0.0,0.0,0.0,0,0,0
763,a,,,4.5,457,274.0,0,0.0,0,0.0,0.0,785,344.0,0,0,0.0,713.0,289.0,0,0,0.0,641.0,240.0,0.0,0.0,0.0,373,2,256,3,0.5,0.5,0.0,0.0,0.0,0.0,0.0,0.0,0.0,0.0,0.0,707.0,284.0,0.0,704.0,287.0,0.0,687.0,280.0,0.0,709.0,286.0,,,,27,,Charlie,Gray,Gray,,,0,0,0,0,0,0,0,0,0,0,0,0,0,,,,0.0,0.0,0.0,0.0,0.0,0,0,0
764,a,,,4.5,485,296.0,0,0.0,0,0.0,0.0,798,352.0,0,0,0.0,730.0,302.0,0,0,0.0,664.0,259.0,0.0,0.0,0.0,198,1,140,2,0.5,0.5,0.0,0.0,0.0,0.0,0.0,0.0,0.0,0.0,0.0,728.0,300.0,0.0,723.0,301.0,0.0,709.0,297.0,0.0,729.0,301.0,,,,27,,Reigan,Heskey,Heskey,,,0,0,0,0,0,0,0,0,0,0,0,0,0,,,,0.0,0.0,0.0,0.0,0.0,0,0,0
794,d,75.0,75.0,4.1,655,159.0,0,0.0,-4,4.0,0.0,735,254.0,5,0,2.5,266.0,103.0,0,27,0.0,527.0,222.0,0.0,1.2,0.0,5115,1,4265,20,0.4,0.4,0.26,0.06,0.32,1.54,0.17,0.04,0.21,1.03,34.0,418.0,157.0,14.8,397.0,144.0,26.0,356.0,118.0,7.5,425.0,152.0,,,,27,,Max,Alleyne,Alleyne,Knock - 75% chance of playing,,135,0,0,0,1,0,0,0,0,0,0,2,11,,,,0.0,0.0,0.67,1.33,7.33,3,8,4
119,a,100.0,100.0,8.6,10,5.0,0,0.0,6,-6.0,22.7,17,5.0,109,0,5.2,10.0,7.0,15,401,5.2,17.0,10.0,0.6,12.7,0.0,6755113,5711,5688947,1801,5.7,5.7,7.11,3.78,10.89,25.36,0.35,0.19,0.54,1.26,498.8,54.0,15.0,578.8,13.0,13.0,674.0,5.0,2.0,175.2,7.0,5.0,2.0,2.0,,27,,Bryan,Mbeumo,Mbeumo,,,1809,9,2,4,29,0,0,0,3,0,0,21,96,,,,0.0,0.2,1.44,1.04,4.78,16,12,68
431,a,,,4.7,387,17.0,0,0.0,-3,3.0,0.3,309,41.0,11,0,1.8,364.0,29.0,0,49,0.0,695.0,91.0,0.0,2.3,0.0,36520,17,61717,13,0.5,0.5,0.0,0.05,0.05,9.24,0.0,0.01,0.01,1.54,118.4,319.0,25.0,10.0,421.0,9.0,0.0,740.0,82.0,12.8,391.0,25.0,,,,27,,Altay,Bayındır,Bayindir,,,540,0,0,0,11,0,0,0,0,0,13,6,46,,,,2.17,0.0,1.83,1.0,0.0,0,7,39
432,u,0.0,0.0,4.9,302,11.0,0,0.0,-1,1.0,0.1,422,63.0,0,0,0.0,764.0,93.0,0,0,0.0,715.0,93.0,0.0,0.0,0.0,5156,0,26452,1,0.0,0.0,0.0,0.0,0.0,0.0,0.0,0.0,0.0,0.0,0.0,763.0,93.0,0.0,760.0,90.0,0.0,753.0,85.0,0.0,764.0,93.0,,,,27,,André,Onana,Onana,has joined Trabzonspor on loan for the rest of the season.,,0,0,0,0,0,0,0,0,0,0,0,0,0,,,,0.0,0.0,0.0,0.0,0.0,0,0,0
433,u,0.0,0.0,4.0,718,65.0,0,0.0,0,0.0,0.0,806,94.0,0,0,0.0,619.0,84.0,0,0,0.0,510.0,76.0,0.0,0.0,0.0,0,0,246,0,0.0,0.0,0.0,0.0,0.0,0.0,0.0,0.0,0.0,0.0,0.0,608.0,84.0,0.0,601.0,72.0,0.0,569.0,58.0,0.0,611.0,84.0,,,,27,,Elyh,Harrison,Harrison,On loan to Shrewsbury Town,,0,0,0,0,0,0,0,0,0,0,0,0,0,,,,0.0,0.0,0.0,0.0,0.0,0,0,0
434,a,,,3.9,736,66.0,0,0.0,-1,1.0,0.3,341,46.0,0,0,0.0,535.0,35.0,0,0,0.0,420.0,26.0,0.0,0.0,0.0,15409,5,23823,13,0.5,0.5,0.0,0.0,0.0,0.0,0.0,0.0,0.0,0.0,0.0,524.0,35.0,0.0,513.0,19.0,0.0,478.0,5.0,0.0,527.0,35.0,,,,27,,Tom,Heaton,Heaton,,,0,0,0,0,0,0,0,0,0,0,0,0,0,,,,0.0,0.0,0.0,0.0,0.0,0,0,0
435,a,,,3.9,759,81.0,0,0.0,-1,1.0,0.1,478,72.0,0,0,0.0,551.0,49.0,0,0,0.0,437.0,40.0,0.0,0.0,0.0,5329,1,8426,0,0.5,0.5,0.0,0.0,0.0,0.0,0.0,0.0,0.0,0.0,0.0,540.0,49.0,0.0,530.0,34.0,0.0,495.0,20.0,0.0,543.0,49.0,,,,27,,Dermot,Mee,Mee,,,0,0,0,0,0,0,0,0,0,0,0,0,0,,,,0.0,0.0,0.0,0.0,0.0,0,0,0
436,d,25.0,25.0,4.9,307,48.0,0,0.0,-1,1.0,1.9,138,55.0,43,0,3.3,142.0,55.0,5,169,0.0,717.0,253.0,0.0,8.8,0.0,419529,6,544110,89,0.1,0.1,1.38,0.83,2.21,18.73,0.11,0.06,0.17,1.44,276.6,191.0,80.0,60.2,315.0,105.0,122.0,211.0,54.0,45.7,244.0,82.0,,,,27,,Matthijs,de Ligt,De Ligt,Back injury - 25% chance of playing,,1170,1,0,1,20,0,0,0,0,0,0,13,139,,,,0.0,0.08,1.54,1.0,8.23,19,88,40
437,a,100.0,100.0,4.8,361,61.0,0,0.0,-2,2.0,1.0,191,71.0,39,0,2.8,219.0,87.0,3,165,1.8,191.0,70.0,0.4,8.1,0.0,167317,399,73016,201,2.3,2.3,0.06,0.5,0.56,9.34,0.01,0.05,0.06,0.93,220.2,233.0,91.0,78.3,281.0,90.0,10.0,398.0,145.0,31.0,317.0,107.0,,,,27,,Lisandro,Martínez,Martinez,,,904,0,0,3,11,1,0,0,0,0,0,9,75,,,,0.0,0.3,1.1,0.9,7.47,12,63,52
438,a,100.0,100.0,4.9,316,51.0,0,0.0,-1,1.0,0.2,370,135.0,20,0,1.7,378.0,140.0,2,99,0.6,308.0,107.0,0.1,4.1,0.0,32895,45,53078,21,1.1,1.1,0.06,0.23,0.28,3.98,0.01,0.05,0.06,0.8,115.2,323.0,121.0,51.5,328.0,112.0,22.0,370.0,129.0,18.7,364.0,125.0,,,,27,,Noussair,Mazraoui,Mazraoui,,,448,0,0,1,6,0,0,0,1,0,0,6,59,,,,0.0,0.2,1.21,1.21,9.44,15,32,27
439,a,,,4.2,649,156.0,0,0.0,-3,3.0,0.1,569,204.0,0,0,0.0,640.0,248.0,0,0,0.0,542.0,229.0,0.0,0.0,0.0,3236,3,8454,5,0.5,0.5,0.0,0.0,0.0,0.0,0.0,0.0,0.0,0.0,0.0,630.0,248.0,0.0,625.0,247.0,0.0,598.0,246.0,0.0,633.0,248.0,,,,27,,Diego,León Blanco,D.Leon,,,0,0,0,0,0,0,0,0,0,0,0,0,0,,,,0.0,0.0,0.0,0.0,0.0,0,0,0
440,a,100.0,100.0,4.5,419,79.0,0,0.0,0,0.0,4.6,76,25.0,86,0,3.6,104.0,39.0,8,304,3.2,75.0,29.0,0.7,19.1,0.0,932087,1125,596300,881,3.7,3.7,1.34,1.95,3.29,25.5,0.07,0.1,0.17,1.25,397.4,96.0,44.0,344.2,59.0,11.0,131.0,193.0,47.0,87.3,94.0,24.0,,,,27,,Diogo,Dalot Teixeira,Dalot,,,1840,1,6,5,30,0,0,0,4,0,0,21,144,,,,0.0,0.24,1.47,1.03,6.02,36,87,86
441,i,0.0,0.0,4.3,616,140.0,0,0.0,-2,2.0,4.3,83,28.0,74,0,3.4,128.0,47.0,8,261,1.6,207.0,76.0,0.4,17.2,0.0,1771431,58,1985802,4102,0.0,0.0,1.86,1.42,3.28,18.78,0.13,0.1,0.23,1.27,402.4,93.0,42.0,354.1,56.0,10.0,262.0,85.0,7.0,101.9,58.0,10.0,,,,27,,Patrick,Dorgu,Dorgu,Hamstring injury - Unknown return date,,1329,3,3,3,20,0,0,0,5,0,0,14,117,,,,0.0,0.2,1.35,0.95,6.43,47,48,72
442,a,100.0,100.0,4.3,572,121.0,0,0.0,-2,2.0,1.7,146,58.0,52,0,4.0,64.0,26.0,3,161,2.6,115.0,40.0,0.6,12.1,0.0,259363,446,157046,304,3.1,3.1,0.73,0.06,0.79,11.32,0.09,0.01,0.1,1.33,172.6,269.0,108.0,20.6,387.0,138.0,93.0,241.0,66.0,28.8,325.0,113.0,,,,27,,Harry,Maguire,Maguire,,,768,1,1,4,9,0,0,0,1,0,0,9,74,,,,0.0,0.47,1.05,1.05,7.38,9,54,24
443,a,,,4.5,409,73.0,0,0.0,0,0.0,0.8,208,79.0,62,0,2.4,283.0,109.0,0,275,2.0,175.0,63.0,0.4,13.8,0.0,165095,198,114492,114,2.5,2.5,0.47,1.45,1.91,30.09,0.02,0.06,0.08,1.2,374.0,109.0,49.0,260.5,104.0,27.0,55.0,303.0,94.0,69.0,147.0,47.0,,,,27,,Luke,Shaw,Shaw,,,2264,0,1,5,34,0,0,0,4,0,0,26,171,,,,0.0,0.2,1.35,1.03,5.57,53,87,73
444,a,,,4.1,656,160.0,0,0.0,-4,4.0,1.2,172,65.0,37,0,1.6,383.0,142.0,1,114,0.4,323.0,113.0,0.1,9.0,0.0,205462,46,302563,73,0.9,0.9,0.68,0.25,0.93,17.78,0.05,0.02,0.07,1.38,209.8,246.0,99.0,62.2,308.0,102.0,73.0,270.0,78.0,34.4,297.0,98.0,,,,27,,Leny,Yoro,Yoro,,,1156,0,1,1,24,0,0,0,0,0,0,12,121,,,,0.0,0.08,1.87,0.93,7.71,23,76,50
445,u,0.0,0.0,4.0,716,194.0,0,0.0,0,0.0,0.1,538,191.0,0,0,0.0,617.0,233.0,0,0,0.0,508.0,207.0,0.0,0.0,0.0,1160,0,14412,1,0.0,0.0,0.0,0.0,0.0,0.0,0.0,0.0,0.0,0.0,0.0,606.0,232.0,0.0,599.0,232.0,0.0,567.0,227.0,0.0,609.0,232.0,,,,27,,Harry,Amass,Amass,has joined Norwich City on loan for the rest of the season.,,0,0,0,0,0,0,0,0,0,0,0,0,0,,,,0.0,0.0,0.0,0.0,0.0,0,0,0
446,a,,,3.8,804,253.0,0,0.0,-2,2.0,0.1,432,160.0,1,0,1.0,449.0,162.0,0,4,0.0,413.0,163.0,0.0,0.3,0.0,10361,0,14507,12,0.5,0.5,0.0,0.0,0.0,0.3,0.0,0.0,0.0,13.5,4.0,473.0,170.0,0.0,506.0,193.0,0.0,470.0,184.0,0.4,486.0,171.0,,,,27,,Tyler,Fredricson,Fredricson,,,2,0,0,0,0,0,0,0,0,0,0,0,2,,,,0.0,0.0,0.0,0.0,90.0,0,2,0
447,a,100.0,100.0,3.7,816,264.0,0,0.0,-3,3.0,2.1,128,49.0,26,0,2.4,280.0,107.0,0,107,0.0,394.0,145.0,0.0,7.0,0.0,412603,1037,333251,584,0.5,0.5,0.34,0.17,0.51,7.95,0.05,0.02,0.07,1.12,175.6,266.0,107.0,27.2,375.0,134.0,26.0,355.0,117.0,22.9,347.0,119.0,,,,27,,Ayden,Heaven,Heaven,,,636,0,1,1,12,1,0,0,1,0,0,8,72,,,,0.0,0.14,1.7,1.13,10.05,16,55,29
449,a,100.0,100.0,9.8,5,3.0,0,0.0,8,-8.0,37.0,6,2.0,143,0,6.2,3.0,1.0,25,631,5.4,14.0,8.0,0.6,14.6,0.0,7307860,6458,5369343,1339,5.9,5.9,8.16,6.7,14.86,27.96,0.37,0.3,0.67,1.27,806.0,2.0,1.0,1127.1,1.0,1.0,389.0,36.0,21.0,232.5,1.0,1.0,1.0,1.0,1.0,27,,Bruno,Borges Fernandes,B.Fernandes,,,1985,6,12,3,33,0,0,2,2,0,0,23,210,,,,0.0,0.14,1.5,1.04,9.52,38,53,119
454,u,0.0,0.0,5.9,99,64.0,0,0.0,-1,1.0,0.1,566,209.0,0,0,0.0,808.0,361.0,0,0,0.0,798.0,356.0,0.0,0.0,0.0,1511,0,10694,1,0.0,0.0,0.0,0.0,0.0,0.0,0.0,0.0,0.0,0.0,0.0,808.0,361.0,0.0,808.0,361.0,0.0,807.0,361.0,0.0,808.0,361.0,,,,27,,Antony,dos Santos,Antony,has joined Real Betis permanently.,,0,0,0,0,0,0,0,0,0,0,0,0,0,,,,0.0,0.0,0.0,0.0,0.0,0,0,0
455,d,50.0,50.0,5.9,94,60.0,0,0.0,-1,1.0,0.3,320,108.0,46,0,2.7,247.0,102.0,3,164,0.0,794.0,352.0,0.0,7.8,0.0,183678,1,196608,52,0.2,0.2,1.54,1.4,2.94,10.3,0.17,0.16,0.33,1.14,162.4,279.0,122.0,198.5,147.0,101.0,158.0,156.0,87.0,51.9,219.0,110.0,3.0,,,27,,Mason,Mount,Mount,Knock - 50% chance of playing,,812,3,0,3,14,0,0,0,0,0,0,10,62,,,,0.0,0.33,1.55,1.11,6.87,14,7,41
457,a,100.0,100.0,5.6,121,75.0,0,0.0,1,-1.0,2.4,120,38.0,110,0,4.6,28.0,15.0,14,414,4.0,39.0,19.0,0.7,19.6,0.0,590686,1535,342592,650,4.5,4.5,4.11,2.42,6.53,18.89,0.21,0.13,0.34,0.99,535.6,43.0,10.0,351.4,57.0,46.0,365.0,45.0,27.0,125.4,30.0,24.0,,,,27,,Carlos Henrique,Casimiro,Casemiro,,,1724,5,4,7,20,0,0,0,6,1,0,23,222,,,,0.0,0.37,1.04,1.2,11.59,56,77,89
458,a,100.0,100.0,4.6,401,248.0,0,0.0,-4,4.0,1.3,162,53.0,32,0,1.9,341.0,149.0,0,142,3.4,64.0,30.0,0.7,7.0,0.0,193692,912,120422,303,3.9,3.9,0.17,0.56,0.73,9.42,0.02,0.07,0.09,1.25,160.8,282.0,124.0,203.3,139.0,97.0,41.0,328.0,172.0,40.5,271.0,134.0,,,,27,,Kobbie,Mainoo,Mainoo,,,678,0,2,2,12,0,0,0,0,0,0,5,72,,,,0.0,0.27,1.59,0.66,9.56,16,20,36
459,a,,,4.7,385,240.0,0,0.0,-3,3.0,0.2,413,140.0,31,0,1.7,376.0,164.0,0,155,0.4,334.0,149.0,0.1,6.6,0.0,29354,8,37165,24,0.9,0.9,0.31,0.15,0.46,14.56,0.04,0.02,0.06,1.75,129.6,310.0,141.0,63.3,303.0,172.0,32.0,342.0,179.0,22.3,351.0,168.0,,,,27,,Manuel,Ugarte Ribeiro,Ugarte,,,748,0,0,1,20,0,0,0,1,0,0,7,122,,,,0.0,0.12,2.41,0.84,14.68,41,34,47
460,u,0.0,0.0,4.5,445,266.0,0,0.0,0,0.0,0.0,659,265.0,0,0,0.0,706.0,282.0,0,0,0.0,632.0,232.0,0.0,0.0,0.0,505,0,9593,0,0.0,0.0,0.0,0.0,0.0,0.0,0.0,0.0,0.0,0.0,0.0,699.0,276.0,0.0,697.0,280.0,0.0,680.0,273.0,0.0,702.0,279.0,,,,27,,Toby,Collyer,Collyer,has joined Hull City on loan for the rest of the season.,,0,0,0,0,0,0,0,0,0,0,0,0,0,,,,0.0,0.0,0.0,0.0,0.0,0,0,0
461,a,,,4.3,610,357.0,0,0.0,-2,2.0,0.0,606,233.0,0,0,0.0,654.0,249.0,0,0,0.0,564.0,191.0,0.0,0.0,0.0,3188,5,4729,3,0.5,0.5,0.0,0.0,0.0,0.0,0.0,0.0,0.0,0.0,0.0,643.0,239.0,0.0,640.0,245.0,0.0,615.0,233.0,0.0,646.0,242.0,,,,27,,Jayce,Fitzgerald,Fitzgerald,,,0,0,0,0,0,0,0,0,0,0,0,0,0,,,,0.0,0.0,0.0,0.0,0.0,0,0,0
462,a,,,4.3,607,354.0,0,0.0,-2,2.0,0.1,502,180.0,3,0,1.0,462.0,203.0,0,10,0.0,561.0,188.0,0.0,0.7,0.0,14580,14,12345,16,0.5,0.5,0.03,0.02,0.05,1.86,0.03,0.02,0.05,1.56,18.6,445.0,197.0,24.4,380.0,194.0,5.0,423.0,208.0,4.8,446.0,200.0,,,,27,,Jack,Fletcher,J.Fletcher,,,107,0,0,0,0,0,0,0,0,0,0,0,11,,,,0.0,0.0,0.0,0.0,9.25,5,2,4
463,u,0.0,0.0,4.3,620,364.0,0,0.0,-2,2.0,0.1,512,185.0,0,0,0.0,659.0,253.0,0,0,0.0,571.0,196.0,0.0,0.0,0.0,9069,0,12997,7,0.0,0.0,0.0,0.0,0.0,0.0,0.0,0.0,0.0,0.0,0.0,648.0,243.0,0.0,645.0,249.0,0.0,621.0,238.0,0.0,651.0,246.0,,,,27,,Sékou,Koné,Kone,has joined Lausanne-Sport on loan for the rest of the season.,,0,0,0,0,0,0,0,0,0,0,0,0,0,,,,0.0,0.0,0.0,0.0,0.0,0,0,0
464,u,0.0,0.0,4.5,472,287.0,0,0.0,0,0.0,0.0,689,283.0,0,0,0.0,722.0,297.0,0,0,0.0,652.0,250.0,0.0,0.0,0.0,723,0,2845,1,0.0,0.0,0.0,0.0,0.0,0.0,0.0,0.0,0.0,0.0,0.0,718.0,294.0,0.0,714.0,296.0,0.0,698.0,290.0,0.0,720.0,296.0,,,,27,,Jack,Moorhouse,Moorhouse,has joined Leyton Orient on loan for the rest of the season.,,0,0,0,0,0,0,0,0,0,0,0,0,0,,,,0.0,0.0,0.0,0.0,0.0,0,0,0
465,u,0.0,0.0,6.3,70,22.0,0,0.0,-2,2.0,0.3,337,55.0,0,0,0.0,810.0,89.0,0,0,0.0,805.0,87.0,0.0,0.0,0.0,5437,0,56564,6,0.0,0.0,0.0,0.0,0.0,0.0,0.0,0.0,0.0,0.0,0.0,810.0,89.0,0.0,810.0,89.0,0.0,810.0,89.0,0.0,810.0,89.0,,,,27,,Rasmus,Højlund,Højlund,has joined Napoli on loan for the rest of the season.,,0,0,0,0,0,0,0,0,0,0,0,0,0,,,,0.0,0.0,0.0,0.0,0.0,0,0,0
466,a,100.0,100.0,5.8,108,31.0,0,0.0,-2,2.0,0.4,274,44.0,35,0,2.2,310.0,33.0,6,117,0.4,345.0,46.0,0.1,6.0,0.0,107007,38,127242,52,0.9,0.9,1.86,0.29,2.15,6.99,0.34,0.05,0.39,1.28,141.2,298.0,29.0,131.2,200.0,19.0,172.0,144.0,35.0,44.1,253.0,29.0,,,,27,,Joshua,Zirkzee,Zirkzee,,,492,2,1,1,7,0,0,0,1,0,0,4,36,,,,0.0,0.18,1.28,0.73,6.59,8,11,17
467,a,,,4.2,646,90.0,0,0.0,-3,3.0,1.6,151,24.0,0,0,0.0,638.0,64.0,0,0,0.0,539.0,53.0,0.0,0.0,0.0,270470,88,355111,234,0.5,0.5,0.0,0.0,0.0,0.0,0.0,0.0,0.0,0.0,0.0,628.0,64.0,0.0,623.0,63.0,0.0,596.0,63.0,0.0,631.0,64.0,,,,27,,Chido,Obi,Obi,,,0,0,0,0,0,0,0,0,0,0,0,0,0,,,,0.0,0.0,0.0,0.0,0.0,0,0,0
468,u,0.0,0.0,4.5,479,68.0,0,0.0,0,0.0,0.1,508,71.0,0,0,0.0,727.0,77.0,0,0,0.0,658.0,67.0,0.0,0.0,0.0,4530,0,14710,3,0.0,0.0,0.0,0.0,0.0,0.0,0.0,0.0,0.0,0.0,0.0,724.0,77.0,0.0,720.0,76.0,0.0,705.0,76.0,0.0,726.0,77.0,,,,27,,Ethan,Wheatley,Wheatley,has joined Bradford City on loan for the rest of the season.,,0,0,0,0,0,0,0,0,0,0,0,0,0,,,,0.0,0.0,0.0,0.0,0.0,0,0,0
681,a,100.0,100.0,7.2,32,13.0,0,0.0,-3,3.0,3.5,94,17.0,71,0,3.4,136.0,12.0,12,229,3.2,89.0,9.0,0.4,9.9,0.0,729917,929,1363235,334,3.7,3.7,5.86,0.2,6.06,17.39,0.48,0.02,0.5,1.42,294.6,180.0,15.0,126.5,207.0,20.0,565.0,18.0,11.0,97.9,69.0,13.0,,,,27,,Benjamin,Sesko,Šeško,,,1099,6,2,1,23,0,0,0,1,0,0,11,46,,,,0.0,0.08,1.88,0.9,3.77,5,17,24
733,a,,,5.0,261,9.0,0,0.0,0,0.0,2.1,129,18.0,59,0,3.0,192.0,19.0,4,228,2.4,143.0,10.0,0.5,11.8,0.0,466124,557,278884,248,2.9,2.9,0.0,0.0,0.0,22.79,0.0,0.0,0.0,1.14,371.2,113.0,17.0,0.0,779.0,91.0,2.0,449.0,1.0,37.4,282.0,17.0,,,,27,,Senne,Lammens,Lammens,,,1800,0,0,4,26,0,0,0,0,0,44,20,43,,,,2.2,0.2,1.3,1.0,0.0,1,17,136
755,a,100.0,100.0,4.5,482,294.0,0,0.0,0,0.0,0.0,718,299.0,2,0,1.0,480.0,218.0,0,8,0.0,661.0,257.0,0.0,0.4,0.0,3238,8,2205,7,0.5,0.5,0.07,0.0,0.07,0.11,0.52,0.0,0.52,0.82,4.0,474.0,217.0,1.5,457.0,220.0,11.0,392.0,197.0,1.5,471.0,215.0,,,,27,,Shea,Lacey,Lacey,,,12,0,0,0,0,0,0,0,0,0,0,0,1,,,,0.0,0.0,0.0,0.0,7.5,1,0,0
769,a,,,4.5,481,293.0,0,0.0,0,0.0,0.0,781,340.0,1,0,1.0,479.0,217.0,0,3,0.0,660.0,256.0,0.0,0.2,0.0,404,5,252,2,0.5,0.5,0.0,0.01,0.01,0.05,0.0,0.06,0.06,0.3,2.2,482.0,223.0,11.7,408.0,203.0,0.0,707.0,296.0,1.4,473.0,217.0,,,,27,,Bendito,Mantato,Bendito Mantato,,,15,0,0,0,0,0,0,0,0,0,0,0,0,,,,0.0,0.0,0.0,0.0,0.0,0,0,0
52,a,100.0,100.0,5.3,194,121.0,0,0.0,-2,2.0,0.2,365,121.0,29,5,1.7,380.0,167.0,0,149,3.0,94.0,44.0,0.6,5.5,0.0,25069,73,74140,8,3.0,2.5,0.85,0.82,1.67,14.9,0.1,0.09,0.19,1.67,113.2,326.0,148.0,146.2,190.0,127.0,108.0,223.0,122.0,36.8,285.0,140.0,,,,27,,Jacob,Ramsey,J.Ramsey,,,804,1,1,0,19,0,0,0,3,0,0,7,84,,,,0.0,0.0,2.13,0.78,9.4,20,14,50
135,d,25.0,25.0,7.3,24,9.0,0,0.0,-2,2.0,0.6,233,35.0,18,0,1.6,401.0,49.0,0,56,1.0,277.0,37.0,0.1,2.5,0.0,234685,2,445034,373,0.2,0.1,1.88,0.53,2.41,6.1,0.42,0.12,0.54,1.35,52.0,399.0,44.0,34.1,358.0,45.0,133.0,187.0,41.0,21.4,355.0,43.0,,,,27,,Yoane,Wissa,Wissa,Knock - 25% chance of playing,,406,1,0,1,7,0,0,0,1,0,0,4,18,,,,0.0,0.22,1.55,0.89,3.99,2,3,13
469,a,100.0,100.0,5.1,223,6.0,0,0.0,1,-1.0,4.6,79,14.0,81,2,3.9,82.0,8.0,3,338,2.0,182.0,15.0,0.4,15.9,0.0,1489794,237,1521264,297,2.0,1.5,0.18,0.0,0.18,24.88,0.01,0.0,0.01,1.19,449.6,67.0,14.0,0.0,791.0,92.0,0.0,787.0,90.0,45.0,248.0,14.0,,,,27,,Nick,Pope,Pope,,,1876,0,1,7,29,0,0,0,1,0,65,21,121,,,,3.12,0.34,1.39,1.01,0.0,1,31,199
471,a,,,3.9,741,71.0,0,0.0,-1,1.0,0.1,435,65.0,0,0,0.0,539.0,39.0,0,0,0.0,424.0,30.0,0.0,0.0,0.0,6491,4,10265,3,0.0,-0.5,0.0,0.0,0.0,0.0,0.0,0.0,0.0,0.0,0.0,528.0,39.0,0.0,518.0,24.0,0.0,483.0,10.0,0.0,531.0,39.0,,,,27,,Mark,Gillespie,Gillespie,,,0,0,0,0,0,0,0,0,0,0,0,0,0,,,,0.0,0.0,0.0,0.0,0.0,0,0,0
472,u,0.0,0.0,4.0,664,44.0,0,0.0,0,0.0,0.0,712,82.0,0,0,0.0,575.0,64.0,0,0,0.0,462.0,55.0,0.0,0.0,0.0,0,0,2454,1,0.0,0.0,0.0,0.0,0.0,0.0,0.0,0.0,0.0,0.0,0.0,564.0,64.0,0.0,556.0,51.0,0.0,522.0,37.0,0.0,567.0,64.0,,,,27,,Odysseas,Vlachodimos,Odysseas,Has joined Sevilla on loan for the rest of the season.,,0,0,0,0,0,0,0,0,0,0,0,0,0,,,,0.0,0.0,0.0,0.0,0.0,0,0,0
473,a,100.0,100.0,5.3,202,25.0,0,0.0,-2,2.0,2.4,121,47.0,63,7,3.1,175.0,68.0,4,255,2.4,146.0,51.0,0.5,11.9,0.0,583299,1117,525963,513,2.4,1.9,0.68,1.81,2.49,21.16,0.04,0.12,0.16,1.37,344.4,130.0,58.0,252.9,108.0,30.0,104.0,227.0,59.0,70.1,144.0,45.0,4.0,,,27,,Lewis,Hall,Hall,,,1389,1,2,3,26,0,0,0,2,0,0,15,132,,,,0.0,0.19,1.68,0.97,8.03,39,85,86
474,i,0.0,0.0,5.2,207,27.0,0,0.0,-3,3.0,1.2,176,67.0,51,0,3.2,159.0,63.0,0,186,0.0,763.0,260.0,0.0,9.8,0.0,296753,4,488824,152,0.0,0.0,0.97,0.6,1.57,13.85,0.08,0.05,0.13,1.14,291.2,181.0,74.0,63.6,302.0,100.0,108.0,222.0,58.0,46.4,241.0,81.0,,3.0,4.0,27,,Fabian,Schär,Schär,Ankle injury - Expected back 18 Apr,,1089,0,0,4,13,0,0,0,1,0,0,11,133,,,,0.0,0.33,1.07,0.91,9.5,14,101,42
475,d,75.0,75.0,4.9,313,49.0,0,0.0,-1,1.0,0.4,285,105.0,53,0,3.5,120.0,45.0,4,206,2.4,139.0,50.0,0.5,10.8,0.0,75823,3,100716,96,1.8,1.4,1.28,0.28,1.56,14.57,0.11,0.02,0.13,1.24,325.8,142.0,64.0,49.7,333.0,114.0,132.0,191.0,45.0,50.8,223.0,73.0,,,,27,,Sven,Botman,Botman,Back injury - 75% chance of playing,,1060,1,1,4,17,1,0,0,1,0,0,12,134,,,,0.0,0.34,1.44,1.02,8.92,9,96,61
476,a,100.0,100.0,5.0,242,36.0,0,0.0,0,0.0,3.2,103,39.0,72,2,3.8,88.0,31.0,5,204,1.0,266.0,98.0,0.2,14.4,0.0,1490442,483,1652768,189,1.0,0.5,0.19,0.31,0.5,18.0,0.01,0.02,0.03,1.06,319.8,154.0,67.0,85.6,267.0,86.0,74.0,269.0,77.0,48.0,235.0,78.0,,,,27,,Dan,Burn,Burn,,,1528,0,3,6,24,0,0,0,6,1,0,18,193,,,,0.0,0.35,1.41,1.06,9.25,28,129,56
477,i,0.0,0.0,4.9,327,52.0,0,0.0,-1,1.0,1.9,137,54.0,49,0,3.8,87.0,30.0,3,218,0.0,727.0,254.0,0.0,10.0,0.0,1089540,2,1374190,141,0.0,0.0,0.12,0.57,0.69,11.0,0.01,0.05,0.06,0.94,190.8,260.0,106.0,178.1,165.0,38.0,36.0,339.0,110.0,40.5,272.0,92.0,,,,27,,Tino,Livramento,Livramento,Hamstring injury - Expected back 04 Mar,,1048,0,1,5,10,0,0,0,1,0,0,11,86,,,,0.0,0.43,0.86,0.94,4.98,19,39,68
478,a,100.0,100.0,4.9,286,43.0,0,0.0,-1,1.0,1.3,163,64.0,41,0,2.7,239.0,95.0,2,177,1.0,261.0,96.0,0.2,8.4,0.0,241984,160,370787,57,1.0,0.5,0.05,1.77,1.82,15.82,0.0,0.13,0.13,1.16,196.2,254.0,103.0,364.0,51.0,6.0,9.0,402.0,148.0,56.8,203.0,66.0,2.0,2.0,,27,,Kieran,Trippier,Trippier,,,1228,0,0,5,21,0,0,0,2,0,0,14,86,,,,0.0,0.37,1.54,1.03,4.18,18,39,56
479,i,0.0,0.0,4.3,575,124.0,0,0.0,-2,2.0,0.0,623,223.0,0,0,0.0,641.0,249.0,0,-8,0.0,544.0,231.0,0.0,0.0,0.0,1516,1,5115,3,0.0,0.0,0.0,0.0,0.0,0.25,0.0,0.0,0.0,0.5,1.4,486.0,174.0,1.2,459.0,167.0,0.0,600.0,247.0,0.3,492.0,174.0,,,,27,,Emil,Krafth,Krafth,Knee injury - Unknown return date,,45,0,0,0,2,0,0,0,0,0,0,1,1,,,,0.0,0.0,4.0,2.0,2.0,0,1,0
480,u,0.0,0.0,4.3,573,122.0,0,0.0,-2,2.0,0.0,586,209.0,1,0,0.5,511.0,178.0,0,0,0.0,543.0,230.0,0.0,0.2,0.0,2754,0,8950,2,0.0,0.0,0.04,0.0,0.04,0.55,0.19,0.0,0.19,2.61,10.2,453.0,167.0,0.0,626.0,248.0,7.0,414.0,156.0,1.7,466.0,167.0,,,,27,,Jamaal,Lascelles,Lascelles,has joined Leicester City permanently.,,19,0,0,0,2,0,0,0,0,0,0,0,5,,,,0.0,0.0,9.47,0.0,23.68,0,5,0
481,a,,,3.8,803,252.0,0,0.0,-2,2.0,0.7,220,83.0,1,0,1.0,448.0,161.0,0,-1,0.2,353.0,125.0,0.1,0.3,0.0,76203,57,99071,67,0.2,-0.3,0.0,0.0,0.0,0.27,0.0,0.0,0.0,24.3,2.2,480.0,172.0,0.0,505.0,192.0,0.0,469.0,183.0,0.2,497.0,175.0,,,,27,,Alex,Murphy,A.Murphy,,,1,0,0,0,1,0,0,0,0,0,0,0,1,,,,0.0,0.0,90.0,0.0,90.0,0,1,0
482,u,0.0,0.0,3.9,756,219.0,0,0.0,-1,1.0,0.1,454,166.0,0,0,0.0,549.0,201.0,0,0,0.0,435.0,171.0,0.0,0.0,0.0,8541,0,16730,6,0.0,0.0,0.0,0.0,0.0,0.0,0.0,0.0,0.0,0.0,0.0,538.0,200.0,0.0,528.0,200.0,0.0,493.0,192.0,0.0,541.0,200.0,,,,27,,Harrison,Ashby,Ashby,has joined Bradford City on loan for the rest of the season.,,0,0,0,0,0,0,0,0,0,0,0,0,0,,,,0.0,0.0,0.0,0.0,0.0,0,0,0
483,a,,,3.8,809,258.0,0,0.0,-2,2.0,0.4,286,106.0,0,0,0.0,531.0,197.0,0,0,0.0,416.0,166.0,0.0,0.0,0.0,64517,29,46997,25,0.0,-0.5,0.0,0.0,0.0,0.0,0.0,0.0,0.0,0.0,0.0,520.0,196.0,0.0,509.0,196.0,0.0,474.0,188.0,0.0,523.0,196.0,,,,27,,Miodrag,Pivaš,Pivas,,,0,0,0,0,0,0,0,0,0,0,0,0,0,,,,0.0,0.0,0.0,0.0,0.0,0,0,0
484,u,0.0,0.0,4.0,668,165.0,0,0.0,0,0.0,0.1,424,157.0,0,0,0.0,578.0,212.0,0,0,0.0,465.0,183.0,0.0,0.0,0.0,3759,0,45125,6,0.0,0.0,0.0,0.0,0.0,0.0,0.0,0.0,0.0,0.0,0.0,567.0,211.0,0.0,559.0,211.0,0.0,526.0,205.0,0.0,570.0,211.0,,,,27,,Matt,Targett,Targett,has joined Middlesbrough on loan for the rest of the season.,,0,0,0,0,0,0,0,0,0,0,0,0,0,,,,0.0,0.0,0.0,0.0,0.0,0,0,0
485,a,100.0,100.0,7.2,31,19.0,0,0.0,-3,3.0,2.3,126,41.0,68,2,3.2,165.0,72.0,4,240,3.0,101.0,48.0,0.4,9.4,0.0,1461335,3392,1436677,217,3.0,2.5,5.67,3.14,8.81,17.13,0.37,0.2,0.57,1.12,255.6,204.0,86.0,334.0,65.0,52.0,348.0,51.0,32.0,93.4,79.0,46.0,,,2.0,27,,Anthony,Gordon,Gordon,,,1381,3,4,6,25,0,0,0,3,1,0,19,66,,,,0.0,0.39,1.63,1.24,4.3,14,11,41
486,a,100.0,100.0,6.5,52,33.0,0,0.0,-5,5.0,2.6,115,35.0,36,2,1.6,399.0,179.0,0,132,1.6,215.0,90.0,0.2,5.5,0.0,553606,132,1179441,79,1.6,1.1,1.25,1.37,2.62,14.44,0.11,0.12,0.23,1.31,108.4,330.0,150.0,223.7,126.0,87.0,131.0,196.0,107.0,46.3,242.0,122.0,,,,27,,Anthony,Elanga,Elanga,,,993,0,1,2,22,0,0,0,0,0,0,10,39,,,,0.0,0.18,1.99,0.91,3.53,10,6,23
487,a,,,6.1,82,53.0,0,0.0,-4,4.0,1.3,170,56.0,76,0,2.9,211.0,87.0,8,245,1.6,213.0,88.0,0.3,12.5,0.0,712536,410,635520,387,1.6,1.1,5.52,2.0,7.52,19.0,0.35,0.13,0.48,1.22,285.8,182.0,72.0,270.6,99.0,72.0,495.0,23.0,11.0,104.7,52.0,36.0,,,,27,,Harvey,Barnes,Barnes,,,1404,5,0,4,21,0,0,0,1,0,0,14,75,,,,0.0,0.26,1.35,0.9,4.81,10,15,50
488,i,0.0,0.0,6.9,38,23.0,0,0.0,4,-4.0,7.7,50,17.0,134,0,5.8,6.0,4.0,19,584,2.8,112.0,53.0,0.4,19.4,0.0,4037472,78,3376815,20358,0.0,0.0,4.82,3.62,8.44,26.13,0.21,0.16,0.37,1.16,682.6,9.0,4.0,634.3,10.0,10.0,365.0,46.0,28.0,168.3,10.0,8.0,,,,27,,Bruno,Guimarães Rodriguez Moura,Bruno G.,Hamstring injury - Expected back 11 Apr,,2019,9,6,6,31,0,0,0,5,0,0,22,200,,,,0.0,0.27,1.38,0.98,8.92,50,43,107
489,a,100.0,100.0,5.9,90,56.0,0,0.0,-6,6.0,0.6,237,83.0,54,1,2.5,277.0,118.0,2,219,0.6,315.0,142.0,0.1,9.2,0.0,158337,51,344117,39,0.6,0.1,2.78,2.34,5.12,14.11,0.23,0.19,0.42,1.16,216.0,238.0,103.0,311.2,76.0,57.0,274.0,80.0,49.0,79.2,116.0,65.0,,,,27,,Jacob,Murphy,J.Murphy,,,1094,2,1,6,12,0,0,0,1,0,0,13,52,,,,0.0,0.49,0.99,1.07,4.28,9,13,30
490,a,100.0,100.0,5.9,93,59.0,0,0.0,-1,1.0,0.3,330,113.0,56,0,2.8,230.0,94.0,2,238,0.0,793.0,351.0,0.0,9.5,0.0,71257,71,102521,26,0.0,-0.5,1.78,0.98,2.76,17.82,0.11,0.06,0.17,1.15,254.6,206.0,88.0,209.3,135.0,94.0,269.0,83.0,52.0,73.4,130.0,70.0,,,,27,,Joelinton Cássio,Apolinário de Lira,Joelinton,,,1394,2,0,5,18,0,0,0,7,0,0,17,174,,,,0.0,0.32,1.16,1.1,11.23,31,56,87
491,a,100.0,100.0,5.3,197,122.0,0,0.0,-2,2.0,1.0,187,65.0,63,2,2.3,297.0,130.0,1,345,2.2,160.0,72.0,0.4,11.9,0.0,191303,291,303436,84,2.2,1.7,1.5,1.78,3.28,23.65,0.07,0.09,0.16,1.15,275.4,192.0,76.0,321.7,72.0,54.0,153.0,160.0,89.0,75.3,124.0,68.0,1.0,1.0,,27,,Sandro,Tonali,Tonali,,,1857,0,1,7,27,0,0,0,3,0,0,23,196,,,,0.0,0.34,1.31,1.11,9.5,27,54,115
492,u,0.0,0.0,4.9,349,218.0,0,0.0,-1,1.0,0.0,674,274.0,0,0,0.0,777.0,338.0,0,0,0.0,738.0,312.0,0.0,0.0,0.0,655,0,3566,1,0.0,0.0,0.0,0.0,0.0,0.0,0.0,0.0,0.0,0.0,0.0,776.0,337.0,0.0,773.0,338.0,0.0,768.0,336.0,0.0,777.0,338.0,,,,27,,Antoñito,Cordero Campillo,Antoñito C.,has joined Cadiz on loan for the rest of the season.,,0,0,0,0,0,0,0,0,0,0,0,0,0,,,,0.0,0.0,0.0,0.0,0.0,0,0,0
494,a,100.0,100.0,5.0,248,150.0,0,0.0,0,0.0,0.1,499,179.0,20,0,1.2,439.0,197.0,0,78,1.2,245.0,106.0,0.2,4.0,0.0,12204,22,11533,6,1.2,0.7,0.78,0.35,1.13,9.61,0.14,0.06,0.2,1.72,54.0,397.0,176.0,79.7,277.0,161.0,66.0,278.0,150.0,19.8,361.0,172.0,,,,27,,Joe,Willock,Willock,,,502,0,0,2,11,0,0,0,2,0,0,6,53,,,,0.0,0.36,1.97,1.08,9.5,15,6,32
495,u,0.0,0.0,4.5,411,251.0,0,0.0,0,0.0,0.0,763,327.0,0,0,0.0,689.0,269.0,0,0,0.0,611.0,218.0,0.0,0.0,0.0,0,0,1607,0,0.0,0.0,0.0,0.0,0.0,0.0,0.0,0.0,0.0,0.0,0.0,682.0,263.0,0.0,677.0,267.0,0.0,657.0,259.0,0.0,685.0,266.0,,,,27,,Isaac,Hayden,Hayden,Has departed the club as a free agent.,,0,0,0,0,0,0,0,0,0,0,0,0,0,,,,0.0,0.0,0.0,0.0,0.0,0,0,0
496,u,0.0,0.0,4.4,557,333.0,0,0.0,-1,1.0,0.0,629,246.0,0,0,0.0,678.0,263.0,0,0,0.0,596.0,209.0,0.0,0.0,0.0,2219,0,7368,1,0.0,0.0,0.0,0.0,0.0,0.0,0.0,0.0,0.0,0.0,0.0,669.0,255.0,0.0,665.0,260.0,0.0,644.0,251.0,0.0,672.0,258.0,,,,27,,Garang,Kuol,Kuol,has joined Sparta Prague permanently.,,0,0,0,0,0,0,0,0,0,0,0,0,0,,,,0.0,0.0,0.0,0.0,0.0,0,0,0
497,i,0.0,0.0,4.5,464,281.0,0,0.0,0,0.0,2.7,113,34.0,58,0,3.1,171.0,74.0,4,271,0.4,331.0,147.0,0.1,12.9,0.0,640712,29,601667,1477,0.0,0.0,1.36,2.0,3.36,13.65,0.11,0.16,0.27,1.08,275.0,193.0,77.0,214.3,133.0,93.0,132.0,190.0,105.0,62.1,178.0,97.0,,,,27,,Lewis,Miley,L.Miley,Dead leg - Expected back 04 Mar,,1133,1,3,2,16,0,0,0,0,0,0,11,123,,,,0.0,0.16,1.27,0.87,9.77,24,42,57
684,a,,,5.0,262,40.0,0,0.0,0,0.0,4.3,82,27.0,98,1,4.1,57.0,24.0,11,332,2.8,106.0,38.0,0.6,19.6,0.0,1205591,2241,697995,1133,2.8,2.3,2.66,0.73,3.39,30.52,0.12,0.03,0.15,1.36,615.8,19.0,8.0,88.5,261.0,81.0,283.0,74.0,3.0,98.4,67.0,13.0,,,,27,,Malick,Thiaw,Thiaw,,,2027,4,0,4,36,0,0,0,3,0,0,23,235,,,,0.0,0.18,1.6,1.02,9.19,28,179,91
689,a,,,4.3,621,365.0,0,0.0,-2,2.0,0.5,262,90.0,0,0,0.0,660.0,254.0,0,0,0.0,572.0,197.0,0.0,0.0,0.0,79874,359,46340,143,0.0,-0.5,0.0,0.0,0.0,0.0,0.0,0.0,0.0,0.0,0.0,649.0,244.0,0.0,646.0,250.0,0.0,622.0,239.0,0.0,652.0,247.0,,,,27,,Seung-Soo,Park,Seung soo,,,0,0,0,0,0,0,0,0,0,0,0,0,0,,,,0.0,0.0,0.0,0.0,0.0,0,0,0
753,a,,,4.0,657,39.0,0,0.0,0,0.0,0.0,694,81.0,0,0,0.0,571.0,61.0,0,0,0.0,458.0,52.0,0.0,0.0,0.0,1459,3,891,3,0.0,-0.5,0.0,0.0,0.0,0.0,0.0,0.0,0.0,0.0,0.0,560.0,61.0,0.0,550.0,46.0,0.0,516.0,32.0,0.0,563.0,61.0,,,,27,,John,Ruddy,Ruddy,,,0,0,0,0,0,0,0,0,0,0,0,0,0,,,,0.0,0.0,0.0,0.0,0.0,0,0,0
765,a,,,4.0,711,189.0,0,0.0,0,0.0,0.0,661,232.0,0,0,0.0,613.0,229.0,0,0,0.0,503.0,202.0,0.0,0.0,0.0,3422,5,1851,13,0.0,-0.5,0.0,0.0,0.0,0.0,0.0,0.0,0.0,0.0,0.0,602.0,228.0,0.0,595.0,228.0,0.0,563.0,223.0,0.0,605.0,228.0,,,,27,,Leo,Shahar,Shahar,,,0,0,0,0,0,0,0,0,0,0,0,0,0,,,,0.0,0.0,0.0,0.0,0.0,0,0,0
772,a,,,4.5,512,316.0,0,0.0,0,0.0,0.0,783,342.0,0,0,0.0,750.0,318.0,0,0,0.0,687.0,276.0,0.0,0.0,0.0,392,7,201,2,0.0,-0.5,0.0,0.0,0.0,0.0,0.0,0.0,0.0,0.0,0.0,749.0,317.0,0.0,744.0,318.0,0.0,730.0,314.0,0.0,750.0,318.0,,,,27,,Sam,Alabi,Alabi,,,0,0,0,0,0,0,0,0,0,0,0,0,0,,,,0.0,0.0,0.0,0.0,0.0,0,0,0
12,u,0.0,0.0,4.9,304,47.0,0,0.0,-1,1.0,0.2,362,132.0,7,0,1.4,423.0,152.0,0,56,0.0,716.0,252.0,0.0,1.4,0.0,26902,0,52852,22,0.0,0.0,0.07,0.36,0.43,5.02,0.02,0.09,0.11,1.28,80.8,363.0,137.0,83.4,273.0,88.0,22.0,369.0,128.0,18.6,365.0,126.0,,,,27,,Oleksandr,Zinchenko,Zinchenko,has joined Ajax permanently.,,352,0,0,0,6,0,0,0,0,0,0,4,36,,,,0.0,0.0,1.53,1.02,6.14,10,14,17
400,a,,,4.7,376,15.0,0,0.0,-3,3.0,0.2,382,55.0,8,0,4.0,67.0,5.0,0,27,1.6,209.0,17.0,0.3,1.7,0.0,9442,46,21638,18,1.6,1.1,0.0,0.01,0.01,2.92,0.0,0.0,0.0,1.46,41.2,409.0,30.0,0.0,748.0,88.0,0.0,737.0,80.0,4.2,449.0,30.0,,,,27,,Stefan,Ortega Moreno,Ortega Moreno,,,180,0,0,1,3,0,0,0,0,0,5,2,0,,,,2.5,0.5,1.5,1.0,0.0,0,0,6
426,a,,,5.0,257,157.0,0,0.0,-5,5.0,0.1,496,178.0,6,0,0.9,504.0,237.0,0,24,0.0,743.0,315.0,0.0,1.2,0.0,12986,10,26328,4,0.0,-0.5,0.02,0.17,0.19,3.56,0.01,0.09,0.1,1.9,16.2,448.0,200.0,44.9,345.0,186.0,8.0,409.0,200.0,7.0,429.0,195.0,,,,27,,James,McAtee,McAtee,,,169,0,0,0,7,0,0,0,1,0,0,1,11,,,,0.0,0.0,3.73,0.53,5.86,4,1,6
502,i,0.0,0.0,4.6,396,18.0,0,0.0,-4,4.0,4.9,70,12.0,61,0,3.0,189.0,18.0,3,241,1.4,227.0,19.0,0.3,13.3,0.0,406538,3,2013682,1072,0.0,0.0,0.0,0.06,0.06,28.29,0.0,0.0,0.0,1.52,421.0,79.0,15.0,10.0,420.0,8.0,0.0,735.0,78.0,43.1,258.0,15.0,,,,27,,Matz,Sels,Sels,Groin Injury - Unknown return date,,1677,0,0,4,27,0,0,0,1,0,55,19,75,,,,2.95,0.21,1.45,1.02,0.0,1,21,126
503,u,0.0,0.0,4.0,688,56.0,0,0.0,0,0.0,0.1,548,76.0,0,0,0.0,594.0,75.0,0,0,0.0,482.0,67.0,0.0,0.0,0.0,448,0,15583,3,0.0,0.0,0.0,0.0,0.0,0.0,0.0,0.0,0.0,0.0,0.0,583.0,75.0,0.0,576.0,63.0,0.0,543.0,49.0,0.0,586.0,75.0,,,,27,,Carlos Miguel,dos Santos Pereira,C.Miguel,Has joined Palmeiras permanently.,,0,0,0,0,0,0,0,0,0,0,0,0,0,,,,0.0,0.0,0.0,0.0,0.0,0,0,0
504,u,0.0,0.0,4.0,672,47.0,0,0.0,0,0.0,0.1,519,75.0,0,0,0.0,581.0,66.0,0,0,0.0,469.0,58.0,0.0,0.0,0.0,0,0,15635,3,0.0,0.0,0.0,0.0,0.0,0.0,0.0,0.0,0.0,0.0,0.0,570.0,66.0,0.0,563.0,54.0,0.0,530.0,40.0,0.0,573.0,66.0,,,,27,,Matt,Turner,Turner,Has joined Lyon permanently.,,0,0,0,0,0,0,0,0,0,0,0,0,0,,,,0.0,0.0,0.0,0.0,0.0,0,0,0
505,a,,,5.1,229,31.0,0,0.0,-4,4.0,3.2,105,41.0,76,0,2.9,207.0,81.0,1,258,3.6,55.0,21.0,0.7,14.9,0.0,343578,263,1044681,259,3.6,3.1,0.73,0.41,1.14,37.55,0.03,0.02,0.05,1.44,471.6,63.0,29.0,37.7,355.0,123.0,93.0,242.0,67.0,60.5,185.0,59.0,,,,27,,Nikola,Milenković,Milenković,,,2340,0,0,6,38,1,0,0,5,0,0,26,244,,,,0.0,0.23,1.46,1.0,8.27,18,197,77
506,a,100.0,100.0,5.2,220,29.0,0,0.0,-3,3.0,1.9,135,52.0,64,0,3.6,109.0,41.0,3,242,2.0,183.0,67.0,0.4,12.3,0.0,253419,367,789120,153,2.0,1.5,0.48,0.43,0.91,24.6,0.03,0.02,0.05,1.43,418.8,81.0,35.0,88.2,263.0,83.0,67.0,276.0,80.0,57.5,198.0,65.0,,3.0,,27,,Murillo,Costa dos Santos,Murillo,,,1549,1,0,4,23,1,0,0,3,0,0,18,199,,,,0.0,0.23,1.34,1.05,9.7,27,140,76
507,a,100.0,100.0,4.7,380,64.0,0,0.0,-3,3.0,2.3,125,48.0,35,0,3.5,118.0,44.0,3,132,4.2,33.0,11.0,0.9,7.4,0.0,312928,424,1609112,276,4.2,3.7,0.28,0.62,0.9,15.9,0.03,0.06,0.09,1.63,159.8,284.0,111.0,107.7,230.0,61.0,54.0,304.0,95.0,32.3,309.0,103.0,,,,27,,Ola,Aina,Aina,,,878,0,1,3,12,0,0,0,2,0,0,10,90,,,,0.0,0.31,1.23,1.03,7.18,12,58,54
508,a,100.0,100.0,4.7,384,65.0,0,0.0,-3,3.0,2.9,110,45.0,79,0,3.2,157.0,62.0,9,370,2.8,103.0,37.0,0.6,16.8,0.0,386312,95,1154142,193,2.8,2.3,1.53,2.87,4.4,33.97,0.06,0.12,0.18,1.39,541.6,41.0,17.0,393.1,44.0,4.0,257.0,89.0,8.0,119.1,40.0,2.0,4.0,,,27,,Neco,Williams,N.Williams,,,2204,1,1,6,35,0,0,0,4,1,0,25,207,,,,0.0,0.25,1.43,1.02,6.82,72,95,111
509,u,0.0,0.0,4.5,434,86.0,0,0.0,0,0.0,0.0,675,235.0,0,0,0.0,700.0,257.0,0,0,0.0,626.0,245.0,0.0,0.0,0.0,427,0,4403,0,0.0,0.0,0.0,0.0,0.0,0.0,0.0,0.0,0.0,0.0,0.0,693.0,256.0,0.0,690.0,256.0,0.0,672.0,256.0,0.0,696.0,256.0,,,,27,,David,Mota Veiga Teixeira do Carmo,David Carmo,has joined Real Oviedo on loan for the rest of the season.,,0,0,0,0,0,0,0,0,0,0,0,0,0,,,,0.0,0.0,0.0,0.0,0.0,0,0,0
510,a,,,4.2,645,155.0,0,0.0,-3,3.0,0.1,555,199.0,3,0,3.0,184.0,72.0,0,9,0.0,538.0,228.0,0.0,0.7,0.0,3234,0,8203,4,0.0,-0.5,0.0,0.0,0.0,3.28,0.0,0.0,0.0,3.28,26.0,432.0,161.0,0.4,473.0,174.0,0.0,595.0,245.0,2.6,461.0,166.0,,,,27,,Jair,Paula da Cunha Filho,Jair Cunha,,,90,0,0,0,2,0,0,0,0,0,0,1,12,,,,0.0,0.0,2.0,1.0,11.0,2,9,1
513,a,,,3.8,806,255.0,0,0.0,-2,2.0,0.3,334,120.0,2,0,1.0,450.0,163.0,0,1,0.2,354.0,126.0,0.1,0.5,0.0,27733,38,27944,27,0.2,-0.3,0.0,0.01,0.01,3.13,0.0,0.01,0.01,2.35,25.4,435.0,163.0,6.3,436.0,158.0,0.0,472.0,186.0,3.2,455.0,164.0,,,,27,,Zach,Abbott,Abbott,,,120,0,0,0,4,0,0,0,0,0,0,1,10,,,,0.0,0.0,3.0,0.75,7.5,2,8,8
515,a,100.0,100.0,7.3,26,16.0,0,0.0,-2,2.0,3.5,96,31.0,103,0,4.0,78.0,36.0,8,409,3.8,45.0,22.0,0.5,14.1,0.0,866057,572,1084222,701,3.8,3.3,6.49,2.0,8.49,36.46,0.26,0.08,0.34,1.49,430.4,76.0,25.0,542.4,18.0,18.0,488.0,24.0,12.0,145.8,18.0,14.0,,2.0,2.0,27,,Morgan,Gibbs-White,Gibbs-White,,,2208,6,2,6,35,0,0,0,0,0,0,25,125,,,,0.0,0.24,1.43,1.02,5.1,14,36,75
516,a,100.0,100.0,5.7,115,72.0,0,0.0,-3,3.0,0.7,222,77.0,65,0,2.7,245.0,101.0,6,270,1.8,199.0,84.0,0.3,11.4,0.0,262110,68,331045,96,1.8,1.3,2.2,1.97,4.17,25.45,0.13,0.12,0.25,1.56,272.4,195.0,78.0,454.8,29.0,28.0,270.0,82.0,51.0,99.4,65.0,42.0,,,,27,,Callum,Hudson-Odoi,Hudson-Odoi,,,1469,3,1,4,23,0,0,0,0,0,0,16,85,,,,0.0,0.25,1.41,0.98,5.21,12,20,53
517,a,,,5.4,169,103.0,0,0.0,-1,1.0,6.0,60,22.0,113,0,4.3,44.0,22.0,7,520,4.2,35.0,17.0,0.8,20.9,0.0,1233215,2818,1208591,731,4.2,3.7,2.17,2.89,5.06,37.55,0.08,0.11,0.19,1.44,584.8,27.0,7.0,676.4,7.0,7.0,205.0,111.0,65.0,147.0,17.0,13.0,2.0,,4.0,27,,Elliot,Anderson,Anderson,,,2340,1,3,6,38,0,0,0,4,0,0,26,362,,,,0.0,0.23,1.46,1.0,13.92,73,69,220
518,u,0.0,0.0,5.4,180,111.0,0,0.0,-1,1.0,0.0,618,240.0,1,0,1.0,500.0,235.0,0,6,0.0,781.0,342.0,0.0,0.2,0.0,1029,0,9123,0,0.0,0.0,0.0,0.0,0.0,0.0,0.0,0.0,0.0,0.0,5.0,470.0,214.0,0.5,472.0,228.0,4.0,432.0,215.0,1.0,477.0,221.0,,,,27,,João Pedro,Ferreira da Silva,Jota,has joined Besiktas on loan for the rest of the season.,,11,0,0,0,0,0,0,0,0,0,0,0,3,,,,0.0,0.0,0.0,0.0,24.55,2,1,0
519,a,100.0,100.0,5.0,256,156.0,0,0.0,0,0.0,0.0,626,244.0,33,0,2.1,317.0,139.0,3,131,1.0,267.0,116.0,0.2,6.6,0.0,5024,2,3256,9,1.0,0.5,1.09,0.39,1.48,14.74,0.12,0.04,0.16,1.64,165.2,274.0,118.0,140.6,196.0,131.0,117.0,214.0,117.0,42.4,260.0,128.0,3.0,,,27,,Nicolás,Domínguez,Dominguez,,,810,1,0,3,15,0,0,0,2,0,0,12,82,,,,0.0,0.33,1.67,1.33,9.11,32,18,32
520,u,0.0,0.0,5.0,254,155.0,0,0.0,0,0.0,0.0,814,364.0,0,0,0.0,780.0,340.0,0,0,0.0,742.0,314.0,0.0,0.0,0.0,0,0,117,0,0.0,0.0,0.0,0.0,0.0,0.0,0.0,0.0,0.0,0.0,0.0,779.0,339.0,0.0,777.0,340.0,0.0,774.0,338.0,0.0,780.0,340.0,,,,27,,Lewis,O'Brien,O'Brien,Has joined Wrexham permanently.,,0,0,0,0,0,0,0,0,0,0,0,0,0,,,,0.0,0.0,0.0,0.0,0.0,0,0,0
521,a,100.0,100.0,4.9,308,192.0,0,0.0,-1,1.0,0.1,544,199.0,61,0,3.4,131.0,58.0,2,246,2.2,157.0,70.0,0.4,12.4,0.0,10196,7,12099,7,2.2,1.7,1.03,1.31,2.34,21.53,0.07,0.09,0.16,1.47,295.4,179.0,71.0,112.1,222.0,142.0,107.0,224.0,123.0,51.5,221.0,112.0,,,,27,,Ibrahim,Sangaré,Sangaré,,,1314,2,2,6,17,0,0,0,3,0,0,16,155,,,,0.0,0.41,1.16,1.1,10.62,38,59,58
522,a,100.0,100.0,4.7,383,239.0,0,0.0,-3,3.0,0.1,550,200.0,17,0,1.3,427.0,191.0,0,77,0.4,333.0,148.0,0.1,3.6,0.0,9732,5,18991,5,0.4,-0.1,0.1,0.19,0.29,3.69,0.02,0.05,0.07,0.9,71.6,378.0,168.0,48.3,338.0,184.0,30.0,350.0,184.0,14.9,381.0,179.0,,,,27,,Ryan,Yates,Yates,,,367,0,1,0,5,0,0,0,1,0,0,1,36,,,,0.0,0.0,1.23,0.25,8.83,8,17,11
523,a,100.0,100.0,4.5,475,289.0,0,0.0,0,0.0,0.1,574,212.0,0,0,0.0,724.0,298.0,0,0,0.0,655.0,252.0,0.0,0.0,0.0,2435,10,16623,3,0.0,-0.5,0.0,0.0,0.0,0.0,0.0,0.0,0.0,0.0,0.0,720.0,295.0,0.0,716.0,297.0,0.0,701.0,292.0,0.0,722.0,297.0,,,,27,,Eric,da Silva Moreira,Da Silva Moreira,,,0,0,0,0,0,0,0,0,0,0,0,0,0,,,,0.0,0.0,0.0,0.0,0.0,0,0,0
524,u,0.0,0.0,4.5,451,269.0,0,0.0,0,0.0,0.0,690,284.0,0,0,0.0,708.0,284.0,0,0,0.0,635.0,235.0,0.0,0.0,0.0,245,0,5693,0,0.0,0.0,0.0,0.0,0.0,0.0,0.0,0.0,0.0,0.0,0.0,702.0,279.0,0.0,699.0,282.0,0.0,682.0,275.0,0.0,704.0,281.0,,,,27,,Marko,Stamenić,Stamenic,Has joined Swansea City permanently.,,0,0,0,0,0,0,0,0,0,0,0,0,0,,,,0.0,0.0,0.0,0.0,0.0,0,0,0
525,i,0.0,0.0,7.2,28,11.0,0,0.0,-3,3.0,4.6,77,14.0,25,0,3.1,179.0,16.0,3,85,0.0,814.0,90.0,0.0,3.5,0.0,2133499,9,3385943,149,0.0,0.0,2.81,0.11,2.92,7.84,0.47,0.02,0.49,1.31,77.6,368.0,37.0,49.6,335.0,39.0,179.0,135.0,32.0,29.8,321.0,36.0,,,1.0,27,,Chris,Wood,Wood,Knee injury - Unknown return date,,538,2,0,1,8,0,0,0,0,0,0,7,14,,,,0.0,0.17,1.34,1.17,2.34,1,6,7
526,a,100.0,100.0,5.8,109,32.0,0,0.0,-2,2.0,1.3,169,29.0,59,0,2.4,290.0,31.0,6,184,2.6,125.0,16.0,0.4,10.2,0.0,411671,343,369306,501,2.6,2.1,4.1,0.85,4.95,25.53,0.26,0.05,0.31,1.61,167.0,273.0,25.0,116.0,220.0,23.0,455.0,28.0,14.0,71.4,139.0,18.0,,,3.0,27,,Igor Jesus,Maciel da Cruz,Igor Jesus,,,1426,2,2,5,27,0,0,0,0,0,0,17,70,,,,0.0,0.32,1.7,1.07,4.42,17,21,32
527,a,100.0,100.0,5.2,210,48.0,0,0.0,-3,3.0,0.3,317,52.0,13,0,1.6,391.0,45.0,1,59,1.2,246.0,30.0,0.2,2.5,0.0,35469,28,91780,24,1.2,0.7,0.85,0.39,1.24,3.39,0.38,0.17,0.55,1.5,52.4,398.0,43.0,41.8,348.0,41.0,101.0,231.0,44.0,19.6,362.0,44.0,,,,27,,Taiwo,Awoniyi,Awoniyi,,,204,1,0,0,2,0,0,0,0,0,0,1,12,,,,0.0,0.0,0.88,0.44,5.29,1,4,7
669,a,100.0,100.0,5.5,148,92.0,0,0.0,-5,5.0,0.7,219,76.0,45,0,2.4,289.0,126.0,4,158,0.6,313.0,141.0,0.1,8.2,0.0,544493,9,572712,18,0.6,0.1,1.0,1.5,2.5,14.35,0.08,0.13,0.21,1.2,158.8,286.0,126.0,201.2,140.0,98.0,171.0,145.0,83.0,53.3,215.0,107.0,,,,27,,Dan,Ndoye,Ndoye,,,1079,1,2,2,16,0,0,0,1,0,0,14,90,,,,0.0,0.17,1.33,1.17,7.51,21,22,47
675,a,100.0,100.0,4.0,662,43.0,0,0.0,0,0.0,1.1,180,23.0,1,0,1.0,451.0,32.0,0,4,0.2,356.0,23.0,0.0,0.2,0.0,29937,22,99065,26,0.2,-0.3,0.0,0.0,0.0,0.21,0.0,0.0,0.0,0.42,1.2,488.0,32.0,0.0,555.0,50.0,0.0,521.0,36.0,0.1,501.0,32.0,,,,27,,Angus,Gunn,Gunn,,,45,0,0,0,0,0,0,0,0,0,0,0,0,,,,0.0,0.0,0.0,0.0,0.0,0,1,4
693,a,,,5.4,179,110.0,0,0.0,-1,1.0,0.1,511,184.0,56,0,2.8,225.0,90.0,3,224,1.6,211.0,87.0,0.3,10.4,0.0,32062,10,26170,28,1.6,1.1,1.67,2.93,4.6,15.54,0.15,0.26,0.41,1.35,236.0,216.0,95.0,390.2,45.0,41.0,231.0,98.0,60.0,85.4,101.0,59.0,,,,27,,Omari,Hutchinson,Hutchinson,,,1033,1,5,3,15,0,0,0,0,0,0,9,82,,,,0.0,0.26,1.31,0.78,7.14,16,11,55
696,u,0.0,0.0,6.0,88,28.0,0,0.0,0,0.0,0.1,445,66.0,9,0,1.0,502.0,61.0,0,24,0.0,801.0,85.0,0.0,1.5,0.0,15291,0,18138,10,0.0,0.0,0.44,0.02,0.46,1.57,0.44,0.02,0.46,1.59,6.8,463.0,56.0,17.7,393.0,51.0,39.0,330.0,52.0,6.3,435.0,55.0,,,,27,,Arnaud,Kalimuendo,Kalimuendo,has joined Eintracht Frankfurt on loan for the rest of the season.,,89,0,0,0,3,0,0,0,0,0,0,0,6,,,,0.0,0.0,3.03,0.0,6.07,1,1,4
715,i,0.0,0.0,4.0,670,46.0,0,0.0,0,0.0,0.3,296,39.0,11,0,2.2,302.0,26.0,0,32,0.0,467.0,57.0,0.0,2.8,0.0,65873,8,44558,66,0.0,0.0,0.0,0.0,0.0,6.13,0.0,0.0,0.0,1.26,56.4,395.0,29.0,0.0,561.0,53.0,0.0,528.0,39.0,5.7,437.0,29.0,,,,27,,John Victor,Maciel Furtado,John,Knee injury - Expected back 01 Jun,,437,0,0,1,8,0,0,0,1,0,6,5,0,,,,1.24,0.21,1.65,1.03,0.0,0,4,26
716,i,0.0,0.0,4.5,453,92.0,0,0.0,0,0.0,0.1,545,195.0,39,0,2.8,217.0,85.0,0,131,0.0,637.0,246.0,0.0,8.7,0.0,46646,0,42898,21,0.0,0.0,1.34,0.45,1.79,15.04,0.12,0.04,0.16,1.32,216.6,236.0,93.0,123.2,210.0,51.0,94.0,240.0,65.0,43.5,255.0,86.0,,,,27,,Nicolò,Savona,Savona,Knee injury - Unknown return date,,1025,2,0,3,18,0,0,0,2,0,0,11,69,,,,0.0,0.26,1.58,0.97,5.0,20,37,27
729,u,0.0,0.0,4.5,474,94.0,0,0.0,0,0.0,0.0,811,265.0,0,0,0.0,723.0,258.0,0,0,0.0,654.0,247.0,0.0,0.0,0.0,94,0,106,0,0.0,0.0,0.0,0.0,0.0,0.0,0.0,0.0,0.0,0.0,0.0,719.0,257.0,0.0,715.0,257.0,0.0,700.0,257.0,0.0,721.0,257.0,,,,27,,Luis Eduardo,Soares da Silva,Cuiabano,has joined Vasco de Gama on loan for the rest of the season.,,0,0,0,0,0,0,0,0,0,0,0,0,0,,,,0.0,0.0,0.0,0.0,0.0,0,0,0
734,a,100.0,100.0,5.9,100,65.0,0,0.0,-1,1.0,0.0,677,276.0,12,0,1.5,417.0,188.0,0,53,0.0,799.0,357.0,0.0,2.0,0.0,4323,6,3917,6,0.0,-0.5,0.39,0.68,1.07,5.51,0.12,0.2,0.32,1.64,49.8,401.0,178.0,108.8,227.0,143.0,71.0,272.0,147.0,23.0,346.0,165.0,,,,27,,Dilane,Bakwa,Bakwa,,,302,0,1,0,7,0,0,0,1,0,0,3,23,,,,0.0,0.0,2.09,0.89,6.85,1,3,19
805,a,,,5.5,149,38.0,0,0.0,0,0.0,0.0,654,84.0,7,0,3.5,125.0,10.0,0,29,1.8,196.0,27.0,0.3,1.3,0.0,4953,16,1659,39,1.8,1.3,0.72,0.0,0.72,0.67,0.61,0.0,0.61,0.57,32.0,422.0,48.0,2.1,452.0,59.0,27.0,354.0,53.0,5.9,436.0,56.0,,,,27,,Lorenzo,Lucca,Lucca,,,106,1,0,1,0,0,0,0,0,0,0,1,3,,,,0.0,0.85,0.0,0.85,2.55,0,2,1
814,a,,,4.5,441,87.0,0,0.0,0,0.0,0.0,797,264.0,1,0,1.0,473.0,171.0,0,3,0.3,351.0,124.0,0.1,0.2,0.0,253,1,80,2,0.3,-0.2,0.0,0.36,0.36,0.0,0.0,2.31,2.31,0.0,1.0,493.0,175.0,1.1,462.0,170.0,2.0,442.0,165.0,0.4,488.0,172.0,,,,27,,Luca,Netz,Netz,,,14,0,0,0,0,0,0,0,0,0,0,0,0,,,,0.0,0.0,0.0,0.0,0.0,0,0,0
531,a,100.0,100.0,4.6,399,68.0,0,0.0,1,-1.0,3.1,107,42.0,97,0,4.4,36.0,13.0,8,297,3.2,79.0,31.0,0.7,21.1,0.0,1086043,436,955065,357,3.2,3.2,2.23,0.51,2.74,25.08,0.12,0.03,0.15,1.35,523.2,44.0,19.0,121.5,214.0,54.0,329.0,58.0,2.0,97.4,71.0,16.0,,,,27,,Daniel,Ballard,Ballard,,,1671,2,1,5,23,0,0,0,3,0,0,18,214,,,,0.0,0.27,1.24,0.97,10.88,27,175,43
532,a,,,4.5,443,88.0,0,0.0,0,0.0,0.3,306,112.0,74,0,2.8,216.0,84.0,4,259,1.6,208.0,77.0,0.4,16.4,0.0,73517,15,67683,29,1.6,1.6,1.5,0.97,2.47,34.11,0.06,0.04,0.1,1.44,340.8,133.0,59.0,266.5,102.0,26.0,169.0,146.0,28.0,76.7,121.0,38.0,2.0,,,27,,Trai,Hume,Hume,,,2129,0,1,7,27,0,0,0,7,0,0,24,173,,,,0.0,0.3,1.14,1.01,6.17,48,98,74
533,u,0.0,0.0,4.0,669,166.0,0,0.0,0,0.0,0.0,786,262.0,0,0,0.0,579.0,213.0,0,0,0.0,466.0,184.0,0.0,0.0,0.0,611,0,850,0,0.0,0.0,0.0,0.0,0.0,0.0,0.0,0.0,0.0,0.0,0.0,568.0,212.0,0.0,560.0,212.0,0.0,527.0,206.0,0.0,571.0,212.0,,,,27,,Aji,Alese,Alese,has joined Portsmouth on loan for the rest of the season.,,0,0,0,0,0,0,0,0,0,0,0,0,0,,,,0.0,0.0,0.0,0.0,0.0,0,0,0
534,u,0.0,0.0,3.8,788,237.0,0,0.0,-2,2.0,0.3,303,111.0,0,0,0.0,519.0,185.0,0,0,0.0,401.0,151.0,0.0,0.0,0.0,39413,0,63320,33,0.0,0.0,0.0,0.0,0.0,0.0,0.0,0.0,0.0,0.0,0.0,508.0,184.0,0.0,495.0,182.0,0.0,459.0,173.0,0.0,511.0,184.0,,,,27,,Joe,Anderson,Anderson,has joined Barrow FC permanently.,,0,0,0,0,0,0,0,0,0,0,0,0,0,,,,0.0,0.0,0.0,0.0,0.0,0,0,0
535,a,100.0,100.0,4.0,680,171.0,0,0.0,0,0.0,0.1,573,206.0,13,0,2.2,303.0,112.0,0,44,0.2,358.0,129.0,0.0,3.2,0.0,7291,8,5523,6,0.2,0.2,0.0,0.02,0.02,6.04,0.0,0.01,0.01,1.84,58.2,394.0,150.0,8.7,426.0,154.0,2.0,434.0,160.0,6.8,430.0,154.0,,,,27,,Dennis,Cirkin,Cirkin,,,296,0,0,1,2,0,0,0,1,0,0,3,26,,,,0.0,0.3,0.61,0.91,7.91,8,18,7
536,u,0.0,0.0,4.0,689,175.0,0,0.0,0,0.0,0.0,708,245.0,0,0,0.0,595.0,219.0,0,0,0.0,483.0,190.0,0.0,0.0,0.0,1255,0,1381,4,0.0,0.0,0.0,0.0,0.0,0.0,0.0,0.0,0.0,0.0,0.0,584.0,218.0,0.0,577.0,218.0,0.0,544.0,212.0,0.0,587.0,218.0,,,,27,,Leo Fuhr,Hjelde,Hjelde,has joined Sheffield United on loan for the rest of the season.,,0,0,0,0,0,0,0,0,0,0,0,0,0,,,,0.0,0.0,0.0,0.0,0.0,0,0,0
537,u,0.0,0.0,4.0,691,176.0,0,0.0,0,0.0,0.1,539,192.0,0,0,0.0,597.0,220.0,0,0,0.0,485.0,191.0,0.0,0.0,0.0,1038,0,16097,2,0.0,0.0,0.0,0.0,0.0,0.0,0.0,0.0,0.0,0.0,0.0,586.0,219.0,0.0,579.0,219.0,0.0,546.0,213.0,0.0,589.0,219.0,,,,27,,Niall,Huggins,Huggins,has joined Wycombe Wanderers on loan for the rest of the season.,,0,0,0,0,0,0,0,0,0,0,0,0,0,,,,0.0,0.0,0.0,0.0,0.0,0,0,0
538,u,0.0,0.0,3.8,799,248.0,0,0.0,-2,2.0,0.2,366,134.0,0,0,0.0,526.0,192.0,0,0,0.0,409.0,159.0,0.0,0.0,0.0,23261,0,32215,15,0.0,0.0,0.0,0.0,0.0,0.0,0.0,0.0,0.0,0.0,0.0,515.0,191.0,0.0,502.0,189.0,0.0,466.0,180.0,0.0,518.0,191.0,,,,27,,Zak,Johnson,Johnson,has joined York City on loan for the rest of the season.,,0,0,0,0,0,0,0,0,0,0,0,0,0,,,,0.0,0.0,0.0,0.0,0.0,0,0,0
539,a,100.0,100.0,4.0,667,164.0,0,0.0,0,0.0,0.1,556,200.0,2,0,0.4,512.0,179.0,0,6,0.4,322.0,112.0,0.1,0.5,0.0,6815,8,7147,3,0.4,0.4,0.0,0.0,0.0,0.86,0.0,0.0,0.0,3.52,6.0,464.0,168.0,1.1,460.0,168.0,0.0,525.0,204.0,0.7,480.0,169.0,,,,27,,Luke,O'Nien,O'Nien,,,22,0,0,0,0,0,0,0,0,1,0,0,3,,,,0.0,0.0,0.0,0.0,12.27,2,1,1
542,u,0.0,0.0,4.0,707,186.0,0,0.0,0,0.0,0.1,505,181.0,2,0,1.0,452.0,164.0,0,11,0.0,499.0,199.0,0.0,0.5,0.0,3016,0,25133,4,0.0,0.0,0.0,0.01,0.01,1.33,0.0,0.01,0.01,0.9,33.6,419.0,158.0,2.4,449.0,164.0,0.0,559.0,220.0,3.6,452.0,162.0,,,,27,,Jenson,Seelt,Seelt,has joined Wolfsburg on loan for the rest of the season.,,133,0,0,0,2,0,0,0,0,0,0,1,18,,,,0.0,0.0,1.35,0.68,8.12,4,8,6
543,u,0.0,0.0,4.9,343,212.0,0,0.0,-6,6.0,0.4,289,100.0,34,0,2.4,288.0,125.0,3,81,0.0,734.0,308.0,0.0,6.9,0.0,90681,0,228840,52,0.0,0.0,0.35,0.62,0.97,11.3,0.05,0.09,0.14,1.57,81.4,362.0,162.0,116.8,219.0,141.0,75.0,268.0,146.0,27.0,332.0,159.0,,,,27,,Simon,Adingra,Adingra,has joined AS Monaco on loan for the rest of the season.,,649,1,1,4,8,0,0,0,2,0,0,9,45,,,,0.0,0.55,1.11,1.25,6.24,11,13,21
544,a,100.0,100.0,5.3,205,127.0,0,0.0,-2,2.0,0.1,542,198.0,30,0,3.3,146.0,64.0,3,89,3.4,70.0,35.0,0.6,5.7,0.0,11647,43,17626,19,3.4,3.4,0.93,0.4,1.33,8.65,0.12,0.05,0.17,1.15,68.4,379.0,169.0,63.2,304.0,173.0,99.0,233.0,129.0,22.4,350.0,167.0,,,1.0,27,,Habib,Diarra,Diarra,,,675,1,2,3,6,0,0,0,3,0,0,7,40,,,,0.0,0.4,0.8,0.93,5.33,6,13,21
545,u,0.0,0.0,5.4,160,98.0,0,0.0,-1,1.0,0.0,724,303.0,1,0,1.0,499.0,234.0,0,4,0.0,773.0,337.0,0.0,0.2,0.0,462,0,4075,1,0.0,0.0,0.03,0.02,0.05,0.66,0.1,0.07,0.17,2.2,1.8,485.0,224.0,7.3,431.0,210.0,5.0,424.0,209.0,1.4,475.0,219.0,,,,27,,Patrick,Roberts,Roberts,has joined Birmingham City permanently.,,27,0,0,0,1,0,0,0,0,0,0,0,1,,,,0.0,0.0,3.33,0.0,3.33,0,0,1
546,a,100.0,100.0,4.9,348,217.0,0,0.0,-1,1.0,0.0,691,285.0,0,0,0.0,776.0,337.0,0,0,0.0,737.0,311.0,0.0,0.0,0.0,417,4,3421,0,0.0,0.0,0.0,0.0,0.0,0.0,0.0,0.0,0.0,0.0,0.0,775.0,336.0,0.0,772.0,337.0,0.0,767.0,335.0,0.0,776.0,337.0,,,,27,,Milan,Aleksić,Aleksić,,,0,0,0,0,0,0,0,0,0,0,0,0,0,,,,0.0,0.0,0.0,0.0,0.0,0,0,0
547,a,100.0,100.0,4.9,336,209.0,0,0.0,-1,1.0,1.2,174,59.0,90,0,3.6,106.0,47.0,7,375,2.2,158.0,71.0,0.4,18.4,0.0,331658,221,225850,319,2.2,2.2,3.77,2.75,6.52,32.64,0.17,0.12,0.29,1.45,461.8,64.0,19.0,502.1,22.0,21.0,172.0,143.0,82.0,113.7,42.0,30.0,3.0,2.0,2.0,27,,Enzo,Le Fée,E.Le Fée,,,2025,3,4,7,27,0,0,1,5,0,0,23,211,,,,0.0,0.31,1.2,1.02,9.38,58,57,96
548,a,100.0,100.0,4.9,330,205.0,0,0.0,-1,1.0,0.0,742,314.0,13,0,1.0,490.0,226.0,0,47,0.8,285.0,124.0,0.2,2.7,0.0,1083,2,1432,1,0.8,0.8,0.45,0.28,0.73,6.9,0.12,0.07,0.19,1.78,29.4,428.0,189.0,31.2,369.0,190.0,56.0,301.0,160.0,11.3,401.0,185.0,,3.0,,27,,Romaine,Mundle,Mundle,,,348,0,0,0,8,0,0,0,1,0,0,2,27,,,,0.0,0.0,2.07,0.52,6.98,5,5,17
549,u,0.0,0.0,4.8,362,226.0,0,0.0,-2,2.0,0.0,648,260.0,3,0,1.0,488.0,225.0,0,10,0.0,704.0,289.0,0.0,0.6,0.0,1972,0,4580,1,0.0,0.0,0.0,0.0,0.0,0.64,0.0,0.0,0.0,4.43,3.0,478.0,220.0,1.4,458.0,221.0,0.0,745.0,322.0,0.4,490.0,226.0,,,,27,,Dan,Neil,Neil,has joined Ipswich Town on loan for the rest of the season.,,13,0,0,0,0,0,0,0,0,0,0,0,2,,,,0.0,0.0,0.0,0.0,13.85,0,2,0
550,a,,,4.8,358,225.0,0,0.0,-2,2.0,0.0,662,267.0,0,0,0.0,758.0,324.0,0,0,0.0,703.0,288.0,0.0,0.0,0.0,1008,1,2684,1,0.0,0.0,0.0,0.0,0.0,0.0,0.0,0.0,0.0,0.0,0.0,757.0,323.0,0.0,753.0,324.0,0.0,744.0,321.0,0.0,758.0,324.0,,,,27,,Ian,Poveda-Ocampo,Poveda,,,0,0,0,0,0,0,0,0,0,0,0,0,0,,,,0.0,0.0,0.0,0.0,0.0,0,0,0
551,a,,,4.7,392,245.0,0,0.0,-3,3.0,0.0,595,225.0,15,0,1.5,409.0,181.0,0,48,0.0,697.0,283.0,0.0,3.2,0.0,5667,5,8984,2,0.0,0.0,0.32,0.35,0.67,5.12,0.08,0.08,0.16,1.23,20.2,442.0,195.0,48.4,337.0,183.0,21.0,372.0,189.0,8.9,411.0,186.0,,,,27,,Chris,Rigg,Rigg,,,375,0,0,2,2,0,0,0,0,0,0,6,27,,,,0.0,0.48,0.48,1.44,6.48,6,7,14
552,a,100.0,100.0,4.9,346,215.0,0,0.0,-1,1.0,0.1,571,211.0,52,0,2.5,271.0,115.0,0,270,2.0,180.0,78.0,0.4,10.6,0.0,10209,7,11544,5,2.0,2.0,0.32,0.88,1.2,25.6,0.02,0.04,0.06,1.25,224.0,228.0,100.0,196.2,150.0,104.0,49.0,311.0,163.0,47.0,239.0,121.0,,,,27,,Noah,Sadiki,Sadiki,,,1844,0,1,6,24,0,0,0,5,0,0,21,162,,,,0.0,0.29,1.17,1.02,7.91,31,64,67
553,a,100.0,100.0,4.9,344,213.0,0,0.0,-1,1.0,0.2,411,139.0,63,0,3.1,174.0,75.0,5,190,2.4,140.0,63.0,0.5,12.9,0.0,59360,13,69597,21,2.4,2.4,1.34,0.56,1.89,14.46,0.11,0.05,0.16,1.21,176.4,265.0,114.0,169.7,174.0,118.0,160.0,154.0,86.0,50.1,229.0,115.0,,,,27,,Chemsdine,Talbi,Talbi,,,1078,3,2,6,9,0,0,0,0,0,0,11,64,,,,0.0,0.5,0.75,0.92,5.34,7,14,43
554,a,,,4.3,590,346.0,0,0.0,-2,2.0,0.3,295,102.0,0,0,0.0,644.0,241.0,0,0,0.0,550.0,180.0,0.0,0.0,0.0,80626,25,76328,23,0.0,0.0,0.0,0.0,0.0,0.0,0.0,0.0,0.0,0.0,0.0,633.0,231.0,0.0,629.0,237.0,0.0,603.0,224.0,0.0,636.0,234.0,,,,27,,Abdoullah,Ba,Ba,,,0,0,0,0,0,0,0,0,0,0,0,0,0,,,,0.0,0.0,0.0,0.0,0.0,0,0,0
555,u,0.0,0.0,4.5,413,252.0,0,0.0,0,0.0,0.0,642,256.0,0,0,0.0,690.0,270.0,0,0,0.0,612.0,219.0,0.0,0.0,0.0,1291,0,9819,1,0.0,0.0,0.0,0.0,0.0,0.0,0.0,0.0,0.0,0.0,0.0,683.0,264.0,0.0,678.0,268.0,0.0,658.0,260.0,0.0,686.0,267.0,,,,27,,Alan,Browne,Browne,has joined Middlesbrough on loan for the rest of the season.,,0,0,0,0,0,0,0,0,0,0,0,0,0,,,,0.0,0.0,0.0,0.0,0.0,0,0,0
556,u,0.0,0.0,4.5,436,260.0,0,0.0,0,0.0,0.0,767,331.0,0,0,0.0,701.0,277.0,0,0,0.0,627.0,227.0,0.0,0.0,0.0,0,0,1800,0,0.0,0.0,0.0,0.0,0.0,0.0,0.0,0.0,0.0,0.0,0.0,694.0,271.0,0.0,692.0,275.0,0.0,674.0,268.0,0.0,697.0,274.0,,,,27,,Pierre,Ekwah Elimby,Ekwah,Has joined AS Saint-Etienne permanently.,,0,0,0,0,0,0,0,0,0,0,0,0,0,,,,0.0,0.0,0.0,0.0,0.0,0,0,0
557,a,,,4.3,608,355.0,0,0.0,-2,2.0,0.1,540,197.0,0,0,0.0,652.0,247.0,0,0,0.0,562.0,189.0,0.0,0.0,0.0,8136,19,9920,9,0.0,0.0,0.0,0.0,0.0,0.0,0.0,0.0,0.0,0.0,0.0,641.0,237.0,0.0,638.0,243.0,0.0,613.0,231.0,0.0,644.0,240.0,,,,27,,Harrison,Jones,H.Jones,,,0,0,0,0,0,0,0,0,0,0,0,0,0,,,,0.0,0.0,0.0,0.0,0.0,0,0,0
558,u,0.0,0.0,4.3,597,349.0,0,0.0,-2,2.0,0.2,391,128.0,0,0,0.0,646.0,243.0,0,0,0.0,553.0,183.0,0.0,0.0,0.0,30710,0,44459,26,0.0,0.0,0.0,0.0,0.0,0.0,0.0,0.0,0.0,0.0,0.0,635.0,233.0,0.0,631.0,239.0,0.0,605.0,226.0,0.0,638.0,236.0,,,,27,,Jay,Matete,Matete,has joined MK Dons permanently.,,0,0,0,0,0,0,0,0,0,0,0,0,0,,,,0.0,0.0,0.0,0.0,0.0,0,0,0
559,u,0.0,0.0,4.4,547,327.0,0,0.0,-1,1.0,0.0,640,254.0,0,0,0.0,671.0,259.0,0,0,0.0,588.0,204.0,0.0,0.0,0.0,2951,0,8606,2,0.0,0.0,0.0,0.0,0.0,0.0,0.0,0.0,0.0,0.0,0.0,661.0,250.0,0.0,658.0,256.0,0.0,635.0,245.0,0.0,664.0,253.0,,,,27,,Nectarios,Triantis,Triantis,has joined Minnesota United permanently.,,0,0,0,0,0,0,0,0,0,0,0,0,0,,,,0.0,0.0,0.0,0.0,0.0,0,0,0
560,a,100.0,100.0,5.1,233,52.0,0,0.0,-4,4.0,1.4,160,26.0,54,0,2.3,294.0,32.0,7,179,0.8,287.0,39.0,0.2,10.6,0.0,958067,93,857373,227,0.8,0.8,3.58,0.07,3.65,16.51,0.32,0.01,0.33,1.48,164.4,275.0,26.0,22.6,382.0,49.0,373.0,44.0,18.0,55.8,206.0,25.0,,,,27,,Wilson,Isidor,Isidor,,,1001,4,0,4,14,0,0,0,1,0,0,11,39,,,,0.0,0.36,1.26,0.99,3.51,8,14,17
561,a,,,5.2,218,50.0,0,0.0,-3,3.0,0.5,260,42.0,26,0,1.9,345.0,40.0,2,86,0.4,342.0,44.0,0.1,5.0,0.0,264544,12,303786,22,0.4,0.4,1.05,0.14,1.19,10.33,0.17,0.02,0.19,1.63,73.4,376.0,38.0,42.0,347.0,40.0,131.0,195.0,42.0,24.3,343.0,41.0,,,3.0,27,,Eliezer,Mayenda Dossou,Mayenda,,,572,1,0,3,7,0,0,0,0,0,0,6,20,,,,0.0,0.47,1.1,0.94,3.15,3,6,11
562,a,,,4.2,647,91.0,0,0.0,-3,3.0,0.5,264,43.0,0,0,0.0,639.0,65.0,0,0,0.0,540.0,54.0,0.0,0.0,0.0,65883,142,85055,81,0.0,0.0,0.0,0.0,0.0,0.0,0.0,0.0,0.0,0.0,0.0,629.0,65.0,0.0,624.0,64.0,0.0,597.0,64.0,0.0,632.0,65.0,,,,27,,Ahmed,Abdullahi,Abdullahi,,,0,0,0,0,0,0,0,0,0,0,0,0,0,,,,0.0,0.0,0.0,0.0,0.0,0,0,0
563,u,0.0,0.0,4.4,556,79.0,0,0.0,-1,1.0,0.1,514,72.0,0,0,0.0,677.0,72.0,0,0,0.0,595.0,62.0,0.0,0.0,0.0,5979,0,20310,0,0.0,0.0,0.0,0.0,0.0,0.0,0.0,0.0,0.0,0.0,0.0,668.0,72.0,0.0,664.0,71.0,0.0,643.0,71.0,0.0,671.0,72.0,,,,27,,Luís Hemir,Silva Semedo,Luís Hemir,has joined Moreirense on loan for the rest of the season.,,0,0,0,0,0,0,0,0,0,0,0,0,0,,,,0.0,0.0,0.0,0.0,0.0,0,0,0
564,u,0.0,0.0,4.4,538,76.0,0,0.0,-1,1.0,0.1,516,73.0,0,0,0.0,667.0,69.0,0,0,0.0,583.0,59.0,0.0,0.0,0.0,3530,0,20118,1,0.0,0.0,0.0,0.0,0.0,0.0,0.0,0.0,0.0,0.0,0.0,656.0,69.0,0.0,653.0,68.0,0.0,630.0,68.0,0.0,659.0,69.0,,,,27,,Nazarii,Rusyn,Rusyn,has joined Arka on loan for the rest of the season.,,0,0,0,0,0,0,0,0,0,0,0,0,0,,,,0.0,0.0,0.0,0.0,0.0,0,0,0
668,a,100.0,100.0,5.1,222,137.0,0,0.0,1,-1.0,3.5,95,30.0,90,0,4.1,58.0,25.0,5,426,0.0,758.0,327.0,0.0,17.6,0.0,1351508,428,1319796,315,0.0,0.0,0.59,2.19,2.78,31.25,0.03,0.1,0.13,1.43,521.2,47.0,11.0,420.4,38.0,36.0,77.0,261.0,141.0,101.8,61.0,40.0,1.0,1.0,,27,,Granit,Xhaka,Xhaka,,,1962,1,5,7,23,0,0,0,4,0,0,22,237,,,,0.0,0.32,1.06,1.01,10.87,35,101,101
670,a,,,4.9,339,13.0,0,0.0,4,-4.0,11.7,30,5.0,107,0,4.1,55.0,2.0,9,464,2.0,178.0,14.0,0.4,21.8,0.0,2137726,1291,839414,1154,2.0,2.0,0.0,0.07,0.07,37.41,0.0,0.0,0.0,1.44,671.2,11.0,2.0,40.0,349.0,2.0,0.0,765.0,87.0,71.0,140.0,2.0,,,,27,,Robin,Roefs,Roefs,,,2340,0,0,8,30,0,1,0,2,0,80,26,110,,,,3.08,0.31,1.15,1.0,0.0,0,31,261
678,u,0.0,0.0,3.9,744,213.0,0,0.0,-1,1.0,0.5,261,97.0,1,0,0.3,513.0,180.0,0,4,0.0,427.0,169.0,0.0,0.3,0.0,52353,0,81668,31,0.0,0.0,0.07,0.08,0.15,2.09,0.05,0.06,0.11,1.5,21.8,437.0,164.0,20.1,388.0,139.0,7.0,412.0,155.0,4.9,444.0,160.0,,,,27,,Arthur,Masuaku,Masuaku,has joined RC Lens on loan for the rest of the season.,,125,0,0,0,2,0,0,0,1,0,0,2,13,,,,0.0,0.0,1.44,1.44,7.2,4,6,3
683,a,100.0,100.0,4.1,651,157.0,0,0.0,1,-1.0,6.4,57,18.0,88,0,4.0,62.0,25.0,5,295,2.0,170.0,58.0,0.5,21.5,0.0,1527933,791,879326,925,2.0,2.0,1.23,0.75,1.97,30.66,0.06,0.04,0.1,1.45,521.2,46.0,21.0,105.7,236.0,65.0,201.0,115.0,20.0,83.2,105.0,30.0,,,,27,,Omar,Alderete,Alderete,,,1903,1,1,7,25,0,0,0,4,0,0,21,226,,,,0.0,0.33,1.18,0.99,9.55,20,182,70
730,a,100.0,100.0,5.5,146,37.0,0,0.0,0,0.0,1.3,164,27.0,61,0,2.9,210.0,22.0,8,220,2.4,147.0,21.0,0.4,11.1,0.0,332935,437,174102,683,2.4,2.4,2.6,0.3,2.9,19.68,0.21,0.02,0.23,1.58,236.4,215.0,18.0,84.0,272.0,27.0,260.0,88.0,27.0,57.2,200.0,23.0,,,,27,,Brian,Brobbey,Brobbey,,,1124,5,1,4,15,0,0,0,2,0,0,12,50,,,,0.0,0.32,1.2,0.96,4.0,7,12,31
735,i,0.0,0.0,5.5,136,84.0,0,0.0,0,0.0,0.0,644,258.0,28,0,2.8,226.0,91.0,1,114,0.0,785.0,346.0,0.0,5.1,0.0,13469,2,12819,4,0.0,0.0,0.48,0.25,0.73,8.99,0.07,0.04,0.11,1.33,115.6,320.0,144.0,108.1,228.0,144.0,135.0,183.0,101.0,35.9,289.0,142.0,,,,27,,Bertrand,Traoré,Traoré,Knee injury - Expected back 28 Feb,,607,1,1,3,9,0,0,0,1,0,0,9,40,,,,0.0,0.44,1.33,1.33,5.93,11,11,18
774,a,,,4.0,673,168.0,0,0.0,0,0.0,0.0,704,242.0,0,0,0.0,582.0,215.0,0,0,0.0,470.0,186.0,0.0,0.0,0.0,1171,9,579,1,0.0,0.0,0.0,0.0,0.0,0.0,0.0,0.0,0.0,0.0,0.0,571.0,214.0,0.0,564.0,214.0,0.0,531.0,208.0,0.0,574.0,214.0,,,,27,,Jenson,Jones,Jenson Jones,,,0,0,0,0,0,0,0,0,0,0,0,0,0,,,,0.0,0.0,0.0,0.0,0.0,0,0,0
775,u,0.0,0.0,4.5,494,303.0,0,0.0,0,0.0,0.0,815,365.0,0,0,0.0,738.0,308.0,0,0,0.0,672.0,265.0,0.0,0.0,0.0,160,0,132,0,0.0,0.0,0.0,0.0,0.0,0.0,0.0,0.0,0.0,0.0,0.0,736.0,306.0,0.0,731.0,307.0,0.0,717.0,303.0,0.0,737.0,307.0,,,,27,,Tymur,Tutierov,Tutierov,has joined Exeter City on loan for the rest of the season.,,0,0,0,0,0,0,0,0,0,0,0,0,0,,,,0.0,0.0,0.0,0.0,0.0,0,0,0
800,a,100.0,100.0,5.0,284,177.0,0,0.0,0,0.0,0.0,813,363.0,0,0,0.0,792.0,349.0,0,0,0.0,757.0,326.0,0.0,0.0,0.0,115,1,59,1,0.0,0.0,0.0,0.0,0.0,0.0,0.0,0.0,0.0,0.0,0.0,792.0,349.0,0.0,790.0,349.0,0.0,786.0,347.0,0.0,792.0,349.0,,,,27,,Djiamgone Jocelin Ta,Bi,Jocelin.T,,,0,0,0,0,0,0,0,0,0,0,0,0,0,,,,0.0,0.0,0.0,0.0,0.0,0,0,0
812,a,,,4.0,700,61.0,0,0.0,0,0.0,0.0,780,89.0,0,0,0.0,605.0,80.0,0,0,0.0,494.0,72.0,0.0,0.0,0.0,414,9,128,4,0.0,0.0,0.0,0.0,0.0,0.0,0.0,0.0,0.0,0.0,0.0,594.0,80.0,0.0,587.0,68.0,0.0,554.0,54.0,0.0,597.0,80.0,,,,27,,Melker,Ellborg,Ellborg,,,0,0,0,0,0,0,0,0,0,0,0,0,0,,,,0.0,0.0,0.0,0.0,0.0,0,0,0
813,a,,,5.0,275,170.0,0,0.0,0,0.0,0.0,773,335.0,3,0,1.5,413.0,185.0,0,13,1.0,268.0,117.0,0.2,0.6,0.0,553,3,93,2,1.0,1.0,0.21,0.04,0.25,3.03,0.22,0.04,0.26,3.25,16.6,446.0,198.0,26.3,376.0,192.0,44.0,321.0,169.0,8.7,413.0,187.0,,,,27,,Nilson,Angulo,Angulo,,,84,0,0,0,2,0,0,0,0,0,0,1,5,,,,0.0,0.0,2.14,1.07,5.36,1,3,1
565,a,,,4.7,382,16.0,0,0.0,-3,3.0,5.9,62,10.0,83,0,3.2,156.0,16.0,6,388,1.4,229.0,20.0,0.3,17.7,0.0,1347134,154,1372861,438,1.4,0.4,0.0,0.02,0.02,37.04,0.0,0.0,0.0,1.42,597.6,24.0,5.0,0.1,486.0,15.0,0.0,739.0,81.0,60.0,190.0,7.0,,,,27,,Guglielmo,Vicario,Vicario,,,2340,0,0,7,37,0,0,0,1,0,71,26,97,,,,2.73,0.27,1.42,1.0,0.0,1,30,211
566,a,,,3.9,751,78.0,0,0.0,-1,1.0,0.3,319,44.0,0,0,0.0,546.0,46.0,0,0,0.0,432.0,37.0,0.0,0.0,0.0,20694,7,23830,13,0.0,-1.0,0.0,0.0,0.0,0.0,0.0,0.0,0.0,0.0,0.0,535.0,46.0,0.0,525.0,31.0,0.0,490.0,17.0,0.0,538.0,46.0,,,,27,,Brandon,Austin,Austin,,,0,0,0,0,0,0,0,0,0,0,0,0,0,,,,0.0,0.0,0.0,0.0,0.0,0,0,0
567,a,,,3.9,766,85.0,0,0.0,-1,1.0,1.6,148,19.0,0,0,0.0,556.0,53.0,0,0,0.0,443.0,44.0,0.0,0.0,0.0,125161,22,172224,61,0.0,-1.0,0.0,0.0,0.0,0.0,0.0,0.0,0.0,0.0,0.0,545.0,53.0,0.0,535.0,38.0,0.0,500.0,24.0,0.0,548.0,53.0,,,,27,,Antonín,Kinský,Kinsky,,,0,0,0,0,0,0,0,0,0,0,0,0,0,,,,0.0,0.0,0.0,0.0,0.0,0,0,0
568,i,0.0,0.0,5.1,234,33.0,0,0.0,-4,4.0,9.4,38,13.0,79,0,3.4,133.0,49.0,4,344,0.2,382.0,141.0,0.0,15.5,0.0,1465324,18,2995656,1584,0.0,0.0,0.48,2.81,3.29,25.39,0.02,0.14,0.16,1.26,414.6,88.0,40.0,517.6,21.0,1.0,89.0,249.0,69.0,102.3,56.0,9.0,3.0,2.0,,27,,Pedro,Porro Sauceda,Pedro Porro,Hamstring injury - Expected back 01 Mar,,1820,0,3,7,24,0,0,0,5,0,0,21,171,,,,0.0,0.35,1.19,1.04,6.73,43,93,94
569,s,0.0,0.0,5.0,252,37.0,0,0.0,0,0.0,3.3,99,36.0,89,0,4.2,52.0,23.0,10,288,1.6,210.0,78.0,0.3,17.8,0.0,1016266,12,1169964,1291,0.0,0.0,1.33,1.2,2.53,25.77,0.07,0.06,0.13,1.36,543.2,40.0,16.0,110.8,224.0,59.0,206.0,110.0,18.0,86.0,98.0,27.0,,,,27,,Cristian,Romero,Romero,Suspended until 15 Mar,,1710,4,1,5,29,0,0,0,8,2,0,20,209,,,,0.0,0.26,1.53,1.05,9.58,53,129,80
570,i,0.0,0.0,4.2,627,142.0,0,0.0,-3,3.0,0.1,438,162.0,27,0,2.1,314.0,115.0,1,111,0.2,362.0,132.0,0.0,6.4,0.0,16890,1,30377,15,0.0,0.0,0.03,0.18,0.21,10.71,0.0,0.02,0.02,1.46,194.2,256.0,104.0,9.1,425.0,153.0,8.0,404.0,150.0,21.2,356.0,122.0,,,,27,,Kevin,Danso,Danso,Toe Injury - Unknown return date,,658,0,0,2,12,0,0,0,4,0,0,8,100,,,,0.0,0.27,1.64,1.09,12.72,13,80,28
571,i,0.0,0.0,4.3,576,125.0,0,0.0,-2,2.0,0.1,543,194.0,10,0,3.3,138.0,52.0,1,29,0.0,545.0,232.0,0.0,2.3,0.0,4387,1,11813,6,0.0,0.0,0.49,0.07,0.56,1.11,0.32,0.05,0.37,0.73,67.4,381.0,146.0,22.2,384.0,136.0,52.0,307.0,97.0,14.2,385.0,138.0,,,,27,,Ben,Davies,Davies,Ankle injury - Unknown return date,,136,1,0,0,3,0,0,0,1,0,0,2,14,,,,0.0,0.0,1.99,1.32,9.26,5,9,5
572,a,100.0,100.0,4.5,449,90.0,0,0.0,0,0.0,0.0,686,237.0,6,0,1.2,437.0,158.0,0,7,1.0,260.0,95.0,0.2,1.3,0.0,2609,5,2000,7,1.0,0.0,0.18,0.0,0.18,6.03,0.07,0.0,0.07,2.22,47.2,402.0,151.0,2.1,451.0,165.0,15.0,385.0,136.0,6.4,434.0,157.0,,,,27,,Radu,Drăgușin,Dragusin,,,244,0,0,0,6,0,0,0,0,0,0,2,24,,,,0.0,0.0,2.21,0.74,8.85,2,22,5
573,a,100.0,100.0,4.2,634,147.0,0,0.0,-3,3.0,1.0,195,75.0,55,0,2.6,250.0,97.0,1,229,0.2,364.0,134.0,0.0,13.1,0.0,297584,73,351919,93,0.2,-0.8,0.82,1.38,2.2,26.08,0.05,0.08,0.13,1.47,229.8,221.0,85.0,172.6,171.0,42.0,147.0,168.0,37.0,54.8,211.0,70.0,,,,27,,Djed,Spence,Spence,,,1596,0,0,7,23,0,0,0,4,0,0,18,108,,,,0.0,0.39,1.3,1.02,4.74,29,55,92
574,i,0.0,0.0,4.3,592,136.0,0,0.0,-2,2.0,0.3,312,115.0,15,0,1.2,435.0,156.0,0,62,0.4,326.0,116.0,0.1,3.5,0.0,50336,2,112543,29,0.0,0.0,0.16,0.51,0.67,13.98,0.02,0.06,0.08,1.58,144.0,295.0,114.0,122.3,212.0,52.0,82.0,254.0,73.0,34.9,293.0,97.0,,,,27,,Destiny,Udogie,Udogie,Hamstring injury - Expected back 15 Mar,,794,0,1,0,17,0,0,0,2,0,0,8,61,,,,0.0,0.0,1.93,0.91,4.53,19,21,47
575,a,100.0,100.0,4.5,447,89.0,0,0.0,0,0.0,23.3,16,6.0,100,0,4.2,51.0,22.0,10,363,2.2,154.0,55.0,0.5,22.2,0.0,3455885,1519,3817519,2917,2.2,1.2,2.79,0.34,3.13,32.92,0.12,0.01,0.13,1.38,551.2,37.0,15.0,77.6,283.0,91.0,202.0,113.0,19.0,83.0,106.0,31.0,,,,27,,Micky,van de Ven,Van de Ven,,,2149,4,1,7,33,0,0,0,6,0,0,24,198,,,,0.0,0.29,1.38,1.01,6.78,27,135,86
576,u,0.0,0.0,4.0,708,187.0,0,0.0,0,0.0,0.0,729,252.0,0,0,0.0,610.0,227.0,0,0,0.0,500.0,200.0,0.0,0.0,0.0,0,0,1988,2,0.0,0.0,0.0,0.0,0.0,0.0,0.0,0.0,0.0,0.0,0.0,599.0,226.0,0.0,592.0,226.0,0.0,560.0,221.0,0.0,602.0,226.0,,,,27,,Ashley,Phillips,Phillips,Has joined Stoke City on loan for the rest of the season.,,0,0,0,0,0,0,0,0,0,0,0,0,0,,,,0.0,0.0,0.0,0.0,0.0,0,0,0
577,u,0.0,0.0,4.0,710,188.0,0,0.0,0,0.0,0.0,600,214.0,0,0,0.0,612.0,228.0,0,0,0.0,502.0,201.0,0.0,0.0,0.0,1005,0,8978,0,0.0,0.0,0.0,0.0,0.0,0.0,0.0,0.0,0.0,0.0,0.0,601.0,227.0,0.0,594.0,227.0,0.0,562.0,222.0,0.0,604.0,227.0,,,,27,,Takai,Kōta,Takai,has joined Borussia Mönchengladbach on loan for the rest of the season.,,0,0,0,0,0,0,0,0,0,0,0,0,0,,,,0.0,0.0,0.0,0.0,0.0,0,0,0
578,u,0.0,0.0,3.9,781,231.0,0,0.0,-1,1.0,0.3,307,113.0,0,0,0.0,570.0,209.0,0,0,0.0,457.0,180.0,0.0,0.0,0.0,7334,0,91623,15,0.0,0.0,0.0,0.0,0.0,0.0,0.0,0.0,0.0,0.0,0.0,559.0,208.0,0.0,549.0,208.0,0.0,515.0,201.0,0.0,562.0,208.0,,,,27,,Luka,Vušković,Vuskovic,has joined Hamburger SV on loan for the rest of the season.,,0,0,0,0,0,0,0,0,0,0,0,0,0,,,,0.0,0.0,0.0,0.0,0.0,0,0,0
579,u,0.0,0.0,8.5,11,6.0,0,0.0,0,0.0,0.1,444,151.0,0,0,0.0,817.0,367.0,0,0,0.0,816.0,367.0,0.0,0.0,0.0,0,0,25499,0,0.0,0.0,0.0,0.0,0.0,0.0,0.0,0.0,0.0,0.0,0.0,817.0,367.0,0.0,817.0,367.0,0.0,817.0,367.0,0.0,817.0,367.0,,,,27,,Son,Heung-min,Son,has joined Los Angeles FC permanently.,,0,0,0,0,0,0,0,0,0,0,0,0,0,,,,0.0,0.0,0.0,0.0,0.0,0,0,0
581,i,0.0,0.0,6.8,46,28.0,0,0.0,-2,2.0,0.1,443,150.0,0,0,0.0,814.0,364.0,0,0,0.0,810.0,362.0,0.0,0.0,0.0,1679,4,23704,1,0.0,0.0,0.0,0.0,0.0,0.0,0.0,0.0,0.0,0.0,0.0,814.0,364.0,0.0,814.0,364.0,0.0,814.0,364.0,0.0,814.0,364.0,,,,27,,James,Maddison,Maddison,Anterior cruciate ligament - Unknown return date,,0,0,0,0,0,0,0,0,0,0,0,0,0,,,,0.0,0.0,0.0,0.0,0.0,0,0,0
582,i,0.0,0.0,6.4,61,39.0,0,0.0,-1,1.0,9.6,36,12.0,75,0,3.9,84.0,41.0,7,257,0.0,807.0,361.0,0.0,11.7,0.0,3263186,5,5182204,719,0.0,0.0,1.92,2.41,4.33,22.74,0.11,0.14,0.25,1.33,333.4,137.0,46.0,413.8,40.0,38.0,302.0,67.0,41.0,104.7,53.0,37.0,2.0,1.0,,27,,Mohammed,Kudus,Kudus,Thigh injury - Expected back 11 Apr,,1535,2,6,7,20,0,0,0,3,0,0,19,133,,,,0.0,0.41,1.17,1.11,7.8,29,9,95
583,i,0.0,0.0,6.4,59,38.0,0,0.0,-1,1.0,0.0,720,301.0,0,0,0.0,811.0,363.0,0,0,0.0,806.0,360.0,0.0,0.0,0.0,942,2,2041,2,0.0,0.0,0.0,0.0,0.0,0.0,0.0,0.0,0.0,0.0,0.0,811.0,363.0,0.0,811.0,363.0,0.0,811.0,363.0,0.0,811.0,363.0,,,,27,,Dejan,Kulusevski,Kulusevski,Knee injury - Unknown return date,,0,0,0,0,0,0,0,0,0,0,0,0,0,,,,0.0,0.0,0.0,0.0,0.0,0,0,0
584,a,,,6.2,78,52.0,0,0.0,-3,3.0,0.1,433,146.0,48,0,2.5,279.0,120.0,5,150,0.8,297.0,133.0,0.1,7.7,0.0,39444,10,45019,26,0.8,-0.2,1.67,0.61,2.27,9.35,0.24,0.09,0.33,1.36,147.0,291.0,130.0,141.8,193.0,129.0,189.0,129.0,74.0,48.1,234.0,118.0,4.0,,4.0,27,,Mathys,Tel,Tel,,,621,3,1,1,12,0,0,0,0,0,0,6,56,,,,0.0,0.14,1.74,0.87,8.12,11,5,40
585,i,0.0,0.0,5.3,192,119.0,0,0.0,-2,2.0,0.2,398,133.0,64,0,3.2,160.0,68.0,3,269,0.0,769.0,334.0,0.0,12.1,0.0,56873,0,65953,19,0.0,0.0,0.45,0.68,1.13,20.56,0.03,0.04,0.07,1.32,268.6,197.0,80.0,159.7,181.0,123.0,85.0,253.0,136.0,51.6,220.0,111.0,,,,27,,Rodrigo,Bentancur,Bentancur,Hamstring injury - Unknown return date,,1407,1,1,5,21,0,0,0,5,0,0,17,207,,,,0.0,0.32,1.34,1.09,13.24,37,69,101
586,i,0.0,0.0,5.2,219,136.0,0,0.0,-3,3.0,0.2,392,129.0,39,0,2.3,296.0,129.0,0,139,0.0,765.0,332.0,0.0,7.5,0.0,102319,0,110851,21,0.0,0.0,0.96,0.39,1.35,10.21,0.11,0.04,0.15,1.15,137.4,304.0,136.0,81.4,274.0,159.0,133.0,186.0,104.0,35.3,291.0,143.0,,,,27,,Lucas,Bergvall,Bergvall,Ankle injury - Unknown return date,,799,1,2,3,13,0,0,0,2,0,0,10,68,,,,0.0,0.34,1.46,1.13,7.66,20,14,34
587,a,100.0,100.0,5.2,211,130.0,0,0.0,-3,3.0,0.0,590,222.0,8,0,1.6,392.0,174.0,0,51,1.4,235.0,99.0,0.3,1.5,0.0,2782,10,14319,3,1.4,0.4,0.28,0.07,0.35,6.25,0.1,0.03,0.13,2.31,44.6,406.0,181.0,13.3,404.0,201.0,21.0,373.0,190.0,7.8,422.0,193.0,,,,27,,Yves,Bissouma,Bissouma,,,244,0,0,0,7,0,0,0,1,0,0,3,33,,,,0.0,0.0,2.58,1.11,12.17,10,13,10
588,i,0.0,0.0,5.3,206,128.0,0,0.0,-2,2.0,0.1,567,210.0,46,0,1.9,347.0,152.0,6,176,2.2,162.0,74.0,0.4,8.7,0.0,16356,1,16468,55,0.0,0.0,1.92,1.21,3.13,14.24,0.18,0.11,0.29,1.32,158.8,285.0,125.0,284.3,88.0,65.0,234.0,95.0,58.0,67.6,155.0,85.0,,,,27,,Wilson,Odobert,Odobert,Knee injury - Unknown return date,,972,0,2,2,13,0,0,0,0,0,0,10,77,,,,0.0,0.19,1.2,0.93,7.13,10,14,53
589,u,0.0,0.0,5.4,171,105.0,0,0.0,-1,1.0,0.0,758,324.0,0,0,0.0,797.0,352.0,0,0,0.0,777.0,339.0,0.0,0.0,0.0,115,0,1474,0,0.0,0.0,0.0,0.0,0.0,0.0,0.0,0.0,0.0,0.0,0.0,797.0,352.0,0.0,796.0,352.0,0.0,794.0,351.0,0.0,797.0,352.0,,,,27,,Manor,Solomon,Solomon,has joined Fiorentina on loan for the rest of the season.,,0,0,0,0,0,0,0,0,0,0,0,0,0,,,,0.0,0.0,0.0,0.0,0.0,0,0,0
590,u,0.0,0.0,4.9,325,202.0,0,0.0,-1,1.0,0.0,657,264.0,0,0,0.0,769.0,332.0,0,0,0.0,725.0,303.0,0.0,0.0,0.0,675,0,4472,0,0.0,0.0,0.0,0.0,0.0,0.0,0.0,0.0,0.0,0.0,0.0,768.0,331.0,0.0,765.0,332.0,0.0,759.0,330.0,0.0,769.0,332.0,,,,27,,Bryan,Gil Salvatierra,Bryan,has joined Girona permanently.,,0,0,0,0,0,0,0,0,0,0,0,0,0,,,,0.0,0.0,0.0,0.0,0.0,0,0,0
591,a,100.0,100.0,4.8,372,233.0,0,0.0,-2,2.0,0.1,427,143.0,42,0,2.6,255.0,105.0,6,159,3.0,92.0,42.0,0.6,8.8,0.0,18155,56,22448,19,3.0,2.0,1.25,0.45,1.7,14.43,0.12,0.04,0.16,1.4,167.8,272.0,117.0,76.8,285.0,165.0,121.0,212.0,115.0,36.5,287.0,141.0,,,,27,,Archie,Gray,Gray,,,927,2,0,5,14,0,0,0,4,0,0,12,86,,,,0.0,0.49,1.36,1.17,8.35,9,43,34
592,u,0.0,0.0,5.0,270,165.0,0,0.0,0,0.0,0.0,789,347.0,0,0,0.0,786.0,345.0,0,0,0.0,750.0,321.0,0.0,0.0,0.0,0,0,682,0,0.0,0.0,0.0,0.0,0.0,0.0,0.0,0.0,0.0,0.0,0.0,785.0,344.0,0.0,784.0,345.0,0.0,780.0,343.0,0.0,786.0,345.0,,,,27,,Mikey,Moore,Moore,Has joined Rangers on loan for the rest of the season.,,0,0,0,0,0,0,0,0,0,0,0,0,0,,,,0.0,0.0,0.0,0.0,0.0,0,0,0
593,a,100.0,100.0,4.5,442,265.0,0,0.0,-5,5.0,1.0,188,66.0,53,0,3.1,170.0,73.0,2,214,2.2,153.0,68.0,0.5,11.8,0.0,364099,566,562976,95,2.2,1.2,1.09,0.95,2.04,18.15,0.11,0.09,0.2,1.76,232.4,219.0,96.0,105.3,237.0,148.0,111.0,218.0,120.0,45.0,247.0,124.0,,,,27,,Pape Matar,Sarr,P.M.Sarr,,,928,2,3,3,11,0,0,0,1,0,0,9,120,,,,0.0,0.29,1.07,0.87,11.64,20,49,51
594,u,0.0,0.0,4.5,504,312.0,0,0.0,0,0.0,0.0,731,306.0,0,0,0.0,745.0,315.0,0,0,0.0,680.0,273.0,0.0,0.0,0.0,0,0,2818,0,0.0,0.0,0.0,0.0,0.0,0.0,0.0,0.0,0.0,0.0,0.0,744.0,314.0,0.0,739.0,315.0,0.0,725.0,311.0,0.0,745.0,315.0,,,,27,,Yang,Min-hyeok,Min-hyeok,has joined Coventry City on loan for the rest of the season.,,0,0,0,0,0,0,0,0,0,0,0,0,0,,,,0.0,0.0,0.0,0.0,0.0,0,0,0
595,a,,,4.3,599,351.0,0,0.0,-2,2.0,0.2,368,123.0,0,0,0.0,647.0,244.0,0,0,0.0,555.0,185.0,0.0,0.0,0.0,23664,25,29276,17,0.0,-1.0,0.0,0.0,0.0,0.0,0.0,0.0,0.0,0.0,0.0,636.0,234.0,0.0,632.0,240.0,0.0,607.0,228.0,0.0,639.0,237.0,,,,27,,Callum,Olusesi,Olusesi,,,0,0,0,0,0,0,0,0,0,0,0,0,0,,,,0.0,0.0,0.0,0.0,0.0,0,0,0
596,a,100.0,100.0,7.2,29,12.0,0,0.0,-3,3.0,1.3,167,28.0,21,0,3.0,198.0,19.0,3,88,3.6,58.0,5.0,0.5,2.9,0.0,128719,565,493440,255,3.6,2.6,1.2,0.16,1.36,8.45,0.27,0.04,0.31,1.87,105.8,332.0,32.0,38.2,352.0,43.0,145.0,174.0,38.0,28.8,326.0,37.0,,,2.0,27,,Dominic,Solanke-Mitchell,Solanke,,,407,2,0,0,8,0,0,0,1,0,0,4,27,,,,0.0,0.0,1.77,0.88,5.97,10,10,7
597,i,0.0,0.0,6.3,67,21.0,0,0.0,-2,2.0,5.4,67,13.0,75,0,3.6,113.0,9.0,9,336,0.0,804.0,86.0,0.0,11.9,0.0,2946178,12,3036900,466,0.0,0.0,4.8,1.22,6.02,17.99,0.34,0.09,0.43,1.27,381.8,103.0,8.0,159.3,182.0,16.0,464.0,25.0,13.0,100.4,64.0,12.0,,,3.0,27,,Richarlison,de Andrade,Richarlison,Hamstring injury - Expected back 01 Mar,,1276,7,3,5,19,0,0,0,4,0,0,13,98,,,,0.0,0.35,1.34,0.92,6.91,15,46,37
598,u,0.0,0.0,4.5,469,67.0,0,0.0,0,0.0,0.0,672,87.0,0,0,0.0,720.0,76.0,0,0,0.0,649.0,66.0,0.0,0.0,0.0,0,0,5095,2,0.0,0.0,0.0,0.0,0.0,0.0,0.0,0.0,0.0,0.0,0.0,715.0,76.0,0.0,711.0,75.0,0.0,695.0,75.0,0.0,717.0,76.0,,,,27,,Will,Lankshear,Lankshear,has joined Oxford United on loan for the rest of the season.,,0,0,0,0,0,0,0,0,0,0,0,0,0,,,,0.0,0.0,0.0,0.0,0.0,0,0,0
599,u,0.0,0.0,4.3,594,83.0,0,0.0,-2,2.0,0.6,248,39.0,2,0,1.0,460.0,57.0,0,5,0.2,367.0,49.0,0.0,0.5,0.0,60820,0,107571,67,0.0,0.0,0.0,0.01,0.01,0.03,0.0,0.13,0.13,0.39,1.0,492.0,60.0,4.1,442.0,58.0,2.0,439.0,60.0,0.7,481.0,60.0,,,,27,,Dane,Scarlett,Scarlett,has joined Hibernian on loan for the rest of the season.,,7,0,0,0,0,0,0,0,0,0,0,0,1,,,,0.0,0.0,0.0,0.0,12.86,0,0,1
673,a,100.0,100.0,5.5,137,85.0,0,0.0,0,0.0,0.8,203,71.0,84,0,3.7,98.0,45.0,11,353,1.2,248.0,108.0,0.2,15.3,0.0,367299,63,355411,94,1.2,0.2,1.11,0.55,1.66,23.12,0.07,0.03,0.1,1.38,447.6,70.0,22.0,100.3,247.0,152.0,153.0,161.0,90.0,70.3,143.0,79.0,,,,27,,João Maria,Lobo Alves Palhares Costa Palhinha Gonçalves,J.Palhinha,,,1513,3,3,4,24,0,0,0,6,0,0,16,206,,,,0.0,0.24,1.43,0.95,12.25,83,64,59
717,a,100.0,100.0,6.5,54,35.0,0,0.0,-5,5.0,1.1,181,61.0,59,0,3.0,197.0,83.0,5,272,2.6,127.0,60.0,0.4,9.1,0.0,805078,264,725570,157,2.6,1.6,2.07,3.28,5.35,24.13,0.14,0.22,0.36,1.59,269.2,196.0,79.0,418.8,39.0,37.0,193.0,125.0,73.0,88.2,92.0,55.0,5.0,,,27,,Xavi,Simons,Xavi,,,1370,1,4,3,27,0,0,0,4,1,0,15,124,,,,0.0,0.2,1.77,0.99,8.15,29,21,74
726,a,100.0,100.0,6.9,39,15.0,0,0.0,-1,1.0,0.3,301,47.0,28,0,1.6,400.0,48.0,0,76,0.8,298.0,42.0,0.1,4.1,0.0,118715,32,111048,46,0.8,-0.2,1.29,1.11,2.4,15.9,0.11,0.1,0.21,1.4,83.6,356.0,36.0,175.0,169.0,13.0,163.0,152.0,37.0,41.5,268.0,30.0,,,,27,,Randal,Kolo Muani,Kolo Muani,,,1019,0,0,3,19,0,0,0,2,0,0,12,69,,,,0.0,0.26,1.68,1.06,6.09,18,12,39
745,a,,,4.0,731,208.0,0,0.0,0,0.0,0.0,628,224.0,1,0,1.0,456.0,168.0,0,3,0.2,360.0,131.0,0.0,0.2,0.0,1896,3,1781,6,0.2,-0.8,0.0,0.0,0.0,0.0,0.0,0.0,0.0,0.0,0.4,497.0,177.0,0.5,468.0,172.0,0.0,580.0,239.0,0.1,502.0,178.0,,,,27,,Jun'ai,Byfield,Byfield,,,1,0,0,0,0,0,0,0,0,0,0,0,0,,,,0.0,0.0,0.0,0.0,0.0,0,0,0
750,a,,,4.0,695,179.0,0,0.0,0,0.0,0.0,652,229.0,0,0,0.0,600.0,222.0,0,0,0.0,489.0,194.0,0.0,0.0,0.0,1625,5,1373,6,0.0,-1.0,0.0,0.0,0.0,0.0,0.0,0.0,0.0,0.0,0.0,589.0,221.0,0.0,582.0,221.0,0.0,549.0,215.0,0.0,592.0,221.0,,,,27,,James,Rowswell,Rowswell,,,0,0,0,0,0,0,0,0,0,0,0,0,0,,,,0.0,0.0,0.0,0.0,0.0,0,0,0
751,u,0.0,0.0,4.5,488,299.0,0,0.0,0,0.0,0.0,772,334.0,0,0,0.0,733.0,305.0,0,0,0.0,667.0,262.0,0.0,0.0,0.0,675,0,594,1,0.0,0.0,0.0,0.0,0.0,0.0,0.0,0.0,0.0,0.0,0.0,731.0,303.0,0.0,726.0,304.0,0.0,712.0,300.0,0.0,732.0,304.0,,,,27,,Yusuf,Akhamrich,Akhamrich,has joined Bristol Rovers on loan for the rest of the season.,,0,0,0,0,0,0,0,0,0,0,0,0,0,,,,0.0,0.0,0.0,0.0,0.0,0,0,0
790,a,,,4.5,501,309.0,0,0.0,0,0.0,0.0,771,333.0,0,0,0.0,742.0,312.0,0,0,0.0,677.0,270.0,0.0,0.0,0.0,576,5,235,2,0.0,-1.0,0.0,0.0,0.0,0.0,0.0,0.0,0.0,0.0,0.0,741.0,311.0,0.0,736.0,312.0,0.0,722.0,308.0,0.0,742.0,312.0,,,,27,,Lucá,Williams-Barnett,Williams-Barnett,,,0,0,0,0,0,0,0,0,0,0,0,0,0,,,,0.0,0.0,0.0,0.0,0.0,0,0,0
796,a,,,5.4,170,104.0,0,0.0,-1,1.0,0.1,416,141.0,15,0,3.0,195.0,82.0,0,79,2.6,121.0,58.0,0.5,2.8,0.0,34685,84,16309,69,2.6,1.6,0.56,0.46,1.02,9.73,0.12,0.1,0.22,2.13,76.2,370.0,164.0,103.1,243.0,151.0,82.0,255.0,137.0,26.1,336.0,161.0,,,,27,,Conor,Gallagher,Gallagher,,,412,0,1,0,9,0,0,0,0,0,0,5,44,,,,0.0,0.0,1.97,1.09,9.61,7,12,25
804,a,,,4.0,728,205.0,0,0.0,0,0.0,0.0,707,244.0,1,0,1.0,455.0,167.0,0,1,0.2,359.0,130.0,0.0,0.2,0.0,1630,9,454,8,0.2,-0.8,0.0,0.0,0.0,1.04,0.0,0.0,0.0,2.67,6.0,465.0,169.0,10.3,414.0,151.0,0.0,577.0,236.0,1.6,469.0,168.0,,,,27,,João Victor,de Souza Menezes,Souza,,,35,0,0,0,1,0,0,0,0,0,0,0,2,,,,0.0,0.0,2.57,0.0,5.14,0,2,2
811,a,,,4.5,462,279.0,0,0.0,0,0.0,0.0,802,356.0,0,0,0.0,716.0,292.0,0,0,0.0,644.0,243.0,0.0,0.0,0.0,219,5,63,0,0.0,-1.0,0.0,0.0,0.0,0.0,0.0,0.0,0.0,0.0,0.0,710.0,287.0,0.0,707.0,290.0,0.0,690.0,283.0,0.0,712.0,289.0,,,,27,,Rio,Kyerematen,Kyerematen,,,0,0,0,0,0,0,0,0,0,0,0,0,0,,,,0.0,0.0,0.0,0.0,0.0,0,0,0
326,a,,,5.1,225,139.0,0,0.0,-4,4.0,0.2,405,135.0,19,0,1.1,444.0,200.0,0,63,0.4,339.0,153.0,0.1,3.7,0.0,15767,30,35479,38,-0.1,0.4,0.34,0.55,0.89,5.87,0.11,0.18,0.29,1.94,21.8,438.0,192.0,62.5,307.0,175.0,62.0,288.0,155.0,14.3,384.0,180.0,,,,27,,Adama,Traoré Diarra,Adama,,,272,0,0,0,9,0,0,0,1,0,0,1,14,,,,0.0,0.0,2.98,0.33,4.63,1,1,12
600,a,,,4.3,571,27.0,0,0.0,-2,2.0,2.1,127,17.0,51,0,2.5,268.0,24.0,2,220,0.8,280.0,22.0,0.2,11.9,0.0,178891,84,434949,324,0.3,0.8,0.0,0.0,0.0,35.3,0.0,0.0,0.0,1.76,570.4,31.0,10.0,10.0,417.0,6.0,0.0,599.0,67.0,57.9,196.0,9.0,,,,27,,Alphonse,Areola,Areola,,,1800,0,1,0,37,0,0,0,0,0,77,20,55,,,,3.85,0.0,1.85,1.0,0.0,0,30,142
601,u,0.0,0.0,4.0,660,42.0,0,0.0,0,0.0,0.2,352,51.0,0,0,0.0,573.0,63.0,0,0,0.0,460.0,54.0,0.0,0.0,0.0,3874,0,42291,9,0.0,0.0,0.0,0.0,0.0,0.0,0.0,0.0,0.0,0.0,0.0,562.0,63.0,0.0,553.0,49.0,0.0,519.0,35.0,0.0,565.0,63.0,,,,27,,Wes,Foderingham,Foderingham,has joined Aris Limassol permanently.,,0,0,0,0,0,0,0,0,0,0,0,0,0,,,,0.0,0.0,0.0,0.0,0.0,0,0,0
602,u,0.0,0.0,3.9,765,84.0,0,0.0,-1,1.0,0.2,364,53.0,0,0,0.0,555.0,52.0,0,0,0.0,442.0,43.0,0.0,0.0,0.0,11331,0,19104,16,0.0,0.0,0.0,0.0,0.0,0.0,0.0,0.0,0.0,0.0,0.0,544.0,52.0,0.0,534.0,37.0,0.0,499.0,23.0,0.0,547.0,52.0,,,,27,,Krisztián,Hegyi,Hegyi,has joined MTK Budapest on loan for the rest of the season.,,0,0,0,0,0,0,0,0,0,0,0,0,0,,,,0.0,0.0,0.0,0.0,0.0,0,0,0
603,a,100.0,100.0,4.0,726,203.0,0,0.0,-5,5.0,1.6,150,60.0,67,6,3.2,151.0,58.0,2,210,4.6,26.0,7.0,1.2,16.8,0.0,276073,555,880739,166,4.1,4.6,0.39,1.36,1.75,28.23,0.02,0.07,0.09,1.47,334.4,136.0,62.0,200.8,141.0,36.0,64.0,283.0,83.0,60.0,187.0,60.0,,,,27,,El Hadji Malick,Diouf,Diouf,,,1734,0,5,5,32,0,0,0,4,0,0,19,178,,,,0.0,0.26,1.66,0.99,7.42,27,116,69
604,u,0.0,0.0,4.4,521,101.0,0,0.0,-1,1.0,0.1,581,208.0,0,0,0.0,662.0,250.0,0,0,0.0,576.0,235.0,0.0,0.0,0.0,1719,0,20751,1,0.0,0.0,0.0,0.0,0.0,0.0,0.0,0.0,0.0,0.0,0.0,651.0,249.0,0.0,648.0,249.0,0.0,625.0,248.0,0.0,654.0,249.0,,,,27,,Emerson,Palmieri dos Santos,Emerson,has joined Marseille permanently.,,0,0,0,0,0,0,0,0,0,0,0,0,0,,,,0.0,0.0,0.0,0.0,0.0,0,0,0
605,a,,,4.2,631,145.0,0,0.0,-3,3.0,0.1,417,153.0,36,0,1.7,372.0,137.0,0,80,0.2,363.0,133.0,0.0,8.6,0.0,29921,6,49325,12,-0.3,0.2,0.56,0.25,0.81,33.28,0.03,0.01,0.04,1.92,392.4,100.0,46.0,55.8,320.0,108.0,60.0,293.0,88.0,50.9,222.0,72.0,,,,27,,Maximilian,Kilman,Kilman,,,1559,0,0,1,37,0,0,0,4,0,0,17,191,,,,0.0,0.06,2.14,0.98,9.24,16,144,43
606,a,100.0,100.0,4.4,533,112.0,0,0.0,-1,1.0,0.1,501,178.0,59,6,3.0,186.0,74.0,0,181,4.2,32.0,10.0,1.0,13.4,0.0,18542,24,17569,18,3.7,4.2,1.01,0.38,1.39,25.94,0.06,0.02,0.08,1.43,381.2,104.0,47.0,13.2,405.0,147.0,135.0,182.0,42.0,52.9,216.0,71.0,,,,27,,Konstantinos,Mavropanos,Mavropanos,,,1631,0,0,3,28,1,0,0,2,0,0,17,211,,,,0.0,0.17,1.55,0.94,10.54,22,169,63
607,u,0.0,0.0,4.4,526,106.0,0,0.0,-1,1.0,0.0,609,215.0,3,0,1.5,405.0,146.0,0,-1,0.0,579.0,238.0,0.0,0.7,0.0,1288,0,12305,1,0.0,0.0,0.1,0.03,0.13,3.42,0.05,0.02,0.07,1.71,39.0,412.0,155.0,3.9,444.0,161.0,8.0,406.0,152.0,5.1,441.0,158.0,,,,27,,Nayef,Aguerd,N.Aguerd,has joined Marseille permanently.,,180,0,0,0,8,0,0,0,0,0,0,2,23,,,,0.0,0.0,4.0,1.0,7.5,1,14,8
608,a,100.0,100.0,4.3,605,139.0,0,0.0,-2,2.0,0.0,614,217.0,21,0,1.8,358.0,133.0,0,86,1.4,223.0,83.0,0.3,4.9,0.0,4880,4,6541,6,0.9,1.4,0.18,0.32,0.5,13.28,0.02,0.04,0.06,1.83,138.2,302.0,116.0,71.7,292.0,95.0,22.0,365.0,124.0,23.2,345.0,118.0,,,,27,,Ollie,Scarles,Scarles,,,654,0,1,0,16,0,0,0,1,0,0,9,73,,,,0.0,0.0,2.2,1.24,9.91,29,43,35
609,a,100.0,100.0,4.3,587,133.0,0,0.0,-2,2.0,0.1,487,174.0,31,0,1.7,373.0,138.0,0,112,0.4,325.0,115.0,0.1,7.2,0.0,11455,8,19378,12,-0.1,0.4,0.25,0.29,0.54,28.74,0.01,0.02,0.03,1.7,333.0,138.0,63.0,64.5,301.0,99.0,22.0,364.0,123.0,42.0,263.0,89.0,,,,27,,Jean-Clair,Todibo,Todibo,,,1521,0,1,0,33,0,0,0,4,1,0,18,152,,,,0.0,0.0,1.95,1.07,8.17,33,105,76
610,a,100.0,100.0,4.1,652,158.0,0,0.0,-4,4.0,4.6,80,26.0,54,6,3.0,183.0,71.0,0,180,5.0,18.0,4.0,1.2,13.2,0.0,241356,721,2283926,387,4.5,5.0,0.0,0.78,0.78,26.69,0.0,0.05,0.05,1.55,340.6,134.0,60.0,255.6,107.0,29.0,24.0,360.0,120.0,62.3,177.0,56.0,,,,27,,Aaron,Wan-Bissaka,Wan-Bissaka,,,1551,0,3,2,31,0,0,0,2,0,0,17,154,,,,0.0,0.12,1.8,0.99,8.12,25,115,52
611,u,0.0,0.0,4.0,705,184.0,0,0.0,0,0.0,0.1,547,196.0,0,0,0.0,608.0,225.0,0,0,0.0,497.0,197.0,0.0,0.0,0.0,0,0,13150,2,0.0,0.0,0.0,0.0,0.0,0.0,0.0,0.0,0.0,0.0,0.0,597.0,224.0,0.0,590.0,224.0,0.0,557.0,218.0,0.0,600.0,224.0,,,,27,,Kaelan,Casey,Casey,has joined Leyton Orient on loan for the rest of the season.,,0,0,0,0,0,0,0,0,0,0,0,0,0,,,,0.0,0.0,0.0,0.0,0.0,0,0,0
612,u,0.0,0.0,5.9,96,62.0,0,0.0,-1,1.0,1.1,183,62.0,69,0,3.8,89.0,43.0,8,291,0.0,796.0,354.0,0.0,11.7,0.0,897173,0,969591,146,0.0,0.0,2.85,2.0,4.85,24.22,0.17,0.12,0.29,1.44,374.6,107.0,34.0,397.2,43.0,40.0,186.0,130.0,75.0,95.7,76.0,45.0,,,,27,,Lucas,Tolentino Coelho de Lima,L.Paquetá,has joined Flamengo permanently.,,1513,4,2,3,33,0,0,0,5,1,0,18,146,,,,0.0,0.18,1.96,1.07,8.68,40,30,76
613,a,100.0,100.0,5.7,116,73.0,0,0.0,-3,3.0,0.3,328,112.0,63,2,2.6,259.0,109.0,6,244,3.6,57.0,27.0,0.6,11.1,0.0,36313,74,106475,44,3.1,3.6,3.47,0.37,3.84,23.65,0.25,0.03,0.28,1.72,301.4,175.0,67.0,107.9,229.0,145.0,274.0,79.0,48.0,68.4,151.0,82.0,,,,27,,Tomáš,Souček,Souček,,,1237,3,2,3,28,0,0,0,2,1,0,13,132,,,,0.0,0.22,2.04,0.95,9.6,21,72,39
615,a,100.0,100.0,5.6,130,80.0,0,0.0,1,-1.0,3.2,106,33.0,80,3,3.6,112.0,49.0,7,296,6.4,6.0,3.0,1.1,14.3,0.0,477475,2577,79917,1458,5.9,6.4,4.19,1.5,5.69,25.53,0.22,0.08,0.3,1.37,301.4,174.0,66.0,271.4,98.0,71.0,360.0,48.0,29.0,93.3,81.0,47.0,2.0,,,27,,Crysencio,Summerville,Summerville,,,1676,4,3,4,29,0,0,0,3,0,0,20,143,,,,0.0,0.21,1.56,1.07,7.68,28,37,78
616,u,0.0,0.0,4.9,310,194.0,0,0.0,-1,1.0,0.0,596,226.0,0,0,0.0,765.0,328.0,0,0,0.0,719.0,298.0,0.0,0.0,0.0,1147,0,16069,2,0.0,0.0,0.0,0.0,0.0,0.0,0.0,0.0,0.0,0.0,0.0,764.0,327.0,0.0,761.0,328.0,0.0,754.0,326.0,0.0,765.0,328.0,,,,27,,Edson,Álvarez Velázquez,Álvarez,Has joined Fenerbahçe on loan for the rest of the season.,,0,0,0,0,0,0,0,0,0,0,0,0,0,,,,0.0,0.0,0.0,0.0,0.0,0,0,0
617,u,0.0,0.0,4.9,289,179.0,0,0.0,-1,1.0,0.0,702,293.0,0,0,0.0,761.0,325.0,0,0,0.0,711.0,293.0,0.0,0.0,0.0,246,0,3212,0,0.0,0.0,0.0,0.0,0.0,0.0,0.0,0.0,0.0,0.0,0.0,760.0,324.0,0.0,757.0,325.0,0.0,750.0,323.0,0.0,761.0,325.0,,,,27,,Maxwel,Cornet,Cornet,has joined Genoa on loan for the rest of the season.,,0,0,0,0,0,0,0,0,0,0,0,0,0,,,,0.0,0.0,0.0,0.0,0.0,0,0,0
618,u,0.0,0.0,4.8,355,223.0,0,0.0,-2,2.0,0.0,608,235.0,8,0,1.3,428.0,192.0,0,30,0.0,700.0,286.0,0.0,1.7,0.0,2295,0,6039,4,0.0,0.0,0.03,0.04,0.07,2.59,0.02,0.02,0.04,1.33,9.8,454.0,203.0,6.0,437.0,212.0,2.0,446.0,221.0,1.7,468.0,213.0,,,,27,,Guido,Rodríguez,G.Rodriguez,has joined Valencia on loan for the rest of the season.,,175,0,0,1,2,0,0,0,1,0,0,2,15,,,,0.0,0.51,1.03,1.03,7.71,1,4,10
619,u,0.0,0.0,4.9,345,214.0,0,0.0,-1,1.0,0.0,680,278.0,5,0,1.0,492.0,228.0,0,11,0.0,735.0,309.0,0.0,1.0,0.0,868,0,3381,1,0.0,0.0,0.07,0.03,0.1,1.82,0.05,0.02,0.07,1.35,9.2,456.0,205.0,14.5,398.0,198.0,4.0,430.0,213.0,2.5,462.0,209.0,,,,27,,Luis Guilherme,Lira dos Santos,L.Guilherme,has joined Sporting CP permanently.,,121,0,0,0,2,0,0,0,0,0,0,1,11,,,,0.0,0.0,1.49,0.74,8.18,1,2,8
620,u,0.0,0.0,4.5,446,267.0,0,0.0,0,0.0,0.0,605,232.0,1,0,1.0,474.0,213.0,0,3,0.0,633.0,233.0,0.0,0.2,0.0,3770,0,9406,1,0.0,0.0,0.0,0.01,0.01,0.73,0.0,0.11,0.11,8.21,0.0,700.0,277.0,1.5,456.0,219.0,2.0,443.0,218.0,0.4,489.0,225.0,,,,27,,George,Earthy,Earthy,has joined Bristol City on loan for the rest of the season.,,8,0,0,0,1,0,0,0,0,0,0,0,0,,,,0.0,0.0,11.25,0.0,0.0,0,0,0
621,u,0.0,0.0,4.3,583,344.0,0,0.0,-2,2.0,0.2,355,119.0,9,0,1.3,426.0,190.0,0,49,0.0,547.0,178.0,0.0,2.1,0.0,43311,0,54112,32,0.0,0.0,0.0,0.17,0.17,4.03,0.0,0.1,0.1,2.32,31.6,423.0,187.0,52.3,325.0,180.0,2.0,438.0,216.0,8.6,414.0,188.0,3.0,,,27,,Andy,Irving,Irving,has joined Sparta Prague permanently.,,156,0,0,0,4,0,0,0,0,0,0,2,22,,,,0.0,0.0,2.31,1.15,12.69,6,2,14
622,u,0.0,0.0,4.4,549,329.0,0,0.0,-1,1.0,0.1,578,215.0,0,0,0.0,673.0,261.0,0,0,0.0,590.0,206.0,0.0,0.0,0.0,1052,0,11899,0,0.0,0.0,0.0,0.0,0.0,0.0,0.0,0.0,0.0,0.0,0.0,663.0,252.0,0.0,660.0,258.0,0.0,637.0,247.0,0.0,666.0,255.0,,,,27,,Lewis,Orford,Orford,has joined Stevenage on loan for the rest of the season.,,0,0,0,0,0,0,0,0,0,0,0,0,0,,,,0.0,0.0,0.0,0.0,0.0,0,0,0
623,s,0.0,0.0,4.4,545,325.0,0,0.0,-1,1.0,0.6,228,79.0,34,0,1.8,360.0,157.0,0,206,1.0,258.0,112.0,0.2,7.7,0.0,142798,7,152745,221,0.0,0.0,0.21,1.05,1.26,19.95,0.02,0.09,0.11,1.64,179.6,263.0,112.0,129.9,203.0,134.0,37.0,333.0,174.0,34.7,294.0,145.0,1.0,,,27,,Freddie,Potts,Potts,Suspended until 14 Mar,,1094,0,1,1,23,0,0,0,1,0,0,11,112,,,,0.0,0.08,1.89,0.9,9.21,27,47,38
624,a,,,7.6,21,7.0,0,0.0,-4,4.0,8.6,41,8.0,124,4,4.6,30.0,4.0,21,478,6.2,7.0,2.0,0.8,16.3,0.0,2270853,1207,3049520,4693,5.7,6.2,5.91,2.91,8.82,42.33,0.22,0.11,0.33,1.57,553.0,36.0,4.0,331.5,66.0,2.0,647.0,7.0,5.0,153.0,15.0,4.0,,1.0,2.0,27,,Jarrod,Bowen,Bowen,,,2419,8,4,4,47,0,0,0,3,0,0,27,191,,,,0.0,0.15,1.75,1.0,7.11,34,45,112
625,u,0.0,0.0,5.6,122,34.0,0,0.0,-4,4.0,0.6,243,37.0,12,0,1.5,415.0,50.0,0,28,0.0,789.0,84.0,0.0,2.1,0.0,47611,0,392008,24,0.0,0.0,0.93,0.21,1.14,8.59,0.21,0.05,0.26,1.9,26.0,433.0,50.0,85.1,269.0,25.0,130.0,198.0,43.0,23.8,344.0,42.0,,,,27,,Niclas,Füllkrug,Füllkrug,has joined AC Milan on loan for the rest of the season.,,407,0,0,1,11,0,0,0,0,0,0,5,19,,,,0.0,0.22,2.43,1.11,4.2,2,7,10
626,u,0.0,0.0,4.3,611,85.0,0,0.0,-2,2.0,0.5,256,41.0,2,0,1.0,463.0,58.0,0,0,0.0,565.0,56.0,0.0,0.5,0.0,63604,0,104530,38,0.0,0.0,0.13,0.0,0.13,1.55,0.2,0.0,0.2,2.41,1.2,489.0,58.0,0.1,482.0,61.0,7.0,416.0,58.0,0.8,479.0,59.0,,,,27,,Callum,Marshall,Marshall,has joined VfL Bochum 1848 on loan for the rest of the season.,,58,0,0,0,2,0,0,0,0,0,0,0,3,,,,0.0,0.0,3.1,0.0,4.66,0,2,1
659,a,,,4.2,629,143.0,0,0.0,-3,3.0,0.2,344,123.0,32,0,1.8,356.0,131.0,0,118,0.4,324.0,114.0,0.1,7.6,0.0,30316,15,51917,27,-0.1,0.4,1.13,0.26,1.39,21.13,0.11,0.02,0.13,1.99,203.2,249.0,101.0,88.2,262.0,82.0,98.0,234.0,61.0,39.0,277.0,94.0,,,,27,,Kyle,Walker-Peters,Walker-Peters,,,954,1,0,1,22,0,0,0,2,0,0,10,95,,,,0.0,0.09,2.08,0.94,6.79,34,38,41
738,d,25.0,25.0,4.5,405,20.0,0,0.0,0,0.0,0.0,632,79.0,0,0,0.0,686.0,91.0,0,0,0.0,608.0,87.0,0.0,0.0,0.0,5827,1,5481,5,-0.1,0.0,0.0,0.0,0.0,0.0,0.0,0.0,0.0,0.0,0.0,679.0,91.0,0.0,674.0,83.0,0.0,654.0,72.0,0.0,682.0,91.0,,,,27,,Lukasz,Fabianski,Fabianski,Back injury - 25% chance of playing,,0,0,0,0,0,0,0,0,0,0,0,0,0,,,,0.0,0.0,0.0,0.0,0.0,0,0,0
747,a,,,4.0,723,200.0,0,0.0,0,0.0,0.0,635,225.0,5,0,1.0,454.0,166.0,0,15,0.0,515.0,213.0,0.0,1.2,0.0,2363,3,1848,2,-0.5,0.0,0.12,0.44,0.56,2.8,0.1,0.35,0.45,2.25,21.2,439.0,165.0,33.8,360.0,125.0,9.0,400.0,146.0,6.4,433.0,156.0,,,,27,,Ezra,Mayers,Mayers,,,112,0,0,0,3,0,0,0,0,0,0,0,5,,,,0.0,0.0,2.41,0.0,4.02,0,5,6
752,a,,,4.0,734,211.0,0,0.0,0,0.0,0.0,658,231.0,0,0,0.0,630.0,245.0,0,0,0.0,522.0,220.0,0.0,0.0,0.0,1839,5,1600,5,-0.5,0.0,0.0,0.0,0.0,0.0,0.0,0.0,0.0,0.0,0.0,619.0,244.0,0.0,612.0,244.0,0.0,582.0,241.0,0.0,622.0,244.0,,,,27,,Airidas,Golambeckis,Golambeckis,,,0,0,0,0,0,0,0,0,0,0,0,0,0,,,,0.0,0.0,0.0,0.0,0.0,0,0,0
758,a,,,4.5,506,313.0,0,0.0,0,0.0,0.0,739,311.0,4,1,1.0,483.0,221.0,0,17,0.2,372.0,163.0,0.0,0.9,0.0,1634,6,992,1,-0.3,0.2,0.03,0.02,0.05,0.56,0.12,0.08,0.2,2.29,4.4,471.0,215.0,10.9,412.0,205.0,4.0,427.0,211.0,1.7,467.0,212.0,,,,27,,Mohamadou,Kanté,Mohamadou Kanté,,,22,0,0,0,0,0,0,0,0,0,0,0,9,,,,0.0,0.0,0.0,0.0,36.82,4,1,4
785,i,0.0,0.0,5.5,153,40.0,0,0.0,0,0.0,0.0,727,89.0,8,0,1.6,396.0,47.0,0,21,1.0,272.0,34.0,0.2,1.5,0.0,4326,2,3296,25,0.0,0.0,0.34,0.07,0.41,3.74,0.12,0.03,0.15,1.35,19.6,444.0,52.0,53.4,324.0,35.0,21.0,374.0,55.0,9.4,408.0,50.0,,,,27,,Pablo Felipe,Pereira de Jesus,Pablo,Calf injury - Unknown return date,,250,0,0,0,4,0,0,0,0,0,0,3,25,,,,0.0,0.0,1.44,1.08,9.0,9,5,11
802,a,,,5.0,279,173.0,0,0.0,0,0.0,0.0,792,350.0,0,0,0.0,789.0,347.0,0,0,0.0,754.0,324.0,0.0,0.0,0.0,304,3,181,3,-0.5,0.0,0.0,0.0,0.0,0.0,0.0,0.0,0.0,0.0,0.0,788.0,346.0,0.0,787.0,347.0,0.0,783.0,345.0,0.0,789.0,347.0,,,,27,,Keiber,Lamadrid,Lamadrid,,,0,0,0,0,0,0,0,0,0,0,0,0,0,,,,0.0,0.0,0.0,0.0,0.0,0,0,0
815,a,,,4.5,420,80.0,0,0.0,0,0.0,0.1,504,180.0,14,6,4.7,24.0,9.0,0,58,4.7,25.0,6.0,1.0,3.1,0.0,12110,64,1759,55,4.2,4.7,0.41,0.0,0.41,2.56,0.14,0.0,0.14,0.85,30.8,425.0,160.0,11.1,410.0,149.0,9.0,401.0,147.0,5.1,442.0,159.0,,,,27,,Axel,Disasi,Disasi,,,270,0,0,2,1,0,0,0,0,0,0,3,17,,,,0.0,0.67,0.33,1.0,5.67,0,17,4
627,a,,,4.4,520,26.0,0,0.0,-1,1.0,0.1,426,64.0,21,0,1.8,359.0,28.0,0,117,0.0,575.0,86.0,0.0,4.8,0.0,19580,12,23767,12,-0.5,-0.5,0.0,0.02,0.02,18.59,0.0,0.0,0.0,1.55,308.0,165.0,21.0,0.1,484.0,14.0,0.0,624.0,71.0,30.8,318.0,21.0,,,,27,,Sam,Johnstone,Johnstone,,,1080,0,0,0,24,1,0,0,0,0,39,12,71,,,,3.25,0.0,2.0,1.0,0.0,2,24,107
628,a,,,4.2,628,33.0,0,0.0,-3,3.0,1.2,177,22.0,43,0,2.9,202.0,21.0,5,187,2.8,102.0,7.0,0.7,10.2,0.0,93949,180,175859,101,2.3,2.3,0.0,0.03,0.03,21.98,0.0,0.0,0.0,1.47,328.4,141.0,19.0,10.0,416.0,5.0,0.0,590.0,64.0,34.1,302.0,19.0,,,,27,,José,Malheiro de Sá,José Sá,,,1350,0,0,3,26,0,0,0,1,0,38,15,40,,,,2.53,0.2,1.73,1.0,0.0,0,28,130
629,a,100.0,100.0,3.9,740,70.0,0,0.0,-1,1.0,0.5,263,34.0,0,0,0.0,538.0,38.0,0,0,0.0,423.0,29.0,0.0,0.0,0.0,18169,27,50480,9,-0.5,-0.5,0.0,0.0,0.0,0.0,0.0,0.0,0.0,0.0,0.0,527.0,38.0,0.0,517.0,23.0,0.0,482.0,9.0,0.0,530.0,38.0,,,,27,,Daniel,Bentley,Bentley,,,0,0,0,0,0,0,0,0,0,0,0,0,0,,,,0.0,0.0,0.0,0.0,0.0,0,0,0
631,u,0.0,0.0,4.2,642,153.0,0,0.0,-3,3.0,0.1,449,165.0,23,0,1.6,384.0,143.0,0,86,0.5,318.0,109.0,0.1,5.5,0.0,24605,0,63026,6,0.0,0.0,0.57,0.4,0.97,18.26,0.05,0.03,0.08,1.49,312.2,157.0,68.0,76.0,287.0,93.0,75.0,264.0,76.0,46.4,240.0,80.0,,5.0,,27,,Emmanuel,Agbadou,Agbadou,has joined Besiktas permanently.,,1100,0,0,0,29,0,0,0,1,1,0,12,156,,,,0.0,0.0,2.37,0.98,10.23,32,93,65
632,a,100.0,100.0,4.4,519,100.0,0,0.0,-1,1.0,0.1,500,177.0,11,0,1.2,436.0,157.0,0,43,0.0,574.0,234.0,0.0,2.5,0.0,6306,4,20183,15,-0.5,-0.5,0.09,0.19,0.28,12.04,0.01,0.03,0.04,1.68,110.6,329.0,124.0,50.4,331.0,113.0,18.0,380.0,133.0,18.0,368.0,129.0,,,,27,,Matt,Doherty,Doherty,,,644,0,0,1,14,0,0,0,4,0,0,9,63,,,,0.0,0.14,1.96,1.26,7.27,13,39,25
633,a,100.0,100.0,4.3,595,137.0,0,0.0,-2,2.0,0.2,358,129.0,61,0,2.5,269.0,104.0,4,243,2.0,173.0,61.0,0.5,14.2,0.0,46146,71,30887,102,1.5,1.5,0.5,2.23,2.73,25.99,0.03,0.12,0.15,1.4,395.0,97.0,45.0,446.5,32.0,2.0,132.0,189.0,44.0,97.6,70.0,15.0,2.0,,,27,,Hugo,Bueno López,H.Bueno,,,1665,1,2,3,29,0,0,0,1,0,0,18,150,,,,0.0,0.16,1.57,0.97,6.38,44,74,89
634,a,100.0,100.0,4.3,601,138.0,0,0.0,-2,2.0,0.1,477,172.0,36,0,2.0,326.0,121.0,1,142,1.7,204.0,74.0,0.4,8.4,0.0,13423,10,10621,30,1.2,1.2,1.41,0.31,1.72,24.28,0.09,0.02,0.11,1.55,279.2,188.0,78.0,102.5,245.0,70.0,174.0,138.0,27.0,55.5,208.0,68.0,,,,27,,Yerson,Mosquera Valdelamar,Mosquera,,,1406,0,0,3,27,2,0,0,9,0,0,16,150,,,,0.0,0.19,1.73,1.02,8.83,42,96,69
635,a,100.0,100.0,4.4,544,118.0,0,0.0,-1,1.0,0.1,564,203.0,20,0,1.7,374.0,139.0,0,53,1.0,257.0,94.0,0.2,4.5,0.0,9599,3,14740,5,0.5,0.5,1.1,0.29,1.39,7.57,0.17,0.05,0.22,1.18,101.0,337.0,129.0,60.1,316.0,106.0,140.0,179.0,41.0,30.3,320.0,109.0,,,,27,,Rodrigo,Martins Gomes,R.Gomes,,,575,1,0,0,10,0,0,0,0,0,0,6,48,,,,0.0,0.0,1.57,0.94,5.32,15,19,21
636,a,100.0,100.0,4.4,530,109.0,0,0.0,-1,1.0,0.1,439,163.0,62,0,3.4,129.0,48.0,2,202,2.2,151.0,53.0,0.5,14.1,0.0,27354,47,22028,53,1.7,1.7,1.61,1.03,2.64,25.36,0.09,0.06,0.15,1.46,377.4,105.0,48.0,97.3,249.0,72.0,126.0,204.0,50.0,60.0,188.0,61.0,,,,27,,Santiago,Ignacio Bueno,S.Bueno,,,1562,2,2,3,29,0,0,0,3,0,0,17,145,,,,0.0,0.17,1.67,0.98,7.43,38,91,37
637,d,75.0,75.0,4.2,641,152.0,0,0.0,-3,3.0,0.1,521,185.0,20,0,1.5,403.0,145.0,0,74,0.0,535.0,226.0,0.0,4.8,0.0,6893,1,19427,3,-0.4,-0.4,0.04,0.21,0.25,17.96,0.0,0.02,0.02,1.7,212.2,243.0,96.0,77.4,284.0,92.0,29.0,351.0,115.0,31.9,312.0,105.0,,,,27,,Toti,Gomes,Toti,Lack of match fitness - 75% chance of playing,,949,0,0,0,25,0,0,0,1,1,0,12,106,,,,0.0,0.0,2.37,1.14,7.97,14,70,37
638,u,0.0,0.0,3.8,794,243.0,0,0.0,-2,2.0,1.0,192,72.0,10,0,1.2,433.0,154.0,0,38,0.0,404.0,154.0,0.0,2.6,0.0,121813,0,255722,119,0.0,0.0,0.02,0.36,0.38,9.36,0.0,0.08,0.08,1.99,101.4,336.0,128.0,87.8,264.0,84.0,13.0,387.0,138.0,20.3,360.0,124.0,,,,27,,Ki-Jana,Hoever,Hoever,has joined Sheffield United on loan for the rest of the season.,,423,0,0,0,13,0,0,0,0,0,0,6,46,,,,0.0,0.0,2.77,1.28,8.51,13,27,16
639,u,0.0,0.0,4.0,712,190.0,0,0.0,0,0.0,0.0,760,259.0,0,0,0.0,614.0,230.0,0,0,0.0,504.0,203.0,0.0,0.0,0.0,0,0,871,0,0.0,0.0,0.0,0.0,0.0,0.0,0.0,0.0,0.0,0.0,0.0,603.0,229.0,0.0,596.0,229.0,0.0,564.0,224.0,0.0,606.0,229.0,,,,27,,Bastien,Meupiyou Menadjou,Meupiyou,On loan to FC Alverca,,0,0,0,0,0,0,0,0,0,0,0,0,0,,,,0.0,0.0,0.0,0.0,0.0,0,0,0
640,a,100.0,100.0,4.0,732,209.0,0,0.0,0,0.0,0.4,288,108.0,3,0,1.0,457.0,169.0,0,5,0.3,349.0,122.0,0.1,0.8,0.0,9598,7,88671,20,-0.2,-0.2,0.0,0.0,0.0,0.79,0.0,0.0,0.0,23.7,0.2,499.0,178.0,0.5,469.0,173.0,2.0,436.0,162.0,0.2,499.0,177.0,,,,27,,Pedro,Cardoso de Lima,Pedro Lima,,,3,0,0,0,1,0,0,0,0,0,0,0,0,,,,0.0,0.0,30.0,0.0,0.0,0,0,1
641,u,0.0,0.0,3.9,771,225.0,0,0.0,-1,1.0,1.0,193,73.0,0,0,0.0,561.0,204.0,0,0,0.0,448.0,175.0,0.0,0.0,0.0,85684,0,144591,73,0.0,0.0,0.0,0.0,0.0,0.0,0.0,0.0,0.0,0.0,0.0,550.0,203.0,0.0,540.0,203.0,0.0,505.0,195.0,0.0,553.0,203.0,,,,27,,Alfie,Pond,Pond,has joined Crewe Alexandra on loan for the rest of the season.,,0,0,0,0,0,0,0,0,0,0,0,0,0,,,,0.0,0.0,0.0,0.0,0.0,0,0,0
642,i,0.0,0.0,5.6,125,77.0,0,0.0,-4,4.0,0.1,451,154.0,44,0,2.2,308.0,136.0,0,125,0.8,292.0,128.0,0.1,7.9,0.0,48380,0,57558,70,0.0,0.0,2.1,0.92,3.02,17.67,0.17,0.07,0.24,1.39,132.2,308.0,140.0,152.8,188.0,126.0,145.0,172.0,98.0,42.4,261.0,129.0,,,3.0,27,,Hwang,Hee-chan,Hee Chan,Calf injury - Unknown return date,,1144,2,1,2,22,0,0,0,3,0,0,15,68,,,,0.0,0.16,1.73,1.18,5.35,8,22,38
643,a,100.0,100.0,5.2,216,134.0,0,0.0,-3,3.0,0.1,537,196.0,55,0,2.3,295.0,128.0,1,289,1.0,270.0,119.0,0.2,10.6,0.0,12612,9,17064,12,0.5,0.5,0.23,0.68,0.91,29.2,0.01,0.03,0.04,1.48,252.6,207.0,89.0,209.1,136.0,95.0,19.0,378.0,192.0,48.0,236.0,119.0,,,,27,,André,Trindade da Costa Neto,André,,,1772,0,0,1,35,0,0,0,8,0,0,19,244,,,,0.0,0.05,1.78,0.97,12.39,52,61,131
644,a,100.0,100.0,5.1,230,142.0,0,0.0,-4,4.0,0.0,601,228.0,28,0,1.6,390.0,173.0,0,131,0.5,319.0,145.0,0.1,5.5,0.0,5033,8,11096,8,0.0,0.0,0.82,0.62,1.44,15.17,0.09,0.07,0.16,1.69,124.0,314.0,143.0,125.1,209.0,139.0,99.0,232.0,128.0,34.4,299.0,148.0,3.0,4.0,,27,,Jean-Ricner,Bellegarde,Bellegarde,,,810,1,0,1,23,0,0,0,3,0,0,10,69,,,,0.0,0.11,2.56,1.11,7.67,21,21,27
645,u,0.0,0.0,5.1,240,147.0,0,0.0,-4,4.0,0.0,653,262.0,12,0,1.3,430.0,194.0,0,38,0.0,762.0,330.0,0.0,2.4,0.0,1383,0,4873,4,0.0,0.0,0.16,0.61,0.77,3.98,0.06,0.24,0.3,1.57,29.0,429.0,190.0,61.0,313.0,177.0,37.0,335.0,176.0,12.4,395.0,183.0,,,,27,,Fer,López González,Fer López,has joined Celta Vigo on loan for the rest of the season.,,228,0,1,0,9,0,0,0,1,0,0,2,12,,,,0.0,0.0,3.55,0.79,4.74,1,1,10
646,a,100.0,100.0,5.3,199,124.0,0,0.0,-2,2.0,0.3,318,107.0,67,0,2.7,242.0,100.0,1,342,2.2,161.0,73.0,0.4,12.6,0.0,54957,25,34349,244,1.7,1.7,0.83,1.32,2.15,32.35,0.04,0.06,0.1,1.44,324.8,146.0,51.0,278.6,93.0,68.0,125.0,207.0,113.0,73.3,132.0,72.0,,,,27,,João Victor,Gomes da Silva,J.Gomes,,,2024,0,0,3,39,0,0,0,8,0,0,23,284,,,,0.0,0.13,1.73,1.02,12.63,75,69,140
647,u,0.0,0.0,5.5,140,86.0,0,0.0,0,0.0,0.0,790,348.0,0,0,0.0,803.0,357.0,0,0,0.0,786.0,347.0,0.0,0.0,0.0,0,0,796,0,0.0,0.0,0.0,0.0,0.0,0.0,0.0,0.0,0.0,0.0,0.0,803.0,357.0,0.0,802.0,357.0,0.0,800.0,356.0,0.0,803.0,357.0,,,,27,,Gonçalo Manuel,Ganchinho Guedes,Guedes,Has joined Real Sociedad permanently.,,0,0,0,0,0,0,0,0,0,0,0,0,0,,,,0.0,0.0,0.0,0.0,0.0,0,0,0
649,u,0.0,0.0,5.0,263,160.0,0,0.0,0,0.0,0.0,812,362.0,0,0,0.0,782.0,342.0,0,0,0.0,745.0,317.0,0.0,0.0,0.0,0,0,161,0,0.0,0.0,0.0,0.0,0.0,0.0,0.0,0.0,0.0,0.0,0.0,781.0,341.0,0.0,780.0,342.0,0.0,776.0,340.0,0.0,782.0,342.0,,,,27,,Boubacar,Traoré,B.Traore,Has joined FC Metz on loan for the rest of the season.,,0,0,0,0,0,0,0,0,0,0,0,0,0,,,,0.0,0.0,0.0,0.0,0.0,0,0,0
650,u,0.0,0.0,4.3,598,350.0,0,0.0,-2,2.0,0.2,367,122.0,2,0,1.0,461.0,202.0,0,4,0.0,554.0,184.0,0.0,0.5,0.0,30885,0,47525,29,0.0,0.0,0.0,0.0,0.0,0.5,0.0,0.0,0.0,1.8,3.2,476.0,219.0,0.3,477.0,231.0,0.0,606.0,227.0,0.4,487.0,224.0,,,,27,,Tawanda,Chirewa,Chirewa,has joined Barnsley on loan for the rest of the season.,,25,0,0,0,0,0,0,0,0,0,0,0,4,,,,0.0,0.0,0.0,0.0,14.4,2,1,1
651,a,,,4.3,615,361.0,0,0.0,-2,2.0,0.4,281,99.0,6,0,6.0,4.0,2.0,0,22,1.0,256.0,111.0,0.2,1.4,0.0,58579,179,63944,25,0.5,0.5,0.17,0.0,0.17,0.2,2.55,0.0,2.55,3.0,34.4,417.0,185.0,0.1,483.0,234.0,17.0,382.0,193.0,5.2,440.0,198.0,,,,27,,Tom,Edozie,Edozie,,,6,1,0,0,0,0,0,0,0,0,0,0,0,,,,0.0,0.0,0.0,0.0,0.0,0,0,0
653,u,0.0,0.0,4.5,424,254.0,0,0.0,0,0.0,0.0,660,266.0,0,0,0.0,695.0,272.0,0,0,0.0,619.0,221.0,0.0,0.0,0.0,0,0,5738,4,0.0,0.0,0.0,0.0,0.0,0.0,0.0,0.0,0.0,0.0,0.0,688.0,266.0,0.0,684.0,270.0,0.0,665.0,262.0,0.0,691.0,269.0,,,,27,,Joe,Hodge,Hodge,Signed by CD Tondela,,0,0,0,0,0,0,0,0,0,0,0,0,0,,,,0.0,0.0,0.0,0.0,0.0,0,0,0
655,u,0.0,0.0,4.9,329,61.0,0,0.0,-1,1.0,0.2,397,62.0,0,0,0.0,772.0,85.0,0,0,0.0,729.0,77.0,0.0,0.0,0.0,7178,0,55245,1,0.0,0.0,0.0,0.0,0.0,0.0,0.0,0.0,0.0,0.0,0.0,771.0,85.0,0.0,768.0,84.0,0.0,762.0,84.0,0.0,772.0,85.0,,,,27,,Fábio,Soares Silva,Fábio Silva,has joined Borussia Dortmund permanently.,,0,0,0,0,0,0,0,0,0,0,0,0,0,,,,0.0,0.0,0.0,0.0,0.0,0,0,0
656,u,0.0,0.0,4.9,322,59.0,0,0.0,-1,1.0,0.0,587,80.0,1,0,1.0,489.0,59.0,0,1,0.0,723.0,76.0,0.0,0.2,0.0,1691,0,10115,3,0.0,0.0,0.0,0.01,0.01,0.1,0.0,0.06,0.06,0.64,1.0,494.0,61.0,4.3,441.0,57.0,2.0,447.0,61.0,0.7,482.0,61.0,,,,27,,Saša,Kalajdžić,Kalajdžić,has joined LASK on loan for the rest of the season.,,14,0,0,0,0,0,0,0,0,0,0,0,2,,,,0.0,0.0,0.0,0.0,12.86,0,1,1
720,a,,,5.4,177,44.0,0,0.0,-1,1.0,0.2,350,58.0,49,0,2.1,319.0,37.0,4,151,2.5,129.0,19.0,0.5,9.1,0.0,60124,61,33309,194,2.0,2.0,2.94,0.31,3.25,17.16,0.24,0.03,0.27,1.42,143.4,296.0,28.0,137.6,198.0,18.0,364.0,47.0,19.0,63.8,169.0,20.0,,2.0,,27,,Tolu,Arokodare,Tolu,,,1086,2,1,3,23,0,0,0,1,0,0,11,55,,,,0.0,0.25,1.91,0.91,4.56,6,28,21
749,a,,,4.6,404,66.0,0,0.0,1,-1.0,2.8,111,18.0,46,0,2.9,204.0,20.0,6,188,1.7,205.0,29.0,0.4,10.0,0.0,516903,552,164021,1701,1.2,1.2,1.23,1.32,2.55,17.53,0.11,0.12,0.23,1.6,199.0,251.0,22.0,187.5,154.0,11.0,185.0,131.0,31.0,57.1,201.0,24.0,,,,27,,Mateus,Mané,Mané,,,986,2,2,3,17,0,0,0,0,0,0,10,75,,,,0.0,0.27,1.55,0.91,6.85,16,19,40
809,a,,,4.5,515,319.0,0,0.0,0,0.0,0.0,766,330.0,0,0,0.0,752.0,320.0,0,0,0.0,690.0,279.0,0.0,0.0,0.0,657,9,137,1,-0.5,-0.5,0.0,0.0,0.0,0.0,0.0,0.0,0.0,0.0,0.0,751.0,319.0,0.0,746.0,320.0,0.0,733.0,317.0,0.0,752.0,320.0,,,,27,,Jerome,Abbey,Abbey,,,0,0,0,0,0,0,0,0,0,0,0,0,0,,,,0.0,0.0,0.0,0.0,0.0,0,0,0
816,a,100.0,100.0,5.0,249,151.0,0,0.0,0,0.0,0.0,669,271.0,6,0,2.0,331.0,145.0,0,42,1.5,217.0,92.0,0.3,1.2,0.0,3993,6,1256,22,1.0,1.0,0.05,0.07,0.12,6.4,0.03,0.04,0.07,3.27,32.4,420.0,186.0,37.7,354.0,187.0,10.0,399.0,199.0,8.0,420.0,192.0,,,,27,,Angel,Gomes,Angel,,,176,0,0,1,4,0,0,0,0,0,0,3,15,,,,0.0,0.51,2.05,1.53,7.67,4,4,7
