id,first_name,second_name,web_name,status,news,news_added,now_cost,now_cost_rank,now_cost_rank_type,selected_by_percent,selected_rank,selected_rank_type,form,form_rank,form_rank_type,event_points,cost_change_event,cost_change_event_fall,cost_change_start,cost_change_start_fall,transfers_in_event,transfers_out_event,value_form,value_season,ep_next,ep_this,points_per_game,points_per_game_rank,points_per_game_rank_type,chance_of_playing_next_round,chance_of_playing_this_round,influence_rank,influence_rank_type,creativity_rank,creativity_rank_type,threat_rank,threat_rank_type,ict_index_rank,ict_index_rank_type,corners_and_indirect_freekicks_order,direct_freekicks_order,penalties_order,set_piece_threat,corners_and_indirect_freekicks_text,direct_freekicks_text,penalties_text,expected_goals_per_90,expected_assists_per_90,expected_goal_involvements_per_90,expected_goals_conceded_per_90,saves_per_90,clean_sheets_per_90,goals_conceded_per_90,starts_per_90,defensive_contribution_per_90,gw,total_points,minutes,goals_scored,assists,clean_sheets,goals_conceded,own_goals,penalties_saved,penalties_missed,yellow_cards,red_cards,saves,starts,bonus,bps,transfers_in,transfers_out,dreamteam_count,expected_goals,expected_assists,expected_goal_involvements,expected_goals_conceded,influence,creativity,threat,ict_index,tackles,clearances_blocks_interceptions,recoveries,defensive_contribution
6,William,Saliba,Saliba,a,,,6.1,84,4.0,13.9,26,10.0,2.5,130.0,43.0,0,0,0.0,1,-1.0,965,3591,0.4,13.8,3.0,3.5,3.8,91.0,33.0,100.0,100.0,126.0,57.0,213.0,53.0,345.0,112.0,227.0,74.0,,,,,,,,0.02,0.03,0.05,0.61,0.0,0.5,0.7,1.05,6.19,27,0,0,0,0,0,0,0,0,0,0,0,0,0,0,0,1252,5993,0.0,0.0,0.0,0.0,0.0,0.0,0.0,0.0,0.0,0,0,0,0
26,Martín,Zubimendi Ibáñez,Zubimendi,a,,,5.3,201,125.0,5.5,66,23.0,4.5,30.0,15.0,0,0,0.0,-2,2.0,938,2438,0.8,20.2,5.0,5.5,4.0,70.0,31.0,100.0,100.0,52.0,14.0,75.0,56.0,96.0,59.0,51.0,35.0,,,,,,,,0.1,0.07,0.17,0.69,0.0,0.52,0.72,1.03,9.22,27,0,0,0,0,0,0,0,0,0,0,0,0,0,0,0,1557,4943,0.0,0.0,0.0,0.0,0.0,0.0,0.0,0.0,0.0,0,0,0,0
699,Douglas Luiz,Soares de Paulo,Douglas Luiz,a,,,4.9,317,197.0,0.1,481,168.0,1.8,192.0,82.0,2,0,0.0,-1,1.0,67,33,0.4,4.1,2.3,1.8,1.7,379.0,166.0,100.0,100.0,346.0,153.0,148.0,102.0,310.0,162.0,301.0,149.0,,,,,,,,0.03,0.17,0.2,1.15,0.0,0.14,1.39,1.25,10.82,27,2,86,0,0,0,1,0,0,0,0,0,0,1,0,22,154,48,0.0,0.0,0.18999999999999995,0.18999999999999995,1.3500000000000005,0.0,0.0,0.0,0.0,4,1,5,10
188,Hannes,Delcroix,Delcroix,u,has joined Lugano permanently.,,3.8,790,239.0,0.2,359,130.0,0.0,402.0,152.0,0,0,0.0,-2,2.0,0,28,0.0,0.0,0.0,0.0,0.0,520.0,186.0,0.0,0.0,509.0,185.0,496.0,183.0,460.0,174.0,512.0,185.0,,,,,,,,0.0,0.0,0.0,0.0,0.0,0.0,0.0,0.0,0.0,27,0,0,0,0,0,0,0,0,0,0,0,0,0,0,0,0,34,0.0,0.0,0.0,0.0,0.0,0.0,0.0,0.0,0.0,0,0,0,0
189,Owen,Dodgson,Dodgson,u,Has joined Stockport County on loan for the rest of the season.,,4.0,681,172.0,0.0,722,250.0,0.0,477.0,189.0,0,0,0.0,0,0.0,0,0,0.0,0.0,0.0,0.0,0.0,589.0,218.0,0.0,0.0,578.0,217.0,571.0,217.0,538.0,211.0,581.0,217.0,,,,,,,,0.0,0.0,0.0,0.0,0.0,0.0,0.0,0.0,0.0,27,0,0,0,0,0,0,0,0,0,0,0,0,0,0,0,0,0,0.0,0.0,0.0,0.0,0.0,0.0,0.0,0.0,0.0,0,0,0,0
197,Oliver,Sonne,Sonne,u,has joined Sparta Prague on loan for the rest of the season.,,3.8,801,250.0,0.2,363,133.0,0.0,411.0,161.0,0,0,0.0,-2,2.0,0,41,0.0,3.4,0.0,0.0,1.9,337.0,125.0,0.0,0.0,405.0,152.0,391.0,141.0,349.0,114.0,410.0,147.0,,,,,,,,0.3,0.04,0.34,2.08,0.0,0.0,2.2,0.55,3.84,27,0,0,0,0,0,0,0,0,0,0,0,0,0,0,0,0,68,0.0,0.0,0.0,0.0,0.0,0.0,0.0,0.0,0.0,0,0,0,0
198,Axel,Tuanzebe,Tuanzebe,i,Achilles injury - Expected back 14 Mar,,3.9,748,214.0,1.0,196,76.0,1.0,255.0,93.0,0,0,0.0,-1,1.0,1,121,0.3,6.9,0.0,0.0,2.5,263.0,100.0,0.0,0.0,224.0,87.0,424.0,152.0,306.0,96.0,324.0,112.0,,,,,,,,0.06,0.01,0.07,2.41,0.0,0.1,2.13,1.06,9.38,27,0,0,0,0,0,0,0,0,0,0,0,0,0,0,0,3,187,0.0,0.0,0.0,0.0,0.0,0.0,0.0,0.0,0.0,0,0,0,0
199,Joe,Worrall,Worrall,a,,,3.8,786,235.0,0.2,408,149.0,1.4,220.0,80.0,4,0,0.0,-2,2.0,90,7,0.4,3.7,0.9,0.4,1.8,354.0,129.0,100.0,100.0,380.0,145.0,463.0,171.0,425.0,157.0,427.0,153.0,,,,,,,,0.0,0.01,0.01,2.09,0.0,0.0,1.62,0.81,12.66,27,4,90,0,0,0,1,0,0,0,0,0,0,1,0,12,119,11,0.0,0.0,0.0,0.0,1.9900000000000002,0.0,0.0,0.0,0.0,1,10,1,11
211,Aaron,Ramsey,A.Ramsey,u,has joined Leicester City on loan for the rest of the season.,,4.4,540,322.0,1.4,158,51.0,0.0,584.0,200.0,0,0,0.0,-1,1.0,0,45,0.0,0.0,0.0,0.0,0.0,668.0,256.0,0.0,0.0,657.0,246.0,654.0,252.0,631.0,241.0,660.0,249.0,,,,,,,,0.0,0.0,0.0,0.0,0.0,0.0,0.0,0.0,0.0,27,0,0,0,0,0,0,0,0,0,0,0,0,0,0,0,0,62,0.0,0.0,0.0,0.0,0.0,0.0,0.0,0.0,0.0,0,0,0,0
807,Rayan Vitor,Simplício Rocha,Rayan,a,,,5.5,152,94.0,1.6,153,49.0,5.5,13.0,7.0,3,0,0.0,0,0.0,5413,240,1.0,4.0,5.5,5.5,5.5,8.0,6.0,,,351.0,155.0,306.0,174.0,274.0,148.0,352.0,169.0,,,,,,,,0.25,0.25,0.5,2.2,0.0,0.31,0.62,0.94,4.38,27,3,90,0,0,1,0,0,0,0,0,0,0,1,0,6,9627,374,0.0,0.30000000000000004,0.09000000000000008,0.3900000000000001,2.87,0.0,0.0,0.0,0.0,2,1,2,5
132,Paris,Maghoma,Maghoma,u,has joined Norwich City permanently.,,4.5,421,253.0,0.0,670,272.0,0.0,616.0,220.0,0,0,0.0,0,0.0,0,5,0.0,0.0,0.0,0.0,0.0,693.0,271.0,0.0,0.0,686.0,265.0,682.0,269.0,662.0,261.0,689.0,268.0,,,,,,,,0.0,0.0,0.0,0.0,0.0,0.0,0.0,0.0,0.0,27,0,0,0,0,0,0,0,0,0,0,0,0,0,0,0,0,7,0.0,0.0,0.0,0.0,0.0,0.0,0.0,0.0,0.0,0,0,0,0
148,Ferdi,Kadıoğlu,F.Kadıoğlu,a,,,4.4,529,108.0,0.3,299,110.0,3.0,91.0,35.0,8,0,0.0,-1,1.0,136,52,0.7,16.6,3.0,3.0,2.8,215.0,83.0,,,135.0,61.0,71.0,16.0,157.0,33.0,110.0,35.0,2.0,,,,,,,0.06,0.09,0.15,1.4,0.0,0.25,1.22,0.97,4.92,27,8,90,0,1,1,0,0,0,0,1,0,0,1,0,27,181,118,0.0,0.020000000000000018,0.029999999999999805,0.04999999999999982,1.740000000000002,0.0,0.0,0.0,0.0,1,5,7,6
149,Igor Julio,dos Santos de Paulo,Igor,a,,,4.5,422,81.0,0.1,525,187.0,0.0,617.0,243.0,0,0,0.0,0,0.0,16,8,0.0,1.3,0.0,0.0,1.5,407.0,148.0,100.0,100.0,434.0,162.0,413.0,150.0,663.0,254.0,453.0,163.0,,,,,,,,0.0,0.0,0.0,4.07,0.0,0.0,2.62,0.87,11.36,27,0,0,0,0,0,0,0,0,0,0,0,0,0,0,0,18,9,0.0,0.0,0.0,0.0,0.0,0.0,0.0,0.0,0.0,0,0,0,0
175,Joe,Knight,Knight,u,has joined Stevenage permanently.,,4.4,559,335.0,0.1,529,191.0,0.0,598.0,211.0,0,0,0.0,-1,1.0,0,10,0.0,0.2,0.0,0.0,1.0,469.0,209.0,0.0,0.0,671.0,257.0,667.0,262.0,646.0,253.0,674.0,260.0,,,,,,,,0.0,0.0,0.0,0.0,0.0,0.0,0.0,0.0,0.0,27,0,0,0,0,0,0,0,0,0,0,0,0,0,0,0,0,13,0.0,0.0,0.0,0.0,0.0,0.0,0.0,0.0,0.0,0,0,0,0
223,Gabriel,Słonina,Slonina,a,,,3.9,761,82.0,0.1,462,70.0,0.0,439.0,41.0,0,0,0.0,-1,1.0,1,5,0.0,0.0,-0.5,1.0,0.0,553.0,50.0,,,542.0,50.0,532.0,35.0,497.0,21.0,545.0,50.0,,,,,,,,0.0,0.0,0.0,0.0,0.0,0.0,0.0,0.0,0.0,27,0,0,0,0,0,0,0,0,0,0,0,0,0,0,0,2,7,0.0,0.0,0.0,0.0,0.0,0.0,0.0,0.0,0.0,0,0,0,0
224,Marc,Cucurella Saseta,Cucurella,i,Hamstring injury - Unknown return date,,6.1,81,3.0,15.4,22,8.0,3.2,86.0,33.0,0,0,0.0,1,-1.0,20,13500,0.5,14.8,0.0,0.0,3.8,90.0,32.0,0.0,0.0,77.0,33.0,47.0,5.0,122.0,22.0,63.0,11.0,,,,,,,,0.08,0.13,0.21,1.32,0.0,0.43,1.0,1.05,6.68,27,0,0,0,0,0,0,0,0,0,0,0,0,0,0,0,27,19597,0.0,0.0,0.0,0.0,0.0,0.0,0.0,0.0,0.0,0,0,0,0
225,Reece,James,James,a,,,5.6,128,13.0,8.3,44,15.0,2.6,122.0,42.0,6,0,0.0,1,-1.0,1276,1710,0.5,18.4,2.1,3.6,4.3,46.0,18.0,100.0,100.0,91.0,41.0,42.0,3.0,250.0,70.0,86.0,21.0,2.0,2.0,,,,,,0.05,0.13,0.18,1.38,0.0,0.44,0.89,0.94,6.16,27,6,88,0,0,1,0,0,0,0,0,0,0,1,0,26,2495,2610,0.0,0.0,0.020000000000000018,0.020000000000000018,0.5600000000000023,0.0,0.0,0.0,0.0,3,3,1,6
226,Trevoh,Chalobah,Chalobah,a,,,5.8,106,8.0,23.8,14,4.0,3.2,84.0,32.0,2,0,0.0,8,-8.0,2382,21695,0.6,21.7,2.7,4.2,4.8,20.0,6.0,100.0,100.0,16.0,7.0,258.0,79.0,173.0,38.0,97.0,26.0,,,,,,,,0.04,0.03,0.07,1.3,0.0,0.36,1.18,1.03,9.24,27,2,90,0,0,0,1,0,0,0,0,0,0,1,0,14,4893,23774,0.0,0.0,0.010000000000000009,0.010000000000000009,0.8499999999999979,0.0,0.0,0.0,0.0,1,8,6,9
227,Levi,Samuels Colwill,Colwill,i,Anterior cruciate ligament - Unknown return date,,4.7,388,66.0,0.1,470,171.0,0.0,696.0,250.0,0,0,0.0,-3,3.0,1,2,0.0,0.0,0.0,0.0,0.0,755.0,259.0,0.0,0.0,754.0,259.0,750.0,259.0,741.0,259.0,755.0,259.0,,,,,,,,0.0,0.0,0.0,0.0,0.0,0.0,0.0,0.0,0.0,27,0,0,0,0,0,0,0,0,0,0,0,0,0,0,0,1,2,0.0,0.0,0.0,0.0,0.0,0.0,0.0,0.0,0.0,0,0,0,0
712,Yéremy,Pino Santos,Yeremy,a,,,5.8,110,69.0,0.2,361,120.0,0.8,296.0,132.0,0,0,0.0,-2,2.0,25,106,0.1,10.5,0.3,1.3,2.5,276.0,117.0,100.0,100.0,200.0,82.0,17.0,17.0,64.0,39.0,44.0,31.0,1.0,1.0,,,,,,0.2,0.26,0.46,1.22,0.0,0.33,1.11,1.11,7.09,27,0,0,0,0,0,0,0,0,0,0,0,0,0,0,0,52,170,0.0,0.0,0.0,0.0,0.0,0.0,0.0,0.0,0.0,0,0,0,0
723,Jaydee,Canvot,Canvot,a,,,4.5,510,97.0,0.0,647,227.0,0.0,685.0,248.0,0,0,0.0,0,0.0,2,9,0.0,6.0,-0.5,0.5,3.0,188.0,76.0,100.0,100.0,341.0,130.0,432.0,156.0,397.0,144.0,397.0,142.0,,,,,,,,0.01,0.03,0.04,1.96,0.0,0.51,1.53,0.77,13.3,27,0,0,0,0,0,0,0,0,0,0,0,0,0,0,0,7,12,0.0,0.0,0.0,0.0,0.0,0.0,0.0,0.0,0.0,0,0,0,0
732,Christantus,Uche,Uche,a,,,5.5,155,41.0,0.1,579,79.0,0.6,314.0,43.0,0,0,0.0,0,0.0,13,11,0.1,2.9,0.1,1.1,1.2,442.0,54.0,,,452.0,53.0,434.0,56.0,275.0,48.0,421.0,52.0,,,,,,,,0.23,0.01,0.24,2.65,0.0,0.0,2.4,0.0,7.2,27,0,0,0,0,0,0,0,0,0,0,0,0,0,0,0,18,15,0.0,0.0,0.0,0.0,0.0,0.0,0.0,0.0,0.0,0,0,0,0
762,Joél,Drakes-Thomas,Drakes-Thomas,a,,,4.5,513,317.0,0.0,777,337.0,0.0,688.0,277.0,0,0,0.0,0,0.0,2,2,0.0,0.4,-0.5,0.5,1.0,484.0,222.0,,,487.0,225.0,465.0,223.0,731.0,315.0,495.0,229.0,,,,,,,,0.0,0.0,0.0,9.39,0.0,0.0,12.86,0.0,38.57,27,0,0,0,0,0,0,0,0,0,0,0,0,0,0,0,2,2,0.0,0.0,0.0,0.0,0.0,0.0,0.0,0.0,0.0,0,0,0,0
793,George,King,King,a,,,4.0,721,198.0,0.0,721,249.0,0.0,513.0,211.0,0,0,0.0,0,0.0,6,4,0.0,0.0,-0.5,0.5,0.0,622.0,237.0,,,611.0,236.0,604.0,236.0,572.0,231.0,614.0,236.0,,,,,,,,0.0,0.0,0.0,0.0,0.0,0.0,0.0,0.0,0.0,27,0,0,0,0,0,0,0,0,0,0,0,0,0,0,0,8,5,0.0,0.0,0.0,0.0,0.0,0.0,0.0,0.0,0.0,0,0,0,0
786,Alfie,McNally,McNally,a,,,4.0,699,60.0,0.0,759,86.0,0.0,493.0,71.0,0,0,0.0,0,0.0,0,0,0.0,0.0,0.0,0.0,0.0,604.0,79.0,,,593.0,79.0,586.0,67.0,553.0,53.0,596.0,79.0,,,,,,,,0.0,0.0,0.0,0.0,0.0,0.0,0.0,0.0,0.0,27,0,0,0,0,0,0,0,0,0,0,0,0,0,0,0,4,0,0.0,0.0,0.0,0.0,0.0,0.0,0.0,0.0,0.0,0,0,0,0
368,Ármin,Pécsi,Pécsi,a,,,3.8,810,94.0,0.8,204,25.0,0.0,417.0,25.0,0,0,0.0,-2,2.0,570,216,0.0,0.0,0.5,0.5,0.0,532.0,34.0,,,521.0,34.0,510.0,18.0,475.0,4.0,524.0,34.0,,,,,,,,0.0,0.0,0.0,0.0,0.0,0.0,0.0,0.0,0.0,27,0,0,0,0,0,0,0,0,0,0,0,0,0,0,0,886,284,0.0,0.0,0.0,0.0,0.0,0.0,0.0,0.0,0.0,0,0,0,0
421,Rodrigo 'Rodri',Hernandez Cascante,Rodrigo,a,,,6.3,68,45.0,0.5,267,93.0,3.4,71.0,36.0,4,0,0.0,-2,2.0,70,44,0.5,6.2,3.9,3.9,2.6,261.0,111.0,100.0,100.0,259.0,109.0,115.0,80.0,329.0,173.0,238.0,120.0,,,,,,,,0.02,0.11,0.13,1.21,0.0,0.28,0.92,1.02,13.13,27,4,90,0,0,0,1,0,0,0,0,0,0,1,0,29,91,58,0.0,0.0,0.050000000000000044,0.050000000000000044,0.5800000000000001,0.0,0.0,0.0,0.0,6,5,6,17
422,Mateo,Kovačić,Kovačić,i,Ankle injury - Unknown return date,,5.8,103,66.0,0.0,684,281.0,0.0,791.0,349.0,0,0,0.0,-2,2.0,0,1,0.0,0.2,0.0,0.0,1.0,501.0,236.0,0.0,0.0,479.0,221.0,467.0,225.0,804.0,358.0,496.0,230.0,,,,,,,,0.0,0.0,0.0,0.0,0.0,0.0,0.0,0.0,0.0,27,0,0,0,0,0,0,0,0,0,0,0,0,0,0,0,0,2,0.0,0.0,0.0,0.0,0.0,0.0,0.0,0.0,0.0,0,0,0,0
448,Tyrell,Malacia,Malacia,a,,,3.8,787,236.0,0.4,283,103.0,0.0,400.0,150.0,0,0,0.0,-2,2.0,7,32,0.0,0.3,0.5,0.5,1.0,447.0,160.0,,,477.0,171.0,494.0,181.0,458.0,172.0,491.0,173.0,,,,,,,,0.0,0.0,0.0,13.5,0.0,0.0,0.0,0.0,90.0,27,0,0,0,0,0,0,0,0,0,0,0,0,0,0,0,10,41,0.0,0.0,0.0,0.0,0.0,0.0,0.0,0.0,0.0,0,0,0,0
450,Matheus,Santos Carneiro da Cunha,Cunha,a,,,8.1,15,10.0,8.1,45,15.0,4.6,29.0,14.0,0,0,0.0,1,-1.0,1190,1624,0.6,11.5,5.1,5.1,4.0,79.0,37.0,100.0,100.0,73.0,23.0,55.0,45.0,22.0,10.0,25.0,21.0,,,,,,,,0.28,0.13,0.41,1.21,0.0,0.28,1.27,1.05,7.3,27,0,0,0,0,0,0,0,0,0,0,0,0,0,0,0,1566,5388,0.0,0.0,0.0,0.0,0.0,0.0,0.0,0.0,0.0,0,0,0,0
451,Marcus,Rashford,Rashford,u,Has joined Barcelona on loan for the rest of the season,,7.0,34,20.0,0.0,697,289.0,0.0,812.0,364.0,0,0,0.0,0,0.0,0,0,0.0,0.0,0.0,0.0,0.0,815.0,365.0,0.0,0.0,815.0,365.0,815.0,365.0,815.0,365.0,815.0,365.0,,,,,,,,0.0,0.0,0.0,0.0,0.0,0.0,0.0,0.0,0.0,27,0,0,0,0,0,0,0,0,0,0,0,0,0,0,0,0,0,0.0,0.0,0.0,0.0,0.0,0.0,0.0,0.0,0.0,0,0,0,0
452,Amad,Diallo,Amad,a,,,6.2,77,51.0,1.8,143,47.0,1.6,214.0,89.0,0,0,0.0,-3,3.0,593,455,0.3,10.8,2.1,2.1,3.4,135.0,60.0,100.0,100.0,132.0,45.0,27.0,26.0,32.0,17.0,36.0,28.0,,,,,,,,0.22,0.18,0.4,1.13,0.0,0.22,1.25,1.04,7.85,27,0,0,0,0,0,0,0,0,0,0,0,0,0,0,0,894,942,0.0,0.0,0.0,0.0,0.0,0.0,0.0,0.0,0.0,0,0,0,0
771,Tyler,Fletcher,Fletcher,a,,,4.4,550,330.0,0.0,734,309.0,0.2,369.0,162.0,0,0,0.0,-1,1.0,8,3,0.0,0.2,0.7,0.7,1.0,467.0,207.0,,,498.0,228.0,464.0,222.0,638.0,248.0,503.0,231.0,,,,,,,,0.0,0.9,0.9,1.8,0.0,0.0,0.0,0.0,0.0,27,0,0,0,0,0,0,0,0,0,0,0,0,0,0,0,13,7,0.0,0.0,0.0,0.0,0.0,0.0,0.0,0.0,0.0,0,0,0,0
788,Godwill,Kukonki,Kukonki,a,,,4.0,715,193.0,0.0,749,257.0,0.0,507.0,206.0,0,0,0.0,0,0.0,4,3,0.0,0.0,0.5,0.5,0.0,616.0,232.0,,,605.0,231.0,598.0,231.0,566.0,226.0,608.0,231.0,,,,,,,,0.0,0.0,0.0,0.0,0.0,0.0,0.0,0.0,0.0,27,0,0,0,0,0,0,0,0,0,0,0,0,0,0,0,5,4,0.0,0.0,0.0,0.0,0.0,0.0,0.0,0.0,0.0,0,0,0,0
498,Joe,White,White,u,has joined Bradford City on loan for the rest of the season.,,4.5,438,262.0,0.0,765,329.0,0.0,629.0,229.0,0,0,0.0,0,0.0,0,1,0.0,0.0,0.0,0.0,0.0,703.0,279.0,0.0,0.0,696.0,273.0,694.0,277.0,676.0,270.0,699.0,276.0,,,,,,,,0.0,0.0,0.0,0.0,0.0,0.0,0.0,0.0,0.0,27,0,0,0,0,0,0,0,0,0,0,0,0,0,0,0,0,1,0.0,0.0,0.0,0.0,0.0,0.0,0.0,0.0,0.0,0,0,0,0
500,William,Osula,Osula,a,,,5.4,183,45.0,0.2,380,60.0,0.8,291.0,41.0,1,0,0.0,-1,1.0,18,9,0.1,4.1,0.8,0.3,1.6,395.0,46.0,100.0,100.0,408.0,45.0,396.0,52.0,273.0,47.0,394.0,47.0,,,,,,,,0.22,0.01,0.23,1.56,0.0,0.35,2.09,0.35,3.49,27,1,12,0,0,0,0,0,0,0,0,0,0,0,0,3,19,13,0.0,0.0,0.0,0.0,0.35999999999999943,0.0,0.0,0.0,0.0,0,0,0,0
501,Sean,Neave,Neave,a,,,4.3,617,86.0,0.3,339,57.0,0.0,569.0,57.0,0,0,0.0,-2,2.0,36,24,0.0,0.0,0.0,-0.5,0.0,657.0,67.0,,,646.0,67.0,643.0,66.0,619.0,66.0,649.0,67.0,,,,,,,,0.0,0.0,0.0,0.0,0.0,0.0,0.0,0.0,0.0,27,0,0,0,0,0,0,0,0,0,0,0,0,0,0,0,68,35,0.0,0.0,0.0,0.0,0.0,0.0,0.0,0.0,0.0,0,0,0,0
674,Aaron,Ramsdale,Ramsdale,a,,,4.8,363,14.0,0.7,225,29.0,0.0,705.0,92.0,0,0,0.0,-2,2.0,20,43,0.0,2.3,0.0,-0.5,1.6,388.0,30.0,,,345.0,27.0,422.0,10.0,746.0,83.0,402.0,26.0,,,,,,,,0.0,0.0,0.0,1.3,1.63,0.0,1.63,0.98,0.0,27,0,0,0,0,0,0,0,0,0,0,0,0,0,0,0,26,97,0.0,0.0,0.0,0.0,0.0,0.0,0.0,0.0,0.0,0,0,0,0
714,Nick,Woltemade,Woltemade,a,,,6.9,42,17.0,7.8,49,9.0,1.0,276.0,36.0,1,0,0.0,-1,1.0,603,2075,0.1,12.3,1.0,0.5,3.5,127.0,11.0,,,125.0,11.0,176.0,14.0,40.0,16.0,89.0,15.0,,,3.0,,,,,0.38,0.05,0.43,1.16,0.0,0.37,1.4,1.1,4.7,27,1,59,0,0,0,2,0,0,0,0,0,0,1,0,2,700,4303,0.0,0.0,0.010000000000000009,0.010000000000000675,0.7899999999999991,0.0,0.0,0.0,0.0,2,0,3,5
511,Felipe,Rodrigues da Silva,Morato,a,,,4.3,591,135.0,0.1,509,182.0,2.6,116.0,41.0,0,0,0.0,-2,2.0,8,6,0.6,7.9,2.6,2.1,2.4,282.0,108.0,,,225.0,88.0,386.0,137.0,295.0,90.0,319.0,108.0,,,,,,,,0.08,0.01,0.09,1.35,0.0,0.19,1.63,0.96,9.41,27,0,0,0,0,0,0,0,0,0,0,0,0,0,0,0,11,11,0.0,0.0,0.0,0.0,0.0,0.0,0.0,0.0,0.0,0,0,0,0
512,Omar,Richards,O.Richards,u,has joined Rio Ave on loan for the rest of the season.,,4.5,418,78.0,0.0,682,236.0,0.0,615.0,242.0,0,0,0.0,0,0.0,0,0,0.0,0.0,0.0,0.0,0.0,692.0,255.0,0.0,0.0,685.0,254.0,681.0,254.0,661.0,253.0,688.0,254.0,,,,,,,,0.0,0.0,0.0,0.0,0.0,0.0,0.0,0.0,0.0,27,0,0,0,0,0,0,0,0,0,0,0,0,0,0,0,0,0,0.0,0.0,0.0,0.0,0.0,0.0,0.0,0.0,0.0,0,0,0,0
514,Willy,Boly,Boly,i,Knee injury - Unknown return date,,3.8,783,233.0,0.4,287,107.0,0.0,397.0,148.0,0,0,0.0,-2,2.0,13,65,0.0,0.0,0.0,0.0,0.0,517.0,184.0,0.0,0.0,505.0,182.0,491.0,179.0,455.0,170.0,508.0,182.0,,,,,,,,0.0,0.0,0.0,0.0,0.0,0.0,0.0,0.0,0.0,27,0,0,0,0,0,0,0,0,0,0,0,0,0,0,0,20,93,0.0,0.0,0.0,0.0,0.0,0.0,0.0,0.0,0.0,0,0,0,0
528,Anthony,Patterson,Patterson,u,has joined Millwall on loan for the rest of the season.,,4.2,633,34.0,0.2,402,60.0,0.0,532.0,82.0,0,0,0.0,-3,3.0,0,13,0.0,0.0,0.0,0.0,0.0,635.0,88.0,0.0,0.0,625.0,88.0,619.0,78.0,591.0,65.0,628.0,88.0,,,,,,,,0.0,0.0,0.0,0.0,0.0,0.0,0.0,0.0,0.0,27,0,0,0,0,0,0,0,0,0,0,0,0,0,0,0,0,17,0.0,0.0,0.0,0.0,0.0,0.0,0.0,0.0,0.0,0,0,0,0
529,Simon,Moore,Moore,a,,,3.9,739,69.0,0.4,290,38.0,0.0,422.0,28.0,0,0,0.0,-1,1.0,6,10,0.0,0.0,0.0,0.0,0.0,537.0,37.0,,,526.0,37.0,516.0,22.0,481.0,8.0,529.0,37.0,,,,,,,,0.0,0.0,0.0,0.0,0.0,0.0,0.0,0.0,0.0,27,0,0,0,0,0,0,0,0,0,0,0,0,0,0,0,12,22,0.0,0.0,0.0,0.0,0.0,0.0,0.0,0.0,0.0,0,0,0,0
530,Blondy,Nna Noukeu,Nna Noukeu,u,has joined US Boulogne CO permanently.,,3.9,767,86.0,0.1,453,67.0,0.0,444.0,45.0,0,0,0.0,-1,1.0,0,10,0.0,0.0,0.0,0.0,0.0,557.0,54.0,0.0,0.0,546.0,54.0,536.0,39.0,501.0,25.0,549.0,54.0,,,,,,,,0.0,0.0,0.0,0.0,0.0,0.0,0.0,0.0,0.0,27,0,0,0,0,0,0,0,0,0,0,0,0,0,0,0,0,14,0.0,0.0,0.0,0.0,0.0,0.0,0.0,0.0,0.0,0,0,0,0
540,Timothée,Pembélé,Pembele,u,has joined Le Havre AC on loan for the rest of the season.,,3.9,760,221.0,0.3,323,118.0,0.0,438.0,172.0,0,0,0.0,-1,1.0,0,20,0.0,0.0,0.0,0.0,0.0,552.0,202.0,0.0,0.0,541.0,201.0,531.0,201.0,496.0,193.0,544.0,201.0,,,,,,,,0.0,0.0,0.0,0.0,0.0,0.0,0.0,0.0,0.0,27,0,0,0,0,0,0,0,0,0,0,0,0,0,0,0,0,32,0.0,0.0,0.0,0.0,0.0,0.0,0.0,0.0,0.0,0,0,0,0
541,Reinildo,Mandava,Reinildo,i,Knee injury - Expected back 22 Mar,,3.8,791,240.0,3.2,104,40.0,2.4,133.0,45.0,0,0,0.0,-2,2.0,65,1845,0.6,13.4,0.0,0.0,3.0,182.0,70.0,0.0,0.0,183.0,75.0,255.0,76.0,332.0,107.0,265.0,90.0,,,,,,,,0.01,0.03,0.04,1.26,0.0,0.25,1.26,1.07,7.69,27,0,0,0,0,0,0,0,0,0,0,0,0,0,0,0,103,2543,0.0,0.0,0.0,0.0,0.0,0.0,0.0,0.0,0.0,0,0,0,0
694,Nordi,Mukiele,Mukiele,a,,,4.6,398,67.0,14.2,24,9.0,3.2,78.0,30.0,0,0,0.0,6,-6.0,3464,1773,0.7,24.8,3.2,3.2,4.8,18.0,5.0,,,33.0,13.0,92.0,22.0,178.0,40.0,68.0,14.0,,,,,,,,0.04,0.08,0.12,1.49,0.0,0.29,1.17,1.0,9.41,27,0,0,0,0,0,0,0,0,0,0,0,0,0,0,0,6460,2391,0.0,0.0,0.0,0.0,0.0,0.0,0.0,0.0,0.0,0,0,0,0
724,Lutsharel,Geertruida,Geertruida,a,,,4.5,425,83.0,0.0,597,213.0,0.6,304.0,106.0,0,0,0.0,0,0.0,9,10,0.1,7.8,0.6,0.6,1.8,363.0,135.0,,,271.0,109.0,259.0,80.0,337.0,109.0,323.0,111.0,,,,,,,,0.03,0.05,0.08,1.91,0.0,0.18,1.34,0.89,5.89,27,0,0,0,0,0,0,0,0,0,0,0,0,0,0,0,12,13,0.0,0.0,0.0,0.0,0.0,0.0,0.0,0.0,0.0,0,0,0,0
671,Callum,Wilson,Wilson,a,,,5.8,102,29.0,0.6,247,38.0,1.0,274.0,35.0,1,0,0.0,-2,2.0,43,105,0.2,10.9,0.5,1.0,2.7,246.0,27.0,,,232.0,19.0,291.0,29.0,56.0,22.0,181.0,21.0,,,,,,,,0.56,0.03,0.59,1.71,0.0,0.1,1.74,0.87,3.09,27,1,18,0,0,0,0,0,0,0,0,0,0,0,0,1,80,165,0.0,0.9199999999999999,0.12999999999999998,1.0499999999999998,0.3099999999999987,0.0,0.0,0.0,0.0,0,0,0,0
679,Mads,Hermansen,Hermansen,a,,,4.2,637,35.0,0.3,342,47.0,3.8,40.0,4.0,7,0,0.0,-3,3.0,169,30,0.9,6.7,3.3,3.8,4.0,63.0,4.0,,,312.0,24.0,620.0,79.0,592.0,66.0,389.0,24.0,,,,,,,,0.0,0.0,0.0,1.14,3.0,0.43,1.71,1.0,0.0,27,7,90,0,0,1,0,0,0,0,0,0,5,1,0,34,276,51,0.0,0.0,0.0,0.0,0.6500000000000004,0.0,0.0,0.0,0.0,0,2,13,0
708,Mateus Gonçalo,Espanha Fernandes,M.Fernandes,a,,,5.5,154,95.0,0.5,266,92.0,5.6,12.0,6.0,5,0,0.0,0,0.0,287,202,1.0,18.2,5.1,5.6,4.0,72.0,32.0,100.0,100.0,58.0,16.0,34.0,32.0,244.0,133.0,62.0,41.0,4.0,,,,,,,0.05,0.09,0.14,1.44,0.0,0.18,1.51,1.06,11.95,27,5,90,0,0,1,0,0,0,0,0,0,0,1,0,25,538,306,0.0,0.020000000000000018,0.1100000000000001,0.1299999999999999,0.6500000000000021,0.0,0.0,0.0,0.0,5,3,8,16
718,Soungoutou,Magassa,S.Magassa,a,,,5.0,276,171.0,0.0,655,263.0,0.8,286.0,125.0,3,0,0.0,0,0.0,1,4,0.2,7.4,0.3,0.8,2.3,293.0,127.0,,,288.0,127.0,286.0,166.0,334.0,175.0,331.0,158.0,,,,,,,,0.05,0.03,0.08,1.71,0.0,0.22,2.07,1.09,11.77,27,3,83,0,0,1,0,0,0,0,0,0,0,1,0,7,3,9,0.0,0.13,0.010000000000000009,0.14,0.629999999999999,0.0,0.0,0.0,0.0,1,3,1,5
791,Valentín,Castellanos,Taty,a,,,5.5,143,36.0,0.1,441,64.0,3.2,83.0,7.0,2,0,0.0,0,0.0,90,108,0.6,3.5,2.7,3.2,2.7,244.0,26.0,,,384.0,40.0,334.0,38.0,141.0,34.0,328.0,38.0,,,,,,,,0.32,0.09,0.41,1.17,0.0,0.48,0.96,1.12,4.78,27,2,90,0,0,1,0,0,0,0,0,0,0,1,0,3,177,188,0.0,0.19999999999999973,0.3400000000000001,0.54,0.6500000000000004,0.0,0.0,0.0,0.0,1,2,2,5
648,Marshall,Munetsi,Munetsi,u,has joined Paris FC on loan for the rest of the season.,,5.3,198,123.0,0.0,624,242.0,0.0,770.0,335.0,0,0,0.0,-2,2.0,0,2,0.0,7.2,0.0,0.0,2.9,208.0,85.0,0.0,0.0,276.0,119.0,312.0,176.0,119.0,69.0,262.0,130.0,,,,,,,,0.17,0.04,0.21,1.38,0.0,0.0,1.96,0.93,8.26,27,0,0,0,0,0,0,0,0,0,0,0,0,0,0,0,0,3,0.0,0.0,0.0,0.0,0.0,0.0,0.0,0.0,0.0,0,0,0,0
652,Enso,González Medina,Gonzalez,a,,,4.3,614,360.0,1.3,166,55.0,0.0,568.0,194.0,0,0,0.0,-2,2.0,125,108,0.0,0.0,-0.5,-0.5,0.0,656.0,251.0,,,645.0,241.0,642.0,247.0,618.0,236.0,648.0,244.0,,,,,,,,0.0,0.0,0.0,0.0,0.0,0.0,0.0,0.0,0.0,27,0,0,0,0,0,0,0,0,0,0,0,0,0,0,0,183,175,0.0,0.0,0.0,0.0,0.0,0.0,0.0,0.0,0.0,0,0,0,0
657,Leon,Chiwome,Chiwome,i,Knee injury - Unknown return date,,4.4,563,81.0,0.0,651,83.0,0.0,601.0,64.0,0,0,0.0,-1,1.0,6,4,0.0,0.0,0.0,0.0,0.0,682.0,74.0,0.0,0.0,674.0,74.0,670.0,73.0,649.0,73.0,677.0,74.0,,,,,,,,0.0,0.0,0.0,0.0,0.0,0.0,0.0,0.0,0.0,27,0,0,0,0,0,0,0,0,0,0,0,0,0,0,0,8,5,0.0,0.0,0.0,0.0,0.0,0.0,0.0,0.0,0.0,0,0,0,0
658,Nathan,Fraser,Fraser,a,,,4.2,643,89.0,2.0,134,22.0,0.0,536.0,52.0,0,0,0.0,-3,3.0,425,237,0.0,0.0,-0.5,-0.5,0.0,637.0,63.0,,,627.0,63.0,622.0,62.0,594.0,62.0,630.0,63.0,,,,,,,,0.0,0.0,0.0,0.0,0.0,0.0,0.0,0.0,0.0,27,0,0,0,0,0,0,0,0,0,0,0,0,0,0,0,678,372,0.0,0.0,0.0,0.0,0.0,0.0,0.0,0.0,0.0,0,0,0,0
663,Jhon,Arias,J.Arias,u,has joined Palmeiras permanently.,,4.9,318,198.0,0.1,429,144.0,0.3,352.0,159.0,0,0,0.0,-6,6.0,0,19,0.1,9.2,0.0,0.0,2.0,329.0,143.0,0.0,0.0,270.0,116.0,138.0,96.0,166.0,94.0,218.0,109.0,1.0,1.0,,,,,,0.27,0.05,0.32,1.29,0.0,0.16,1.69,1.13,10.07,27,0,0,0,0,0,0,0,0,0,0,0,0,0,0,0,0,33,0.0,0.0,0.0,0.0,0.0,0.0,0.0,0.0,0.0,0,0,0,0
682,David,Møller Wolfe,Møller Wolfe,a,,,4.2,638,150.0,0.1,549,197.0,0.3,350.0,123.0,0,0,0.0,-3,3.0,1,6,0.1,5.2,-0.2,-0.2,1.4,420.0,150.0,,,317.0,120.0,233.0,64.0,318.0,102.0,330.0,114.0,,,,,,,,0.02,0.12,0.14,1.86,0.0,0.0,2.33,0.98,4.17,27,0,0,0,0,0,0,0,0,0,0,0,0,0,0,0,3,9,0.0,0.0,0.0,0.0,0.0,0.0,0.0,0.0,0.0,0,0,0,0
695,Jackson,Tchatchoua,Tchatchoua,a,,,4.4,551,119.0,0.0,646,226.0,0.2,370.0,136.0,0,0,0.0,-1,1.0,2,4,0.0,8.4,-0.3,-0.3,1.5,406.0,147.0,,,226.0,89.0,117.0,31.0,331.0,106.0,228.0,75.0,,,,,,,,0.02,0.07,0.09,1.29,0.0,0.13,1.82,0.88,5.6,27,0,0,0,0,0,0,0,0,0,0,0,0,0,0,0,3,6,0.0,0.0,0.0,0.0,0.0,0.0,0.0,0.0,0.0,0,0,0,0
709,Ladislav,Krejcí,Krejčí,a,,,4.5,427,84.0,0.1,522,186.0,1.8,188.0,68.0,0,0,0.0,0,0.0,17,18,0.4,12.4,1.3,1.3,2.7,237.0,94.0,100.0,100.0,82.0,36.0,221.0,57.0,108.0,17.0,128.0,42.0,,,,,,,,0.1,0.07,0.17,1.43,0.0,0.15,1.7,1.0,7.21,27,0,0,0,0,0,0,0,0,0,0,0,0,0,0,0,26,33,0.0,0.0,0.0,0.0,0.0,0.0,0.0,0.0,0.0,0,0,0,0
766,Saheed,Olagunju,Olagunju,a,,,4.0,722,199.0,0.0,668,234.0,0.0,514.0,212.0,0,0,0.0,0,0.0,4,7,0.0,0.0,-0.5,-0.5,0.0,623.0,238.0,,,612.0,237.0,605.0,237.0,573.0,232.0,615.0,237.0,,,,,,,,0.0,0.0,0.0,0.0,0.0,0.0,0.0,0.0,0.0,27,0,0,0,0,0,0,0,0,0,0,0,0,0,0,0,10,11,0.0,0.0,0.0,0.0,0.0,0.0,0.0,0.0,0.0,0,0,0,0
767,Luke,Rawlings,Rawlings,a,,,4.5,495,304.0,0.0,764,328.0,0.0,673.0,266.0,0,0,0.0,0,0.0,1,2,0.0,0.0,-0.5,-0.5,0.0,739.0,309.0,,,737.0,307.0,732.0,308.0,718.0,304.0,738.0,308.0,,,,,,,,0.0,0.0,0.0,0.0,0.0,0.0,0.0,0.0,0.0,27,0,0,0,0,0,0,0,0,0,0,0,0,0,0,0,2,3,0.0,0.0,0.0,0.0,0.0,0.0,0.0,0.0,0.0,0,0,0,0
777,Temple,Ojinnaka,Ojinnaka,u,has joined Shrewsbury Town on loan for the rest of the season.,,4.5,455,272.0,0.0,799,353.0,0.0,639.0,238.0,0,0,0.0,0,0.0,0,1,0.0,0.0,0.0,0.0,0.0,711.0,287.0,0.0,0.0,705.0,282.0,702.0,285.0,685.0,278.0,707.0,284.0,,,,,,,,0.0,0.0,0.0,0.0,0.0,0.0,0.0,0.0,0.0,27,0,0,0,0,0,0,0,0,0,0,0,0,0,0,0,0,1,0.0,0.0,0.0,0.0,0.0,0.0,0.0,0.0,0.0,0,0,0,0
778,Ethan,Sutherland,Sutherland,a,,,4.5,487,298.0,0.0,755,322.0,0.0,666.0,261.0,0,0,0.0,0,0.0,1,2,0.0,0.0,-0.5,-0.5,0.0,732.0,304.0,,,730.0,302.0,725.0,303.0,711.0,299.0,731.0,303.0,,,,,,,,0.0,0.0,0.0,0.0,0.0,0.0,0.0,0.0,0.0,27,0,0,0,0,0,0,0,0,0,0,0,0,0,0,0,1,4,0.0,0.0,0.0,0.0,0.0,0.0,0.0,0.0,0.0,0,0,0,0
817,Adam,Armstrong,Armstrong,a,,,5.5,138,35.0,0.1,524,74.0,2.0,184.0,24.0,0,0,0.0,0,0.0,29,88,0.4,1.5,1.5,1.5,2.7,243.0,25.0,,,426.0,49.0,362.0,46.0,419.0,59.0,428.0,53.0,,,,,,,,0.01,0.12,0.13,2.62,0.0,0.33,1.67,1.0,2.0,27,0,0,0,0,0,0,0,0,0,0,0,0,0,0,0,39,181,0.0,0.0,0.0,0.0,0.0,0.0,0.0,0.0,0.0,0,0,0,0
1,David,Raya Martín,Raya,a,,,6.0,85,1.0,34.8,7,1.0,2.8,109.0,8.0,0,0,0.0,5,-5.0,1202,3676,0.5,18.2,3.3,3.8,4.0,75.0,7.0,,,102.0,16.0,370.0,3.0,808.0,94.0,269.0,16.0,,,,,,,,0.0,0.0,0.0,0.69,1.37,0.48,0.74,1.0,0.0,27,0,0,0,0,0,0,0,0,0,0,0,0,0,0,0,1566,7103,0.0,0.0,0.0,0.0,0.0,0.0,0.0,0.0,0.0,0,0,0,0
2,Kepa,Arrizabalaga Revuelta,Arrizabalaga,a,,,4.1,650,36.0,0.4,280,36.0,0.0,524.0,77.0,0,0,0.0,-4,4.0,11,22,0.0,0.0,0.5,1.0,0.0,632.0,85.0,,,621.0,85.0,614.0,73.0,584.0,59.0,624.0,85.0,,,,,,,,0.0,0.0,0.0,0.0,0.0,0.0,0.0,0.0,0.0,27,0,0,0,0,0,0,0,0,0,0,0,0,0,0,0,13,26,0.0,0.0,0.0,0.0,0.0,0.0,0.0,0.0,0.0,0,0,0,0
3,Karl,Hein,Hein,u,Has joined Werder Bremen on loan for the rest of the season.,,4.0,684,54.0,0.2,371,54.0,0.0,480.0,65.0,0,0,0.0,0,0.0,0,8,0.0,0.0,0.0,0.0,0.0,592.0,73.0,0.0,0.0,581.0,73.0,574.0,61.0,541.0,47.0,584.0,73.0,,,,,,,,0.0,0.0,0.0,0.0,0.0,0.0,0.0,0.0,0.0,27,0,0,0,0,0,0,0,0,0,0,0,0,0,0,0,0,10,0.0,0.0,0.0,0.0,0.0,0.0,0.0,0.0,0.0,0,0,0,0
4,Tommy,Setford,Setford,a,,,3.9,774,90.0,0.2,356,52.0,0.0,451.0,49.0,0,0,0.0,-1,1.0,18,14,0.0,0.0,0.5,1.0,0.0,564.0,58.0,,,553.0,58.0,543.0,43.0,508.0,29.0,556.0,58.0,,,,,,,,0.0,0.0,0.0,0.0,0.0,0.0,0.0,0.0,0.0,27,0,0,0,0,0,0,0,0,0,0,0,0,0,0,0,31,25,0.0,0.0,0.0,0.0,0.0,0.0,0.0,0.0,0.0,0,0,0,0
5,Gabriel,dos Santos Magalhães,Gabriel,a,,,7.1,33,1.0,42.9,4,1.0,3.7,50.0,18.0,0,0,0.0,11,-11.0,2166,3046,0.5,20.0,4.2,4.7,6.8,2.0,1.0,100.0,100.0,21.0,10.0,244.0,69.0,127.0,24.0,87.0,22.0,,,,,,,,0.09,0.05,0.14,0.61,0.0,0.6,0.65,1.0,8.98,27,0,0,0,0,0,0,0,0,0,0,0,0,0,0,0,3460,5201,0.0,0.0,0.0,0.0,0.0,0.0,0.0,0.0,0.0,0,0,0,0
7,Riccardo,Calafiori,Calafiori,a,,,5.6,132,14.0,6.4,58,19.0,1.5,218.0,79.0,0,0,0.0,1,-1.0,188,1147,0.3,15.4,2.0,2.5,4.3,47.0,19.0,100.0,100.0,222.0,86.0,226.0,60.0,99.0,12.0,204.0,67.0,,,,,,,,0.19,0.03,0.22,0.52,0.0,0.67,0.53,1.14,6.08,27,0,0,0,0,0,0,0,0,0,0,0,0,0,0,0,275,2034,0.0,0.0,0.0,0.0,0.0,0.0,0.0,0.0,0.0,0,0,0,0
8,Jurriën,Timber,J.Timber,a,,,6.4,60,2.0,29.7,12,3.0,2.5,131.0,44.0,0,0,0.0,9,-9.0,1528,11284,0.4,19.4,3.0,3.5,4.8,23.0,8.0,100.0,100.0,78.0,34.0,67.0,13.0,53.0,1.0,46.0,4.0,,,,,,,,0.18,0.05,0.23,0.6,0.0,0.5,0.74,0.99,5.16,27,0,0,0,0,0,0,0,0,0,0,0,0,0,0,0,2199,21397,0.0,0.0,0.0,0.0,0.0,0.0,0.0,0.0,0.0,0,0,0,0
9,Jakub,Kiwior,Kiwior,u,has joined Porto on loan for the rest of the season.,,5.4,174,20.0,0.0,588,210.0,0.0,779.0,263.0,0,0,0.0,-1,1.0,0,0,0.0,0.0,0.0,0.0,0.0,799.0,265.0,0.0,0.0,799.0,265.0,798.0,265.0,796.0,265.0,799.0,265.0,,,,,,,,0.0,0.0,0.0,0.0,0.0,0.0,0.0,0.0,0.0,27,0,0,0,0,0,0,0,0,0,0,0,0,0,0,0,0,0,0.0,0.0,0.0,0.0,0.0,0.0,0.0,0.0,0.0,0,0,0,0
10,Myles,Lewis-Skelly,Lewis-Skelly,a,,,5.1,238,35.0,1.4,159,63.0,0.0,761.0,259.0,0,0,0.0,-4,4.0,60,79,0.0,2.4,0.5,1.0,0.9,505.0,175.0,,,424.0,159.0,342.0,118.0,381.0,134.0,407.0,146.0,,,,,,,,0.01,0.02,0.03,1.52,0.0,0.0,1.45,0.29,4.05,27,0,0,0,0,0,0,0,0,0,0,0,0,0,0,0,67,116,0.0,0.0,0.0,0.0,0.0,0.0,0.0,0.0,0.0,0,0,0,0
11,Benjamin,White,White,a,,,5.1,226,30.0,0.5,259,96.0,0.2,381.0,140.0,0,0,0.0,-4,4.0,39,77,0.0,5.9,0.7,1.2,4.3,42.0,17.0,100.0,100.0,328.0,123.0,257.0,78.0,316.0,101.0,339.0,117.0,,,,,,,,0.09,0.11,0.2,1.35,0.0,0.66,0.88,1.1,7.92,27,0,0,0,0,0,0,0,0,0,0,0,0,0,0,0,48,163,0.0,0.0,0.0,0.0,0.0,0.0,0.0,0.0,0.0,0,0,0,0
13,Brayden,Clarke,Clarke,a,,,3.8,808,257.0,0.4,273,101.0,0.0,415.0,165.0,0,0,0.0,-2,2.0,17,32,0.0,0.0,0.5,1.0,0.0,530.0,196.0,,,519.0,195.0,508.0,195.0,473.0,187.0,522.0,195.0,,,,,,,,0.0,0.0,0.0,0.0,0.0,0.0,0.0,0.0,0.0,27,0,0,0,0,0,0,0,0,0,0,0,0,0,0,0,22,42,0.0,0.0,0.0,0.0,0.0,0.0,0.0,0.0,0.0,0,0,0,0
14,Maldini,Kacurri,Kacurri,u,has joined Morecambe on loan for the rest of the season.,,3.9,779,229.0,0.1,488,175.0,0.0,456.0,179.0,0,0,0.0,-1,1.0,0,6,0.0,0.0,0.0,0.0,0.0,569.0,208.0,0.0,0.0,558.0,207.0,548.0,207.0,513.0,199.0,561.0,207.0,,,,,,,,0.0,0.0,0.0,0.0,0.0,0.0,0.0,0.0,0.0,27,0,0,0,0,0,0,0,0,0,0,0,0,0,0,0,0,6,0.0,0.0,0.0,0.0,0.0,0.0,0.0,0.0,0.0,0,0,0,0
15,Josh,Nichols,Nichols,a,,,3.7,814,262.0,0.2,357,128.0,0.0,393.0,144.0,0,0,0.0,-3,3.0,118,39,0.0,0.0,0.5,1.0,0.0,515.0,182.0,,,503.0,180.0,489.0,177.0,453.0,168.0,506.0,180.0,,,,,,,,0.0,0.0,0.0,0.0,0.0,0.0,0.0,0.0,0.0,27,0,0,0,0,0,0,0,0,0,0,0,0,0,0,0,243,49,0.0,0.0,0.0,0.0,0.0,0.0,0.0,0.0,0.0,0,0,0,0
16,Bukayo,Saka,Saka,a,,,9.8,6,4.0,7.6,51,18.0,2.5,132.0,61.0,0,0,0.0,-2,2.0,1104,583,0.3,11.6,3.0,3.5,5.0,15.0,9.0,100.0,100.0,62.0,18.0,8.0,8.0,13.0,5.0,8.0,6.0,2.0,,1.0,,,,,0.34,0.29,0.63,0.6,0.0,0.44,0.77,0.99,7.54,27,0,0,0,0,0,0,0,0,0,0,0,0,0,0,0,1698,1719,0.0,0.0,0.0,0.0,0.0,0.0,0.0,0.0,0.0,0,0,0,0
17,Martin,Ødegaard,Ødegaard,d,Knock - 75% chance of playing,,7.8,18,13.0,1.6,147,48.0,1.5,219.0,93.0,0,0,0.0,-2,2.0,7,301,0.2,7.4,1.5,1.9,3.1,180.0,78.0,75.0,75.0,212.0,92.0,37.0,35.0,175.0,99.0,113.0,63.0,4.0,,3.0,,,,,0.09,0.25,0.34,1.06,0.0,0.34,0.94,1.11,6.81,27,0,0,0,0,0,0,0,0,0,0,0,0,0,0,0,9,512,0.0,0.0,0.0,0.0,0.0,0.0,0.0,0.0,0.0,0,0,0,0
18,Noni,Madueke,Madueke,a,,,6.8,47,29.0,1.3,161,52.0,4.8,23.0,12.0,0,0,0.0,-2,2.0,424,778,0.7,7.4,5.3,5.8,2.8,232.0,96.0,100.0,100.0,262.0,111.0,112.0,78.0,73.0,45.0,141.0,77.0,3.0,,,,,,,0.1,0.22,0.32,0.93,0.0,0.54,0.76,1.2,5.0,27,0,0,0,0,0,0,0,0,0,0,0,0,0,0,0,675,2186,0.0,0.0,0.0,0.0,0.0,0.0,0.0,0.0,0.0,0,0,0,0
19,Gabriel,Martinelli Silva,Martinelli,a,,,6.8,48,30.0,1.0,189,67.0,1.8,203.0,86.0,0,0,0.0,-2,2.0,51,300,0.3,5.9,2.3,2.8,1.9,353.0,156.0,100.0,100.0,292.0,131.0,204.0,135.0,61.0,37.0,193.0,101.0,,,,,,,,0.44,0.12,0.56,0.8,0.0,0.26,0.64,1.02,6.66,27,0,0,0,0,0,0,0,0,0,0,0,0,0,0,0,89,733,0.0,0.0,0.0,0.0,0.0,0.0,0.0,0.0,0.0,0,0,0,0
20,Leandro,Trossard,Trossard,a,,,6.8,45,27.0,1.1,184,63.0,2.3,149.0,67.0,0,0,0.0,-2,2.0,166,844,0.3,14.0,2.8,3.3,4.1,61.0,28.0,100.0,100.0,98.0,31.0,36.0,34.0,33.0,18.0,34.0,26.0,,,4.0,,,,,0.27,0.15,0.42,0.61,0.0,0.48,0.71,0.95,5.82,27,0,0,0,0,0,0,0,0,0,0,0,0,0,0,0,291,1705,0.0,0.0,0.0,0.0,0.0,0.0,0.0,0.0,0.0,0,0,0,0
21,Declan,Rice,Rice,a,,,7.6,22,15.0,34.2,8,3.0,3.8,46.0,23.0,0,0,0.0,11,-11.0,3503,6566,0.5,19.5,4.3,4.8,5.7,7.0,5.0,100.0,100.0,8.0,3.0,2.0,2.0,87.0,54.0,6.0,4.0,1.0,1.0,,,,,,0.12,0.24,0.36,0.61,0.0,0.48,0.77,1.01,11.11,27,0,0,0,0,0,0,0,0,0,0,0,0,0,0,0,5174,17092,0.0,0.0,0.0,0.0,0.0,0.0,0.0,0.0,0.0,0,0,0,0
22,Mikel,Merino Zazón,Merino,i,Foot injury - Unknown return date,,5.4,164,101.0,0.9,201,69.0,1.2,247.0,107.0,0,0,0.0,-6,6.0,2,328,0.2,12.2,0.0,0.0,3.1,176.0,76.0,0.0,0.0,170.0,63.0,155.0,107.0,93.0,56.0,134.0,73.0,,,,,,,,0.27,0.13,0.4,0.6,0.0,0.36,0.81,0.9,10.03,27,0,0,0,0,0,0,0,0,0,0,0,0,0,0,0,2,566,0.0,0.0,0.0,0.0,0.0,0.0,0.0,0.0,0.0,0,0,0,0
23,Fábio,Ferreira Vieira,Fábio Vieira,u,has joined Hamburger on loan for the rest of the season.,,5.4,173,107.0,0.0,681,279.0,0.0,778.0,340.0,0,0,0.0,-1,1.0,0,0,0.0,0.0,0.0,0.0,0.0,798.0,353.0,0.0,0.0,798.0,353.0,797.0,353.0,795.0,352.0,798.0,353.0,,,,,,,,0.0,0.0,0.0,0.0,0.0,0.0,0.0,0.0,0.0,27,0,0,0,0,0,0,0,0,0,0,0,0,0,0,0,0,0,0.0,0.0,0.0,0.0,0.0,0.0,0.0,0.0,0.0,0,0,0,0
24,Christian,Nørgaard,Nørgaard,a,,,5.1,224,138.0,0.1,434,147.0,0.2,380.0,168.0,0,0,0.0,-4,4.0,6,8,0.0,0.8,0.7,1.2,1.0,496.0,231.0,100.0,100.0,449.0,201.0,475.0,230.0,418.0,204.0,463.0,210.0,,,,,,,,0.14,0.0,0.14,6.13,0.0,0.0,2.81,0.0,25.31,27,0,0,0,0,0,0,0,0,0,0,0,0,0,0,0,10,17,0.0,0.0,0.0,0.0,0.0,0.0,0.0,0.0,0.0,0,0,0,0
25,Ethan,Nwaneri,Nwaneri,u,has joined Marseille on loan for the rest of the season.,,5.0,269,164.0,0.1,447,152.0,0.0,749.0,320.0,0,0,0.0,-5,5.0,0,4,0.0,1.6,0.0,0.0,1.3,429.0,193.0,0.0,0.0,458.0,206.0,383.0,196.0,361.0,188.0,438.0,196.0,,,,,,,,0.13,0.04,0.17,0.4,0.0,0.55,0.0,0.0,7.09,27,0,0,0,0,0,0,0,0,0,0,0,0,0,0,0,0,5,0.0,0.0,0.0,0.0,0.0,0.0,0.0,0.0,0.0,0,0,0,0
28,Ismeal,Kabia,Kabia,u,has joined Shrewsbury Town on loan for the rest of the season.,,4.5,486,297.0,0.1,480,167.0,0.0,665.0,260.0,0,0,0.0,0,0.0,0,3,0.0,0.0,0.0,0.0,0.0,731.0,303.0,0.0,0.0,729.0,301.0,724.0,302.0,710.0,298.0,730.0,302.0,,,,,,,,0.0,0.0,0.0,0.0,0.0,0.0,0.0,0.0,0.0,27,0,0,0,0,0,0,0,0,0,0,0,0,0,0,0,0,4,0.0,0.0,0.0,0.0,0.0,0.0,0.0,0.0,0.0,0,0,0,0
29,Albert,Sambi Lokonga,Sambi,u,has joined Hamburger permanently.,,4.5,429,256.0,0.0,583,218.0,0.0,622.0,223.0,0,0,0.0,0,0.0,0,0,0.0,0.0,0.0,0.0,0.0,696.0,273.0,0.0,0.0,689.0,267.0,686.0,271.0,668.0,264.0,692.0,270.0,,,,,,,,0.0,0.0,0.0,0.0,0.0,0.0,0.0,0.0,0.0,27,0,0,0,0,0,0,0,0,0,0,0,0,0,0,0,0,1,0.0,0.0,0.0,0.0,0.0,0.0,0.0,0.0,0.0,0,0,0,0
30,Kai,Havertz,Havertz,d,Muscle injury - 75% chance of playing,,7.3,25,10.0,0.6,231,34.0,1.2,253.0,32.0,0,0,0.0,-2,2.0,29,788,0.2,1.1,1.3,1.7,2.7,248.0,28.0,75.0,75.0,421.0,47.0,365.0,47.0,371.0,54.0,412.0,51.0,,,,,,,,0.12,0.03,0.15,0.64,0.0,1.15,0.0,1.15,5.77,27,0,0,0,0,0,0,0,0,0,0,0,0,0,0,0,36,2090,0.0,0.0,0.0,0.0,0.0,0.0,0.0,0.0,0.0,0,0,0,0
31,Gabriel,Fernando de Jesus,G.Jesus,a,,,6.4,56,20.0,0.6,249,40.0,1.2,251.0,31.0,0,0,0.0,-1,1.0,125,743,0.2,2.7,1.7,2.2,1.5,418.0,51.0,100.0,100.0,339.0,33.0,379.0,48.0,107.0,28.0,304.0,35.0,,,,,,,,0.52,0.06,0.58,1.05,0.0,0.0,1.78,0.59,7.7,27,0,0,0,0,0,0,0,0,0,0,0,0,0,0,0,168,1232,0.0,0.0,0.0,0.0,0.0,0.0,0.0,0.0,0.0,0,0,0,0
266,Eberechi,Eze,Eze,a,,,7.2,30,18.0,7.6,52,19.0,0.7,300.0,134.0,0,0,0.0,-3,3.0,109,824,0.1,10.0,1.2,1.7,3.3,149.0,66.0,,,202.0,84.0,159.0,111.0,66.0,40.0,127.0,69.0,,,,,,,,0.22,0.13,0.35,0.55,0.0,0.47,0.63,1.02,5.88,27,0,0,0,0,0,0,0,0,0,0,0,0,0,0,0,185,1398,0.0,0.0,0.0,0.0,0.0,0.0,0.0,0.0,0.0,0,0,0,0
662,Cristhian,Mosquera,Mosquera,a,,,5.3,204,26.0,0.1,428,159.0,0.7,299.0,102.0,0,0,0.0,-2,2.0,22,12,0.1,4.0,1.2,1.7,1.9,346.0,128.0,100.0,100.0,324.0,122.0,377.0,135.0,411.0,154.0,382.0,136.0,,,,,,,,0.0,0.08,0.08,0.73,0.0,0.17,0.87,0.87,8.32,27,0,0,0,0,0,0,0,0,0,0,0,0,0,0,0,31,16,0.0,0.0,0.0,0.0,0.0,0.0,0.0,0.0,0.0,0,0,0,0
666,Viktor,Gyökeres,Gyökeres,a,,,8.8,8,4.0,11.8,29,5.0,3.8,48.0,4.0,0,0,0.0,-2,2.0,387,5931,0.4,8.9,4.3,4.8,3.1,181.0,17.0,100.0,100.0,167.0,14.0,167.0,12.0,20.0,12.0,60.0,11.0,,,2.0,,,,,0.43,0.07,0.5,0.63,0.0,0.55,0.5,1.1,3.19,27,0,0,0,0,0,0,0,0,0,0,0,0,0,0,0,553,12083,0.0,0.0,0.0,0.0,0.0,0.0,0.0,0.0,0.0,0,0,0,0
700,Max,Dowman,Dowman,i,Ankle injury - Unknown return date,,4.2,648,367.0,0.4,270,95.0,0.0,541.0,177.0,0,0,0.0,-3,3.0,370,163,0.0,1.2,0.0,0.0,2.5,267.0,113.0,0.0,0.0,491.0,226.0,466.0,224.0,357.0,186.0,458.0,208.0,,,,,,,,0.47,0.07,0.54,0.4,0.0,0.0,0.0,0.0,10.0,27,0,0,0,0,0,0,0,0,0,0,0,0,0,0,0,661,227,0.0,0.0,0.0,0.0,0.0,0.0,0.0,0.0,0.0,0,0,0,0
711,Andre,Harriman-Annous,Harriman-Annous,a,,,4.4,570,342.0,0.0,701,292.0,0.0,607.0,216.0,0,0,0.0,-1,1.0,1,2,0.0,0.0,0.5,1.0,0.0,685.0,267.0,,,678.0,261.0,673.0,265.0,653.0,257.0,681.0,264.0,,,,,,,,0.0,0.0,0.0,0.0,0.0,0.0,0.0,0.0,0.0,27,0,0,0,0,0,0,0,0,0,0,0,0,0,0,0,1,2,0.0,0.0,0.0,0.0,0.0,0.0,0.0,0.0,0.0,0,0,0,0
725,Piero,Hincapié,Hincapie,a,,,5.1,236,34.0,0.7,224,86.0,3.7,49.0,17.0,0,0,0.0,-4,4.0,540,169,0.7,11.2,4.2,4.7,3.4,134.0,50.0,100.0,100.0,168.0,71.0,216.0,56.0,309.0,99.0,237.0,79.0,,,,,,,,0.02,0.08,0.1,0.85,0.0,0.22,1.04,1.04,7.94,27,0,0,0,0,0,0,0,0,0,0,0,0,0,0,0,883,307,0.0,0.0,0.0,0.0,0.0,0.0,0.0,0.0,0.0,0,0,0,0
759,Marli,Salmon,Salmon,a,,,4.0,727,204.0,0.0,687,238.0,0.0,518.0,216.0,0,0,0.0,0,0.0,5,1,0.0,0.0,0.5,1.0,0.0,626.0,241.0,,,615.0,240.0,608.0,240.0,576.0,235.0,618.0,240.0,,,,,,,,0.0,0.0,0.0,0.0,0.0,0.0,0.0,0.0,0.0,27,0,0,0,0,0,0,0,0,0,0,0,0,0,0,0,8,2,0.0,0.0,0.0,0.0,0.0,0.0,0.0,0.0,0.0,0,0,0,0
32,Emiliano,Martínez Romero,Martinez,a,,,5.0,243,7.0,4.6,78,13.0,5.8,10.0,1.0,3,0,0.0,0,0.0,2974,544,1.2,19.0,6.3,5.8,4.1,56.0,3.0,100.0,100.0,53.0,12.0,446.0,12.0,770.0,88.0,225.0,12.0,,,,,,,,0.0,0.0,0.0,1.3,3.02,0.27,0.89,1.02,0.0,27,3,90,0,0,0,1,0,0,0,0,0,3,1,0,13,6099,721,0.0,0.0,0.0,0.0,1.3500000000000014,0.0,0.0,0.0,0.0,0,1,3,0
33,Marco,Bizot,M.Bizot,s,Suspended until 27 Feb,,4.2,626,32.0,0.4,282,37.0,0.0,530.0,81.0,0,0,0.0,-3,3.0,7,56,0.0,2.6,0.0,0.0,2.2,304.0,27.0,0.0,0.0,349.0,28.0,618.0,77.0,589.0,63.0,409.0,28.0,,,,,,,,0.0,0.0,0.0,1.9,2.89,0.22,1.78,0.89,0.0,27,0,0,0,0,0,0,0,0,0,0,0,0,0,0,0,8,77,0.0,0.0,0.0,0.0,0.0,0.0,0.0,0.0,0.0,0,0,0,0
34,Joe,Gauci,Gauci,u,Has joined Port Vale on loan for the rest of the season.,,4.0,683,53.0,0.1,493,74.0,0.0,479.0,64.0,0,0,0.0,0,0.0,0,4,0.0,0.0,0.0,0.0,0.0,591.0,72.0,0.0,0.0,580.0,72.0,573.0,60.0,540.0,46.0,583.0,72.0,,,,,,,,0.0,0.0,0.0,0.0,0.0,0.0,0.0,0.0,0.0,27,0,0,0,0,0,0,0,0,0,0,0,0,0,0,0,0,4,0.0,0.0,0.0,0.0,0.0,0.0,0.0,0.0,0.0,0,0,0,0
35,Filip,Marschall,Marschall,u,Has joined Stevenage permanently.,,4.0,682,52.0,0.0,748,84.0,0.0,478.0,63.0,0,0,0.0,0,0.0,0,0,0.0,0.0,0.0,0.0,0.0,590.0,71.0,0.0,0.0,579.0,71.0,572.0,59.0,539.0,45.0,582.0,71.0,,,,,,,,0.0,0.0,0.0,0.0,0.0,0.0,0.0,0.0,0.0,27,0,0,0,0,0,0,0,0,0,0,0,0,0,0,0,0,0,0.0,0.0,0.0,0.0,0.0,0.0,0.0,0.0,0.0,0,0,0,0
36,Matty,Cash,Cash,a,,,4.9,300,46.0,11.0,32,12.0,2.4,138.0,49.0,2,0,0.0,4,-4.0,2603,2824,0.5,20.6,2.9,2.4,4.0,69.0,28.0,100.0,100.0,57.0,26.0,54.0,9.0,133.0,26.0,55.0,8.0,1.0,,,,,,,0.04,0.1,0.14,1.35,0.0,0.28,0.93,1.01,5.76,27,2,86,0,0,0,1,0,0,0,0,0,0,1,0,13,5098,3835,0.0,0.020000000000000018,0.1200000000000001,0.14000000000000012,1.3499999999999979,0.0,0.0,0.0,0.0,1,6,3,7
37,Lucas,Digne,Digne,a,,,4.5,408,72.0,1.6,152,61.0,1.4,226.0,86.0,0,0,0.0,0,0.0,135,587,0.3,16.0,1.9,1.4,3.1,168.0,66.0,100.0,100.0,190.0,79.0,85.0,20.0,220.0,57.0,149.0,48.0,2.0,2.0,,,,,,0.04,0.15,0.19,1.39,0.0,0.41,0.89,1.03,5.36,27,0,0,0,0,0,0,0,0,0,0,0,0,0,0,0,285,710,0.0,0.0,0.0,0.0,0.0,0.0,0.0,0.0,0.0,0,0,0,0
38,Ezri,Konsa Ngoyo,Konsa,a,,,4.4,525,105.0,8.0,46,16.0,4.6,27.0,8.0,7,0,0.0,-1,1.0,2344,468,1.0,19.8,5.1,4.6,3.3,140.0,54.0,100.0,100.0,72.0,31.0,270.0,87.0,239.0,64.0,179.0,57.0,,,,,,,,0.04,0.02,0.06,1.41,0.0,0.31,1.05,1.01,5.99,27,7,90,0,1,0,1,0,0,0,0,0,0,1,0,23,4187,740,0.0,0.13,0.010000000000000009,0.14000000000000012,1.3499999999999943,0.0,0.0,0.0,0.0,2,8,4,10
39,Ian,Maatsen,Maatsen,a,,,4.2,636,149.0,0.6,229,88.0,3.6,52.0,20.0,2,0,0.0,-3,3.0,307,106,0.9,9.0,4.1,3.6,1.8,357.0,132.0,,,234.0,92.0,106.0,28.0,155.0,32.0,170.0,55.0,5.0,,,,,,,0.07,0.14,0.21,1.41,0.0,0.16,1.19,0.95,7.15,27,2,90,0,0,0,1,0,0,0,0,0,0,1,0,8,625,146,0.0,0.0,0.020000000000000018,0.020000000000000018,1.3499999999999979,0.0,0.0,0.0,0.0,2,2,4,4
40,Tyrone,Mings,Mings,a,,,4.3,577,126.0,0.7,221,84.0,3.4,63.0,24.0,2,0,0.0,-2,2.0,266,87,0.8,9.5,3.9,3.4,3.7,92.0,34.0,100.0,100.0,283.0,110.0,341.0,117.0,319.0,103.0,338.0,116.0,,,,,,,,0.07,0.04,0.11,1.48,0.0,0.35,0.92,1.04,7.48,27,2,90,0,0,0,1,0,0,0,0,0,0,1,0,12,730,137,0.0,0.08999999999999997,0.24000000000000002,0.32999999999999996,1.3499999999999996,0.0,0.0,0.0,0.0,0,8,1,8
41,Pau,Torres,Pau,a,,,4.3,585,131.0,0.3,308,114.0,1.6,206.0,75.0,0,0,0.0,-2,2.0,25,108,0.4,11.4,2.1,1.6,3.3,139.0,53.0,100.0,100.0,217.0,83.0,357.0,124.0,308.0,98.0,307.0,102.0,,,,,,,,0.04,0.02,0.06,1.28,0.0,0.3,0.97,0.97,6.49,27,0,0,0,0,0,0,0,0,0,0,0,0,0,0,0,45,136,0.0,0.0,0.0,0.0,0.0,0.0,0.0,0.0,0.0,0,0,0,0
42,Andrés,García,A.García,a,,,3.9,780,230.0,0.2,376,137.0,0.2,355.0,127.0,1,0,0.0,-1,1.0,21,5,0.1,0.5,0.7,0.2,0.7,508.0,176.0,100.0,100.0,495.0,176.0,455.0,166.0,514.0,200.0,498.0,176.0,,,,,,,,0.0,0.03,0.03,4.15,0.0,0.0,5.45,0.0,0.0,27,1,3,0,0,0,0,0,0,0,0,0,0,0,0,3,27,10,0.0,0.0,0.0,0.0,0.0,0.0,0.0,0.0,0.0,0,0,0,0
43,Álex,Moreno Lopera,Alex Moreno,u,Has joined Girona permanently.,,4.0,661,161.0,1.6,149,59.0,0.0,461.0,181.0,0,0,0.0,0,0.0,0,46,0.0,0.0,0.0,0.0,0.0,574.0,210.0,0.0,0.0,563.0,209.0,554.0,209.0,520.0,202.0,566.0,209.0,,,,,,,,0.0,0.0,0.0,0.0,0.0,0.0,0.0,0.0,0.0,27,0,0,0,0,0,0,0,0,0,0,0,0,0,0,0,0,78,0.0,0.0,0.0,0.0,0.0,0.0,0.0,0.0,0.0,0,0,0,0
44,Lamare,Bogarde,Bogarde,a,,,4.0,701,182.0,0.5,252,94.0,2.2,150.0,52.0,1,0,0.0,0,0.0,63,76,0.6,8.2,2.7,2.2,1.5,402.0,144.0,100.0,100.0,350.0,133.0,343.0,119.0,395.0,142.0,383.0,137.0,,,,,,,,0.0,0.02,0.02,1.29,0.0,0.27,1.09,0.95,5.3,27,1,3,0,0,0,0,0,0,0,0,0,0,0,0,3,145,98,0.0,0.0,0.0,0.0,0.0,0.0,0.0,0.0,0.0,0,0,1,0
45,Lino,da Cruz Sousa,Sousa,u,has joined Rotherham on loan for the rest of the season.,,3.8,798,247.0,0.3,326,119.0,0.0,408.0,158.0,0,0,0.0,-2,2.0,0,50,0.0,0.0,0.0,0.0,0.0,525.0,191.0,0.0,0.0,514.0,190.0,501.0,188.0,465.0,179.0,517.0,190.0,,,,,,,,0.0,0.0,0.0,0.0,0.0,0.0,0.0,0.0,0.0,27,0,0,0,0,0,0,0,0,0,0,0,0,0,0,0,0,70,0.0,0.0,0.0,0.0,0.0,0.0,0.0,0.0,0.0,0,0,0,0
46,Yasin,Özcan,Yasin,u,has joined Anderlecht on loan for the rest of the season.,,4.0,717,195.0,0.1,461,169.0,0.0,509.0,208.0,0,0,0.0,0,0.0,0,1,0.0,0.0,0.0,0.0,0.0,618.0,234.0,0.0,0.0,607.0,233.0,600.0,233.0,568.0,228.0,610.0,233.0,,,,,,,,0.0,0.0,0.0,0.0,0.0,0.0,0.0,0.0,0.0,27,0,0,0,0,0,0,0,0,0,0,0,0,0,0,0,0,1,0.0,0.0,0.0,0.0,0.0,0.0,0.0,0.0,0.0,0,0,0,0
47,Morgan,Rogers,Rogers,a,,,7.7,19,14.0,31.6,11,4.0,4.8,24.0,13.0,2,0,0.0,7,-7.0,5293,7057,0.6,16.5,5.3,4.8,4.7,26.0,13.0,100.0,100.0,32.0,8.0,23.0,22.0,8.0,3.0,9.0,7.0,,,,,,,,0.18,0.12,0.3,1.39,0.0,0.3,1.05,1.01,6.17,27,2,90,0,0,0,1,0,0,0,0,0,0,1,0,11,13339,9043,0.0,0.0699999999999994,0.20000000000000018,0.2699999999999996,1.3500000000000014,0.0,0.0,0.0,0.0,1,2,4,7
48,Youri,Tielemans,Tielemans,i,Ankle injury - Expected back 11 Apr,,5.9,92,58.0,0.7,227,78.0,0.6,316.0,143.0,0,0,0.0,-1,1.0,5,119,0.1,8.8,0.0,0.0,3.1,178.0,77.0,0.0,0.0,155.0,55.0,41.0,39.0,170.0,96.0,96.0,56.0,3.0,,,,,,,0.07,0.18,0.25,1.6,0.0,0.28,1.18,1.04,9.59,27,0,0,0,0,0,0,0,0,0,0,0,0,0,0,0,6,176,0.0,0.0,0.0,0.0,0.0,0.0,0.0,0.0,0.0,0,0,0,0
49,Leon,Bailey,Bailey,a,,,5.5,141,87.0,0.1,490,173.0,1.2,249.0,109.0,2,0,0.0,0,0.0,38,16,0.2,1.1,1.7,1.2,1.2,441.0,199.0,100.0,100.0,443.0,196.0,280.0,163.0,353.0,185.0,392.0,182.0,,,,,,,,0.1,0.29,0.39,0.73,0.0,0.0,0.47,0.47,10.42,27,2,60,0,0,0,1,0,0,0,0,0,0,1,0,6,54,21,0.0,0.06,0.06999999999999995,0.13,0.42999999999999994,0.0,0.0,0.0,0.0,0,0,9,9
50,Emiliano,Buendía Stati,Buendía,a,,,5.3,190,117.0,0.6,251,86.0,3.2,82.0,39.0,1,0,0.0,-2,2.0,209,320,0.6,14.3,3.7,3.2,3.0,194.0,81.0,100.0,100.0,145.0,50.0,89.0,66.0,69.0,43.0,85.0,51.0,,6.0,2.0,,,,,0.2,0.11,0.31,1.38,0.0,0.22,0.88,1.1,10.0,27,1,74,0,0,0,1,0,0,0,1,0,0,1,0,259,482,481,0.0,0.14000000000000012,0.030000000000000027,0.16999999999999993,1.0699999999999967,0.0,0.0,0.0,0.0,0,0,3,3
51,Samuel,Iling-Junior,Iling Jr,u,has joined Pisa on loan for the rest of the season.,,5.5,150,93.0,0.0,683,280.0,0.0,787.0,348.0,0,0,0.0,0,0.0,0,0,0.0,0.0,0.0,0.0,0.0,804.0,358.0,0.0,0.0,804.0,358.0,803.0,358.0,801.0,357.0,804.0,358.0,,,,,,,,0.0,0.0,0.0,0.0,0.0,0.0,0.0,0.0,0.0,27,0,0,0,0,0,0,0,0,0,0,0,0,0,0,0,0,0,0.0,0.0,0.0,0.0,0.0,0.0,0.0,0.0,0.0,0,0,0,0
53,Donyell,Malen,Malen,u,has joined Roma on loan for the rest of the season.,,5.1,227,140.0,0.4,275,96.0,0.0,759.0,328.0,0,0,0.0,-4,4.0,0,59,0.0,10.8,0.0,0.0,2.6,258.0,108.0,0.0,0.0,261.0,110.0,248.0,153.0,70.0,44.0,205.0,104.0,,,,,,,,0.57,0.05,0.62,1.49,0.0,0.14,1.41,0.7,2.25,27,0,0,0,0,0,0,0,0,0,0,0,0,0,0,0,0,85,0.0,0.0,0.0,0.0,0.0,0.0,0.0,0.0,0.0,0,0,0,0
54,John,McGinn,McGinn,i,Knee injury - Expected back 21 Mar,,5.4,159,97.0,0.5,258,89.0,0.0,772.0,336.0,0,0,0.0,-1,1.0,3,140,0.0,13.1,0.0,0.0,3.2,162.0,70.0,0.0,0.0,164.0,61.0,46.0,42.0,123.0,72.0,91.0,54.0,4.0,,,,,,,0.14,0.11,0.25,1.5,0.0,0.4,1.19,1.19,7.13,27,0,0,0,0,0,0,0,0,0,0,0,0,0,0,0,7,207,0.0,0.0,0.0,0.0,0.0,0.0,0.0,0.0,0.0,0,0,0,0
55,Ross,Barkley,Barkley,a,,,4.8,352,220.0,0.0,612,237.0,0.6,306.0,136.0,1,0,0.0,-2,2.0,12,4,0.1,3.8,1.1,0.6,1.8,365.0,159.0,100.0,100.0,388.0,170.0,344.0,185.0,297.0,158.0,372.0,175.0,,,,,,,,0.28,0.14,0.42,1.5,0.0,0.0,0.0,0.0,11.61,27,1,29,0,0,0,0,0,0,0,0,0,0,0,0,9,22,4,0.0,0.09999999999999998,0.10999999999999999,0.20999999999999996,0.9199999999999999,0.0,0.0,0.0,0.0,0,1,2,3
56,Enzo,Barrenechea,Barrenechea,u,Season-long loan to Benfica,,5.0,267,162.0,0.0,817,367.0,0.0,748.0,319.0,0,0,0.0,0,0.0,0,0,0.0,0.0,0.0,0.0,0.0,785.0,344.0,0.0,0.0,784.0,343.0,783.0,344.0,779.0,342.0,785.0,344.0,,,,,,,,0.0,0.0,0.0,0.0,0.0,0.0,0.0,0.0,0.0,27,0,0,0,0,0,0,0,0,0,0,0,0,0,0,0,0,0,0.0,0.0,0.0,0.0,0.0,0.0,0.0,0.0,0.0,0,0,0,0
57,Lewis,Dobbin,Dobbin,u,Has joined Preston North End on loan for the rest of the season.,,5.0,260,159.0,0.0,663,268.0,0.0,744.0,316.0,0,0,0.0,0,0.0,0,1,0.0,0.0,0.0,0.0,0.0,781.0,341.0,0.0,0.0,780.0,340.0,778.0,341.0,775.0,339.0,781.0,341.0,,,,,,,,0.0,0.0,0.0,0.0,0.0,0.0,0.0,0.0,0.0,27,0,0,0,0,0,0,0,0,0,0,0,0,0,0,0,0,1,0.0,0.0,0.0,0.0,0.0,0.0,0.0,0.0,0.0,0,0,0,0
58,Boubacar,Kamara,Kamara,i,Knee injury - Expected back 01 Jun,,4.9,315,196.0,0.2,375,126.0,0.0,720.0,299.0,0,0,0.0,-1,1.0,3,45,0.0,12.4,0.0,0.0,3.4,132.0,59.0,0.0,0.0,144.0,49.0,113.0,79.0,267.0,145.0,168.0,92.0,,,,,,,,0.03,0.05,0.08,1.33,0.0,0.32,0.96,1.09,9.51,27,0,0,0,0,0,0,0,0,0,0,0,0,0,0,0,3,77,0.0,0.0,0.0,0.0,0.0,0.0,0.0,0.0,0.0,0,0,0,0
59,Amadou,Onana,Onana,a,,,4.8,367,229.0,0.7,218,75.0,2.8,105.0,50.0,2,0,0.0,-2,2.0,156,76,0.6,12.5,3.3,2.8,3.3,141.0,61.0,100.0,100.0,178.0,70.0,275.0,160.0,266.0,144.0,245.0,123.0,,,,,,,,0.06,0.02,0.08,1.43,0.0,0.38,0.98,1.13,11.94,27,2,60,0,0,0,1,0,0,0,0,0,0,1,0,12,256,128,0.0,0.35,0.010000000000000009,0.3600000000000001,0.4299999999999997,0.0,0.0,0.0,0.0,1,2,2,5
60,Ben,Broggio,Broggio,u,has joined Falkirk on loan for the rest of the season.,,4.4,562,337.0,0.3,331,114.0,0.0,600.0,212.0,0,0,0.0,-1,1.0,0,29,0.0,0.0,0.0,0.0,0.0,681.0,265.0,0.0,0.0,673.0,258.0,669.0,263.0,648.0,254.0,676.0,261.0,,,,,,,,0.0,0.0,0.0,0.0,0.0,0.0,0.0,0.0,0.0,27,0,0,0,0,0,0,0,0,0,0,0,0,0,0,0,0,38,0.0,0.0,0.0,0.0,0.0,0.0,0.0,0.0,0.0,0,0,0,0
61,Leander,Dendoncker,Dendoncker,u,Has joined Real Oviedo permanently.,,4.5,410,250.0,0.1,533,193.0,0.0,610.0,217.0,0,0,0.0,0,0.0,0,2,0.0,0.0,0.0,0.0,0.0,688.0,268.0,0.0,0.0,681.0,262.0,676.0,266.0,656.0,258.0,684.0,265.0,,,,,,,,0.0,0.0,0.0,0.0,0.0,0.0,0.0,0.0,0.0,27,0,0,0,0,0,0,0,0,0,0,0,0,0,0,0,0,3,0.0,0.0,0.0,0.0,0.0,0.0,0.0,0.0,0.0,0,0,0,0
62,Jamaldeen,Jimoh-Aloba,Jimoh-Aloba,u,has joined West Brom on loan for the rest of the season.,,4.5,473,288.0,0.1,551,201.0,0.0,653.0,251.0,0,0,0.0,0,0.0,0,9,0.0,0.2,0.0,0.0,1.0,477.0,216.0,0.0,0.0,501.0,229.0,479.0,233.0,699.0,291.0,504.0,232.0,,,,,,,,0.0,0.0,0.0,6.86,0.0,0.0,0.0,0.0,11.25,27,0,0,0,0,0,0,0,0,0,0,0,0,0,0,0,0,16,0.0,0.0,0.0,0.0,0.0,0.0,0.0,0.0,0.0,0,0,0,0
63,Kadan,Young,Young,u,has joined Reading on loan for the rest of the season.,,4.3,606,353.0,0.6,245,85.0,0.0,560.0,187.0,0,0,0.0,-2,2.0,0,109,0.0,0.0,0.0,0.0,0.0,651.0,246.0,0.0,0.0,640.0,236.0,637.0,242.0,612.0,230.0,643.0,239.0,,,,,,,,0.0,0.0,0.0,0.0,0.0,0.0,0.0,0.0,0.0,27,0,0,0,0,0,0,0,0,0,0,0,0,0,0,0,0,177,0.0,0.0,0.0,0.0,0.0,0.0,0.0,0.0,0.0,0,0,0,0
64,Ollie,Watkins,Watkins,a,,,8.6,9,5.0,9.1,39,7.0,2.8,114.0,13.0,2,0,0.0,-4,4.0,1222,3843,0.3,11.3,3.3,2.8,3.7,101.0,8.0,100.0,100.0,106.0,9.0,144.0,9.0,4.0,3.0,28.0,6.0,,,3.0,,,,,0.44,0.05,0.49,1.41,0.0,0.36,1.09,1.04,3.12,27,2,90,0,0,0,1,0,0,0,0,0,0,1,0,9,2691,5214,0.0,0.25,0.040000000000000036,0.2900000000000009,1.3500000000000014,0.0,0.0,0.0,0.0,2,0,2,4
65,Zépiqueno,Redmond,Redmond,u,has joined Huddersfield Town on loan for the rest of the season.,,4.5,483,69.0,0.3,322,53.0,0.0,662.0,68.0,0,0,0.0,0,0.0,0,14,0.0,0.0,0.0,0.0,0.0,729.0,78.0,0.0,0.0,726.0,78.0,722.0,77.0,708.0,77.0,728.0,78.0,,,,,,,,0.0,0.0,0.0,0.0,0.0,0.0,0.0,0.0,0.0,27,0,0,0,0,0,0,0,0,0,0,0,0,0,0,0,0,15,0.0,0.0,0.0,0.0,0.0,0.0,0.0,0.0,0.0,0,0,0,0
389,Harvey,Elliott,Elliott,i,Knock - Unknown return date,,5.1,235,144.0,0.2,394,131.0,0.2,383.0,169.0,0,0,0.0,-4,4.0,0,46,0.0,1.0,0.0,0.0,1.0,497.0,232.0,0.0,0.0,450.0,202.0,368.0,189.0,347.0,182.0,426.0,194.0,,,,,,,,0.24,0.07,0.31,1.42,0.0,0.0,1.64,0.82,4.91,27,0,0,0,0,0,0,0,0,0,0,0,0,0,0,0,0,53,0.0,0.0,0.0,0.0,0.0,0.0,0.0,0.0,0.0,0,0,0,0
456,Jadon,Sancho,Sancho,a,,,5.8,107,68.0,0.2,345,117.0,2.0,185.0,79.0,1,0,0.0,-2,2.0,60,76,0.3,4.1,2.5,2.0,1.5,416.0,187.0,100.0,100.0,361.0,161.0,164.0,116.0,163.0,92.0,267.0,133.0,,,,,,,,0.09,0.22,0.31,1.37,0.0,0.15,0.6,0.9,4.65,27,1,29,0,0,0,0,0,0,0,0,0,0,0,0,8,154,97,0.0,0.0,0.19999999999999996,0.19999999999999996,0.9199999999999999,0.0,0.0,0.0,0.0,1,0,1,2
688,James,Wright,Wright,a,,,3.9,764,83.0,0.6,240,32.0,0.0,441.0,42.0,0,0,0.0,-1,1.0,23,23,0.0,0.0,0.5,0.0,0.0,554.0,51.0,,,543.0,51.0,533.0,36.0,498.0,22.0,546.0,51.0,,,,,,,,0.0,0.0,0.0,0.0,0.0,0.0,0.0,0.0,0.0,27,0,0,0,0,0,0,0,0,0,0,0,0,0,0,0,29,36,0.0,0.0,0.0,0.0,0.0,0.0,0.0,0.0,0.0,0,0,0,0
701,Triston,Rowe,Rowe,u,has joined Annecy on loan for the rest of the season.,,4.0,713,191.0,0.1,535,190.0,0.0,505.0,204.0,0,0,0.0,0,0.0,0,2,0.0,0.0,0.0,0.0,0.0,615.0,231.0,0.0,0.0,604.0,230.0,597.0,230.0,565.0,225.0,607.0,230.0,,,,,,,,0.0,0.0,0.0,0.0,0.0,0.0,0.0,0.0,0.0,27,0,0,0,0,0,0,0,0,0,0,0,0,0,0,0,0,2,0.0,0.0,0.0,0.0,0.0,0.0,0.0,0.0,0.0,0,0,0,0
702,Bradley,Burrowes,Burrowes,a,,,4.4,569,341.0,0.1,536,195.0,0.0,606.0,215.0,0,0,0.0,-1,1.0,5,6,0.0,0.2,0.5,0.0,1.0,472.0,212.0,,,677.0,260.0,478.0,232.0,652.0,256.0,680.0,263.0,,,,,,,,0.0,0.0,0.0,5.06,0.0,0.0,5.62,0.0,5.62,27,0,0,0,0,0,0,0,0,0,0,0,0,0,0,0,8,7,0.0,0.0,0.0,0.0,0.0,0.0,0.0,0.0,0.0,0,0,0,0
703,Sam,Proctor,Proctor,a,,,3.9,775,91.0,0.6,236,30.0,0.0,452.0,50.0,0,0,0.0,-1,1.0,127,78,0.0,0.0,0.5,0.0,0.0,565.0,59.0,,,554.0,59.0,544.0,44.0,509.0,30.0,557.0,59.0,,,,,,,,0.0,0.0,0.0,0.0,0.0,0.0,0.0,0.0,0.0,27,0,0,0,0,0,0,0,0,0,0,0,0,0,0,0,145,100,0.0,0.0,0.0,0.0,0.0,0.0,0.0,0.0,0.0,0,0,0,0
710,Travis,Patterson,Patterson,a,,,3.9,772,226.0,0.2,381,141.0,0.0,449.0,176.0,0,0,0.0,-1,1.0,10,14,0.0,0.0,0.5,0.0,0.0,562.0,205.0,,,551.0,204.0,541.0,204.0,506.0,196.0,554.0,204.0,,,,,,,,0.0,0.0,0.0,0.0,0.0,0.0,0.0,0.0,0.0,27,0,0,0,0,0,0,0,0,0,0,0,0,0,0,0,15,22,0.0,0.0,0.0,0.0,0.0,0.0,0.0,0.0,0.0,0,0,0,0
719,Victor,Lindelöf,Lindelöf,a,,,4.5,415,76.0,0.1,469,170.0,0.4,330.0,119.0,0,0,0.0,0,0.0,9,46,0.1,4.9,0.9,0.4,1.8,362.0,134.0,100.0,100.0,315.0,118.0,374.0,133.0,407.0,153.0,373.0,131.0,,,,,,,,0.0,0.01,0.01,1.69,0.0,0.16,1.42,0.94,5.66,27,0,0,0,0,0,0,0,0,0,0,0,0,0,0,0,17,58,0.0,0.0,0.0,0.0,0.0,0.0,0.0,0.0,0.0,0,0,0,0
754,George,Hemmings,George Hemmings,a,,,4.5,484,295.0,0.0,752,320.0,0.0,663.0,258.0,0,0,0.0,0,0.0,4,1,0.0,0.4,0.5,0.0,1.0,481.0,219.0,,,727.0,299.0,454.0,218.0,444.0,219.0,494.0,228.0,,,,,,,,0.14,0.04,0.18,2.2,0.0,0.0,0.0,0.0,3.6,27,0,0,0,0,0,0,0,0,0,0,0,0,0,0,0,7,1,0.0,0.0,0.0,0.0,0.0,0.0,0.0,0.0,0.0,0,0,0,0
757,Ronnie,Hollingshead,Hollingshead,a,,,4.0,703,62.0,0.0,714,83.0,0.0,495.0,73.0,0,0,0.0,0,0.0,2,2,0.0,0.0,0.5,0.0,0.0,606.0,81.0,,,595.0,81.0,588.0,69.0,555.0,55.0,598.0,81.0,,,,,,,,0.0,0.0,0.0,0.0,0.0,0.0,0.0,0.0,0.0,27,0,0,0,0,0,0,0,0,0,0,0,0,0,0,0,4,2,0.0,0.0,0.0,0.0,0.0,0.0,0.0,0.0,0.0,0,0,0,0
768,Leon,Routh,Leon Routh,a,,,4.0,735,212.0,0.0,717,248.0,0.0,523.0,221.0,0,0,0.0,0,0.0,1,5,0.0,0.0,0.5,0.0,0.0,631.0,246.0,,,620.0,245.0,613.0,245.0,583.0,242.0,623.0,245.0,,,,,,,,0.0,0.0,0.0,0.0,0.0,0.0,0.0,0.0,0.0,27,0,0,0,0,0,0,0,0,0,0,0,0,0,0,0,1,6,0.0,0.0,0.0,0.0,0.0,0.0,0.0,0.0,0.0,0,0,0,0
781,TJ,Carroll,Carroll,a,,,4.0,729,206.0,0.0,736,255.0,0.0,519.0,217.0,0,0,0.0,0,0.0,1,4,0.0,0.0,0.5,0.0,0.0,627.0,242.0,,,616.0,241.0,609.0,241.0,578.0,237.0,619.0,241.0,,,,,,,,0.0,0.0,0.0,0.0,0.0,0.0,0.0,0.0,0.0,27,0,0,0,0,0,0,0,0,0,0,0,0,0,0,0,2,4,0.0,0.0,0.0,0.0,0.0,0.0,0.0,0.0,0.0,0,0,0,0
792,Alysson Edward Franco,da Rocha dos Santos,Alysson,i,Knock - Unknown return date,,5.0,283,176.0,0.0,809,360.0,0.2,379.0,167.0,0,0,0.0,0,0.0,2,1,0.0,0.2,0.0,0.0,1.0,495.0,230.0,0.0,0.0,791.0,348.0,471.0,227.0,431.0,214.0,485.0,223.0,,,,,,,,0.0,0.06,0.06,0.62,0.0,0.0,0.0,0.0,5.62,27,0,0,0,0,0,0,0,0,0,0,0,0,0,0,0,2,1,0.0,0.0,0.0,0.0,0.0,0.0,0.0,0.0,0.0,0,0,0,0
808,Tammy,Abraham,Abraham,a,,,6.0,86,27.0,0.3,329,54.0,2.2,166.0,23.0,5,0,0.0,0,0.0,1915,219,0.4,1.5,2.7,2.2,2.2,311.0,34.0,,,457.0,54.0,400.0,53.0,325.0,51.0,431.0,54.0,,,,,,,,0.65,0.06,0.71,0.82,0.0,0.0,0.73,0.73,3.63,27,5,15,1,0,0,0,0,0,0,0,0,0,0,0,29,2105,340,0.0,0.25,0.0,0.25,0.2899999999999999,0.0,0.0,0.0,0.0,0,0,1,1
183,Max,Weiß,Weiss,a,,,4.3,603,30.0,0.1,450,66.0,0.0,558.0,85.0,0,0,0.0,-2,2.0,14,10,0.0,0.0,-0.5,-1.0,0.0,649.0,90.0,,,638.0,90.0,635.0,82.0,610.0,70.0,641.0,90.0,,,,,,,,0.0,0.0,0.0,0.0,0.0,0.0,0.0,0.0,0.0,27,0,0,0,0,0,0,0,0,0,0,0,0,0,0,0,20,10,0.0,0.0,0.0,0.0,0.0,0.0,0.0,0.0,0.0,0,0,0,0
184,Etienne,Green,Green,u,has joined FC Fredericia permanently.,,4.0,690,57.0,0.2,399,57.0,0.0,484.0,68.0,0,0,0.0,0,0.0,0,3,0.0,0.0,0.0,0.0,0.0,596.0,76.0,0.0,0.0,585.0,76.0,578.0,64.0,545.0,50.0,588.0,76.0,,,,,,,,0.0,0.0,0.0,0.0,0.0,0.0,0.0,0.0,0.0,27,0,0,0,0,0,0,0,0,0,0,0,0,0,0,0,0,5,0.0,0.0,0.0,0.0,0.0,0.0,0.0,0.0,0.0,0,0,0,0
185,Václav,Hladký,Hladký,a,,,3.9,737,67.0,0.2,401,59.0,0.0,421.0,27.0,0,0,0.0,-1,1.0,5,2,0.0,0.0,-0.5,-1.0,0.0,536.0,36.0,,,525.0,36.0,514.0,20.0,479.0,6.0,528.0,36.0,,,,,,,,0.0,0.0,0.0,0.0,0.0,0.0,0.0,0.0,0.0,27,0,0,0,0,0,0,0,0,0,0,0,0,0,0,0,6,8,0.0,0.0,0.0,0.0,0.0,0.0,0.0,0.0,0.0,0,0,0,0
186,Connor,Roberts,Roberts,i,Achilles injury - Unknown return date,,4.4,524,104.0,0.0,649,228.0,0.0,578.0,237.0,0,0,0.0,-1,1.0,3,1,0.0,0.0,0.0,0.0,0.0,664.0,252.0,0.0,0.0,653.0,251.0,650.0,251.0,627.0,250.0,656.0,251.0,,,,,,,,0.0,0.0,0.0,0.0,0.0,0.0,0.0,0.0,0.0,27,0,0,0,0,0,0,0,0,0,0,0,0,0,0,0,5,8,0.0,0.0,0.0,0.0,0.0,0.0,0.0,0.0,0.0,0,0,0,0
187,Kyle,Walker,Walker,a,,,4.4,518,99.0,1.1,182,69.0,1.4,224.0,84.0,1,0,0.0,-1,1.0,56,94,0.3,11.8,0.9,0.4,2.0,327.0,122.0,100.0,100.0,114.0,51.0,183.0,44.0,366.0,125.0,210.0,69.0,,,,,,,,0.0,0.04,0.04,1.99,0.0,0.12,1.93,1.03,5.96,27,1,45,0,0,0,1,0,0,0,0,0,0,1,0,153,103,135,0.0,0.0,0.010000000000000009,0.010000000000000009,1.3100000000000023,0.0,0.0,0.0,0.0,0,1,2,1
190,Hjalmar,Ekdal,Ekdal,a,,,3.9,763,223.0,0.8,207,78.0,0.0,440.0,173.0,0,0,0.0,-1,1.0,13,87,0.0,11.3,-0.5,-1.0,2.9,200.0,79.0,,,194.0,81.0,346.0,120.0,259.0,74.0,276.0,93.0,,,,,,,,0.02,0.02,0.04,1.74,0.0,0.15,1.83,0.99,10.08,27,0,0,0,0,0,0,0,0,0,0,0,0,0,0,0,23,141,0.0,0.0,0.0,0.0,0.0,0.0,0.0,0.0,0.0,0,0,0,0
191,Maxime,Estève,Estève,a,,,3.9,762,222.0,7.9,47,17.0,2.4,134.0,46.0,2,0,0.0,-1,1.0,324,456,0.6,15.1,1.9,1.4,2.5,265.0,102.0,100.0,100.0,59.0,27.0,265.0,85.0,262.0,75.0,166.0,54.0,,,,,,,,0.03,0.02,0.05,2.08,0.0,0.09,2.1,1.05,9.97,27,2,90,0,0,0,1,0,0,0,0,0,0,1,0,11,559,882,0.0,0.15999999999999998,0.0,0.16000000000000014,1.990000000000002,0.0,0.0,0.0,0.0,2,7,7,9
192,Quilindschy,Hartman,Hartman,a,,,4.0,693,178.0,0.7,226,87.0,0.0,487.0,193.0,0,0,0.0,0,0.0,13,97,0.0,11.5,-0.5,-1.0,3.1,166.0,64.0,,,169.0,72.0,124.0,32.0,299.0,92.0,191.0,63.0,1.0,,,,,,,0.01,0.1,0.11,2.04,0.0,0.13,1.88,1.01,7.0,27,0,0,0,0,0,0,0,0,0,0,0,0,0,0,0,30,168,0.0,0.0,0.0,0.0,0.0,0.0,0.0,0.0,0.0,0,0,0,0
193,Bashir,Humphreys,Humphreys,a,,,3.9,758,220.0,0.1,436,161.0,2.0,168.0,57.0,2,0,0.0,-1,1.0,20,18,0.5,8.2,1.5,1.0,2.9,199.0,78.0,100.0,100.0,250.0,102.0,297.0,98.0,314.0,100.0,313.0,106.0,,,,,,,,0.02,0.05,0.07,1.87,0.0,0.1,1.84,0.92,8.29,27,2,82,0,0,0,1,0,0,0,0,0,0,1,0,6,34,33,0.0,0.0,0.0,0.0,1.9199999999999982,0.0,0.0,0.0,0.0,2,4,2,6
194,Jordan,Beyer,Jordan,i,Hamstring injury - Unknown return date,,3.9,754,217.0,0.1,562,202.0,0.0,434.0,170.0,0,0,0.0,-1,1.0,3,4,0.0,0.0,0.0,0.0,0.0,548.0,200.0,0.0,0.0,537.0,199.0,527.0,199.0,492.0,191.0,540.0,199.0,,,,,,,,0.0,0.0,0.0,0.0,0.0,0.0,0.0,0.0,0.0,27,0,0,0,0,0,0,0,0,0,0,0,0,0,0,0,4,6,0.0,0.0,0.0,0.0,0.0,0.0,0.0,0.0,0.0,0,0,0,0
195,Lucas,Pires Silva,Lucas Pires,a,,,3.8,807,256.0,0.3,313,116.0,0.8,278.0,99.0,1,0,0.0,-2,2.0,41,44,0.2,4.5,0.3,-0.2,1.4,419.0,149.0,100.0,100.0,294.0,113.0,172.0,43.0,302.0,93.0,283.0,95.0,,,,,,,,0.03,0.1,0.13,1.83,0.0,0.1,1.89,0.99,6.56,27,1,45,0,0,0,0,0,0,0,0,0,0,0,0,7,62,64,0.0,0.0,0.020000000000000018,0.020000000000000018,0.6799999999999997,0.0,0.0,0.0,0.0,0,5,5,5
196,Shurandy,Sambo,Sambo,u,has joined Sparta Rotterdam on loan for the rest of the season.,,4.0,679,170.0,0.0,615,218.0,0.0,476.0,188.0,0,0,0.0,0,0.0,0,2,0.0,0.0,0.0,0.0,0.0,588.0,217.0,0.0,0.0,577.0,216.0,570.0,216.0,537.0,210.0,580.0,216.0,,,,,,,,0.0,0.0,0.0,0.0,0.0,0.0,0.0,0.0,0.0,27,0,0,0,0,0,0,0,0,0,0,0,0,0,0,0,0,2,0.0,0.0,0.0,0.0,0.0,0.0,0.0,0.0,0.0,0,0,0,0
200,Jaidon,Anthony,Anthony,a,,,5.0,259,158.0,1.8,142,46.0,3.0,93.0,43.0,2,0,0.0,-5,5.0,158,136,0.6,17.2,2.5,2.0,3.3,144.0,62.0,100.0,100.0,95.0,30.0,62.0,49.0,49.0,30.0,47.0,33.0,2.0,,,,,,,0.16,0.09,0.25,1.97,0.0,0.15,1.91,1.08,8.19,27,2,83,0,0,0,1,0,0,0,0,0,0,1,0,5,265,242,0.0,0.10999999999999988,0.1100000000000001,0.22000000000000064,1.9200000000000017,0.0,0.0,0.0,0.0,0,2,3,5
201,Manuel,Benson Hedilazio,Benson,u,has joined Maccabi Haifa permanently.,,5.4,162,99.0,0.0,703,294.0,0.0,774.0,338.0,0,0,0.0,-1,1.0,0,0,0.0,0.0,0.0,0.0,0.0,795.0,351.0,0.0,0.0,795.0,351.0,794.0,351.0,792.0,350.0,795.0,351.0,,,,,,,,0.0,0.0,0.0,0.0,0.0,0.0,0.0,0.0,0.0,27,0,0,0,0,0,0,0,0,0,0,0,0,0,0,0,0,0,0.0,0.0,0.0,0.0,0.0,0.0,0.0,0.0,0.0,0,0,0,0
202,Jacob,Bruun Larsen,Bruun Larsen,a,,,5.3,189,116.0,0.0,625,243.0,0.8,289.0,126.0,1,0,0.0,-2,2.0,3,4,0.2,6.6,0.3,-0.2,1.6,394.0,176.0,100.0,100.0,325.0,147.0,163.0,115.0,210.0,114.0,266.0,132.0,3.0,1.0,3.0,,,,,0.13,0.1,0.23,2.05,0.0,0.29,2.26,0.88,5.9,27,1,12,0,0,0,0,0,0,0,0,0,0,0,0,2,7,5,0.0,0.10000000000000009,0.0,0.10000000000000009,0.10999999999999943,0.0,0.0,0.0,0.0,0,1,0,1
203,Enock,Agyei,Boateng,a,,,4.7,394,246.0,0.0,593,224.0,0.0,698.0,284.0,0,0,0.0,-3,3.0,10,7,0.0,0.0,-0.5,-1.0,0.0,756.0,323.0,,,755.0,322.0,751.0,323.0,742.0,320.0,756.0,323.0,,,,,,,,0.0,0.0,0.0,0.0,0.0,0.0,0.0,0.0,0.0,27,0,0,0,0,0,0,0,0,0,0,0,0,0,0,0,10,7,0.0,0.0,0.0,0.0,0.0,0.0,0.0,0.0,0.0,0,0,0,0
204,Darko,Churlinov,Churlinov,u,has joined Kocaelispor  permanently.,,4.9,321,200.0,0.0,723,302.0,0.0,722.0,301.0,0,0,0.0,-1,1.0,0,0,0.0,0.0,0.0,0.0,0.0,767.0,330.0,0.0,0.0,766.0,329.0,763.0,330.0,757.0,328.0,767.0,330.0,,,,,,,,0.0,0.0,0.0,0.0,0.0,0.0,0.0,0.0,0.0,27,0,0,0,0,0,0,0,0,0,0,0,0,0,0,0,0,0,0.0,0.0,0.0,0.0,0.0,0.0,0.0,0.0,0.0,0,0,0,0
205,Josh,Cullen,Cullen,i,Knee injury - Expected back 30 Sep,,4.9,297,185.0,0.9,202,70.0,0.0,713.0,295.0,0,0,0.0,-1,1.0,3,112,0.0,14.3,0.0,0.0,3.9,81.0,39.0,0.0,0.0,131.0,44.0,129.0,89.0,235.0,130.0,158.0,88.0,,,,,,,,0.06,0.08,0.14,1.93,0.0,0.18,1.73,1.07,10.29,27,0,0,0,0,0,0,0,0,0,0,0,0,0,0,0,8,165,0.0,0.0,0.0,0.0,0.0,0.0,0.0,0.0,0.0,0,0,0,0
206,Marcus,Edwards,Edwards,a,,,4.7,381,238.0,0.1,431,145.0,2.6,117.0,55.0,2,0,0.0,-3,3.0,32,37,0.6,9.1,2.1,1.6,2.5,270.0,114.0,,,277.0,120.0,116.0,81.0,142.0,81.0,199.0,103.0,,3.0,,,,,,0.15,0.17,0.32,1.84,0.0,0.1,1.56,0.93,5.29,27,2,90,0,0,0,1,0,0,0,0,0,0,1,0,6,50,62,0.0,0.20999999999999996,0.010000000000000009,0.21999999999999975,1.9900000000000002,0.0,0.0,0.0,0.0,1,1,6,8
207,Hannibal,Mejbri,Hannibal,a,,,4.7,389,242.0,0.1,459,157.0,2.8,104.0,49.0,1,0,0.0,-3,3.0,45,14,0.6,7.9,2.3,1.8,1.9,342.0,150.0,100.0,100.0,313.0,142.0,173.0,117.0,300.0,159.0,292.0,144.0,,4.0,,,,,,0.06,0.13,0.19,2.22,0.0,0.12,2.12,1.0,8.38,27,1,90,0,0,0,1,0,0,0,1,0,0,1,0,13,73,19,0.0,0.06,0.030000000000000027,0.09000000000000008,1.9900000000000002,0.0,0.0,0.0,0.0,1,1,6,8
208,Luca,Koleosho,Koleosho,u,has joined Paris FC on loan for the rest of the season.,,5.0,266,161.0,0.0,733,308.0,0.0,747.0,318.0,0,0,0.0,0,0.0,0,0,0.0,0.0,0.0,0.0,0.0,784.0,343.0,0.0,0.0,783.0,342.0,782.0,343.0,778.0,341.0,784.0,343.0,,,,,,,,0.0,0.0,0.0,0.0,0.0,0.0,0.0,0.0,0.0,27,0,0,0,0,0,0,0,0,0,0,0,0,0,0,0,0,0,0.0,0.0,0.0,0.0,0.0,0.0,0.0,0.0,0.0,0,0,0,0
209,Josh,Laurent,Laurent,a,,,4.8,353,221.0,0.0,611,236.0,0.8,282.0,122.0,1,0,0.0,-2,2.0,5,2,0.2,9.6,0.3,-0.2,1.9,343.0,151.0,,,213.0,93.0,240.0,149.0,265.0,143.0,264.0,131.0,,,,,,,,0.04,0.03,0.07,2.01,0.0,0.07,2.09,0.88,9.57,27,1,77,0,0,0,1,0,0,0,1,0,0,1,0,8,7,4,0.0,0.06999999999999995,0.08000000000000002,0.15000000000000002,1.879999999999999,0.0,0.0,0.0,0.0,0,1,2,3
210,Loum,Tchaouna,Tchaouna,a,,,4.9,333,208.0,0.0,627,245.0,0.6,309.0,138.0,1,0,0.0,-1,1.0,0,3,0.1,7.3,0.1,-0.4,1.8,367.0,161.0,,,353.0,157.0,282.0,164.0,230.0,127.0,335.0,160.0,,2.0,,,,,,0.1,0.06,0.16,1.64,0.0,0.22,1.34,1.01,5.37,27,1,7,0,0,0,0,0,0,0,0,0,0,0,0,5,1,3,0.0,0.0,0.11999999999999994,0.11999999999999988,0.07000000000000028,0.0,0.0,0.0,0.0,0,0,0,0
212,Oluwaseun,Adewumi,Adewumi,u,Has joined Cercle Brugge on loan for the rest of the season.,,4.5,480,292.0,0.0,761,325.0,0.0,659.0,255.0,0,0,0.0,0,0.0,0,0,0.0,0.0,0.0,0.0,0.0,728.0,301.0,0.0,0.0,725.0,298.0,721.0,300.0,706.0,295.0,727.0,300.0,,,,,,,,0.0,0.0,0.0,0.0,0.0,0.0,0.0,0.0,0.0,27,0,0,0,0,0,0,0,0,0,0,0,0,0,0,0,0,0,0.0,0.0,0.0,0.0,0.0,0.0,0.0,0.0,0.0,0,0,0,0
213,Jaydon,Banel,Banel,u,has joined Derby County on loan for the rest of the season.,,4.5,467,284.0,0.0,613,238.0,0.0,648.0,247.0,0,0,0.0,0,0.0,0,7,0.0,0.2,0.0,0.0,1.0,475.0,214.0,0.0,0.0,714.0,291.0,470.0,226.0,694.0,287.0,716.0,293.0,,,,,,,,0.0,0.0,0.0,0.5,0.0,0.0,0.0,0.0,0.0,27,0,0,0,0,0,0,0,0,0,0,0,0,0,0,0,0,7,0.0,0.0,0.0,0.0,0.0,0.0,0.0,0.0,0.0,0,0,0,0
214,Mike,Trésor Ndayishimiye,Trésor,i,Ankle injury - Unknown return date,,4.4,537,321.0,0.1,565,208.0,0.0,582.0,199.0,0,0,0.0,-1,1.0,2,7,0.0,0.9,0.0,0.0,1.0,465.0,205.0,0.0,0.0,496.0,227.0,474.0,229.0,441.0,217.0,493.0,227.0,,,,,,,,0.0,0.0,0.0,2.18,0.0,0.0,4.74,0.0,9.47,27,0,0,0,0,0,0,0,0,0,0,0,0,0,0,0,4,14,0.0,0.0,0.0,0.0,0.0,0.0,0.0,0.0,0.0,0,0,0,0
215,Zian,Flemming,Flemming,a,,,5.3,196,47.0,0.3,338,56.0,2.2,159.0,22.0,6,0,0.0,-2,2.0,171,44,0.4,10.0,1.7,1.2,2.8,224.0,24.0,100.0,100.0,241.0,20.0,298.0,30.0,71.0,25.0,207.0,26.0,,,1.0,,,,,0.4,0.02,0.42,1.87,0.0,0.2,1.57,1.08,4.82,27,6,90,1,0,0,1,0,0,0,0,0,0,1,0,33,193,74,0.0,0.11000000000000032,0.0,0.11000000000000032,1.9899999999999984,0.0,0.0,0.0,0.0,0,6,0,6
216,Zeki,Amdouni,Amdouni,i,Knee injury - Expected back 25 Apr,,4.8,369,63.0,0.0,671,86.0,0.0,707.0,74.0,0,0,0.0,-2,2.0,3,2,0.0,0.0,0.0,0.0,0.0,759.0,83.0,0.0,0.0,758.0,83.0,754.0,82.0,747.0,82.0,759.0,83.0,,,,,,,,0.0,0.0,0.0,0.0,0.0,0.0,0.0,0.0,0.0,27,0,0,0,0,0,0,0,0,0,0,0,0,0,0,0,5,2,0.0,0.0,0.0,0.0,0.0,0.0,0.0,0.0,0.0,0,0,0,0
217,Lyle,Foster,Foster,a,,,4.9,324,60.0,0.8,206,32.0,1.8,193.0,25.0,0,0,0.0,-1,1.0,61,93,0.4,9.4,1.3,0.8,2.4,287.0,30.0,100.0,100.0,267.0,24.0,225.0,24.0,151.0,36.0,251.0,28.0,,,,,,,,0.2,0.02,0.22,1.87,0.0,0.26,1.94,1.06,5.3,27,0,0,0,0,0,0,0,0,0,0,0,0,0,0,0,102,143,0.0,0.0,0.0,0.0,0.0,0.0,0.0,0.0,0.0,0,0,0,0
218,Ashley,Barnes,Barnes,a,,,4.2,623,87.0,1.5,156,25.0,0.2,361.0,48.0,1,0,0.0,-3,3.0,323,252,0.0,0.5,-0.3,-0.8,1.0,458.0,56.0,,,500.0,62.0,476.0,60.0,413.0,57.0,478.0,58.0,,,2.0,,,,,0.66,0.0,0.66,2.88,0.0,0.0,6.0,0.0,12.0,27,1,6,0,0,0,0,0,0,0,0,0,0,0,0,0,590,431,0.0,0.0,0.0,0.0,0.07,0.0,0.0,0.0,0.0,0,0,1,1
219,Michael,Obafemi,Obafemi,u,has joined Blackpool on loan for the rest of the season.,,4.4,527,75.0,0.1,466,67.0,0.0,580.0,58.0,0,0,0.0,-1,1.0,0,3,0.0,0.0,0.0,0.0,0.0,665.0,68.0,0.0,0.0,654.0,68.0,651.0,67.0,628.0,67.0,657.0,68.0,,,,,,,,0.0,0.0,0.0,0.0,0.0,0.0,0.0,0.0,0.0,27,0,0,0,0,0,0,0,0,0,0,0,0,0,0,0,0,5,0.0,0.0,0.0,0.0,0.0,0.0,0.0,0.0,0.0,0,0,0,0
470,Martin,Dúbravka,Dúbravka,a,,,4.0,659,41.0,32.6,9,2.0,2.0,169.0,12.0,2,0,0.0,0,0.0,946,1283,0.5,19.5,1.5,1.0,2.9,201.0,20.0,100.0,100.0,4.0,1.0,552.0,48.0,518.0,34.0,122.0,1.0,,,,,,,,0.0,0.0,0.0,1.99,3.74,0.11,1.93,1.0,0.0,27,2,90,0,0,0,1,0,0,0,0,0,1,1,0,4,1450,2371,0.0,0.0,0.0,0.0,1.990000000000002,0.0,0.0,0.0,0.0,0,0,2,0
614,James,Ward-Prowse,Ward-Prowse,a,,,5.6,123,76.0,0.2,390,127.0,1.0,273.0,120.0,4,0,0.0,-4,4.0,50,10,0.2,2.9,0.5,0.0,2.3,298.0,131.0,100.0,100.0,392.0,174.0,161.0,113.0,422.0,207.0,341.0,164.0,,,,,,,,0.03,0.21,0.24,1.58,0.0,0.2,2.18,0.99,5.15,27,4,33,0,1,0,0,0,0,0,0,0,0,0,0,18,57,13,0.0,0.0,0.13,0.1299999999999999,0.40000000000000036,0.0,0.0,0.0,0.0,0,1,2,3
676,Lesley,Ugochukwu,Ugochukwu,a,,,5.0,272,167.0,0.1,448,153.0,2.6,120.0,57.0,1,0,0.0,0,0.0,22,25,0.5,15.6,2.1,1.6,3.0,193.0,80.0,100.0,100.0,127.0,41.0,194.0,130.0,136.0,78.0,157.0,87.0,,,,,,,,0.11,0.01,0.12,2.05,0.0,0.15,1.94,1.07,8.92,27,1,56,0,0,0,1,0,0,0,0,0,0,1,0,6,48,41,0.0,0.029999999999999805,0.0,0.029999999999999805,1.5899999999999963,0.0,0.0,0.0,0.0,2,0,1,3
680,Armando,Broja,Broja,i,Knock - Expected back 14 Mar,,5.2,213,49.0,0.2,384,61.0,0.8,288.0,40.0,0,0,0.0,-3,3.0,1,128,0.2,7.3,0.0,0.0,2.0,332.0,38.0,0.0,0.0,347.0,35.0,309.0,32.0,112.0,29.0,290.0,34.0,,,,,,,,0.24,0.01,0.25,2.33,0.0,0.11,2.8,0.89,4.58,27,0,0,0,0,0,0,0,0,0,0,0,0,0,0,0,2,184,0.0,0.0,0.0,0.0,0.0,0.0,0.0,0.0,0.0,0,0,0,0
722,Florentino Ibrain,Morris Luís,Florentino,a,,,5.0,251,153.0,0.0,603,230.0,1.4,232.0,96.0,0,0,0.0,0,0.0,4,13,0.3,12.8,0.9,0.4,2.9,206.0,84.0,,,151.0,53.0,175.0,119.0,320.0,168.0,214.0,106.0,,,,,,,,0.03,0.02,0.05,2.06,0.0,0.11,1.99,1.08,13.5,27,0,0,0,0,0,0,0,0,0,0,0,0,0,0,0,6,19,0.0,0.0,0.0,0.0,0.0,0.0,0.0,0.0,0.0,0,0,0,0
776,Oliver,Pimlott,Pimlott,a,,,4.5,509,314.0,0.0,787,345.0,0.0,684.0,274.0,0,0,0.0,0,0.0,3,0,0.0,0.0,-0.5,-1.0,0.0,748.0,316.0,,,747.0,315.0,742.0,316.0,728.0,312.0,748.0,316.0,,,,,,,,0.0,0.0,0.0,0.0,0.0,0.0,0.0,0.0,0.0,27,0,0,0,0,0,0,0,0,0,0,0,0,0,0,0,4,0,0.0,0.0,0.0,0.0,0.0,0.0,0.0,0.0,0.0,0,0,0,0
784,George,Brierley,Brierley,a,,,4.5,516,320.0,0.0,800,354.0,0.0,691.0,280.0,0,0,0.0,0,0.0,3,1,0.0,0.0,-0.5,-1.0,0.0,753.0,321.0,,,752.0,320.0,747.0,321.0,734.0,318.0,753.0,321.0,,,,,,,,0.0,0.0,0.0,0.0,0.0,0.0,0.0,0.0,0.0,27,0,0,0,0,0,0,0,0,0,0,0,0,0,0,0,3,1,0.0,0.0,0.0,0.0,0.0,0.0,0.0,0.0,0.0,0,0,0,0
66,Norberto,Murara Neto,Neto,u,Has joined Botafogo permanently.,,4.5,406,21.0,0.1,568,77.0,0.0,609.0,88.0,0,0,0.0,0,0.0,0,4,0.0,0.0,0.0,0.0,0.0,687.0,92.0,0.0,0.0,680.0,92.0,675.0,84.0,655.0,73.0,683.0,92.0,,,,,,,,0.0,0.0,0.0,0.0,0.0,0.0,0.0,0.0,0.0,27,0,0,0,0,0,0,0,0,0,0,0,0,0,0,0,0,4,0.0,0.0,0.0,0.0,0.0,0.0,0.0,0.0,0.0,0,0,0,0
67,Đorđe,Petrović,Petrović,a,,,4.5,435,24.0,4.4,81,15.0,4.8,19.0,2.0,7,0,0.0,0,0.0,1389,241,1.1,18.4,4.8,4.8,3.1,169.0,17.0,,,28.0,8.0,691.0,87.0,673.0,76.0,194.0,8.0,,,,,,,,0.0,0.0,0.0,1.52,3.07,0.26,1.67,1.0,0.0,27,7,90,0,0,1,0,0,0,0,0,0,3,1,0,33,1921,517,0.0,0.0,0.0,0.0,2.8699999999999974,0.0,0.0,0.0,0.0,0,4,5,0
68,Will,Dennis,Dennis,u,has joined Leyton Orient on loan for the rest of the season.,,4.0,678,51.0,0.8,210,27.0,0.0,475.0,62.0,0,0,0.0,0,0.0,0,55,0.0,0.0,0.0,0.0,0.0,587.0,70.0,0.0,0.0,576.0,70.0,569.0,58.0,536.0,44.0,579.0,70.0,,,,,,,,0.0,0.0,0.0,0.0,0.0,0.0,0.0,0.0,0.0,27,0,0,0,0,0,0,0,0,0,0,0,0,0,0,0,0,71,0.0,0.0,0.0,0.0,0.0,0.0,0.0,0.0,0.0,0,0,0,0
69,Callan,McKenna,McKenna,a,,,3.9,777,92.0,0.2,347,49.0,0.0,454.0,51.0,0,0,0.0,-1,1.0,42,17,0.0,0.0,0.0,0.0,0.0,567.0,60.0,,,556.0,60.0,546.0,45.0,511.0,31.0,559.0,60.0,,,,,,,,0.0,0.0,0.0,0.0,0.0,0.0,0.0,0.0,0.0,27,0,0,0,0,0,0,0,0,0,0,0,0,0,0,0,57,24,0.0,0.0,0.0,0.0,0.0,0.0,0.0,0.0,0.0,0,0,0,0
70,Alex,Paulsen,Paulsen,u,Has joined Lechia Gdansk on loan for the rest of the season.,,4.0,694,58.0,0.1,570,78.0,0.0,488.0,69.0,0,0,0.0,0,0.0,0,1,0.0,0.0,0.0,0.0,0.0,599.0,77.0,0.0,0.0,588.0,77.0,581.0,65.0,548.0,51.0,591.0,77.0,,,,,,,,0.0,0.0,0.0,0.0,0.0,0.0,0.0,0.0,0.0,27,0,0,0,0,0,0,0,0,0,0,0,0,0,0,0,0,1,0.0,0.0,0.0,0.0,0.0,0.0,0.0,0.0,0.0,0,0,0,0
71,Illia,Zabarnyi,Zabarnyi,u,Has joined Paris Saint-Germain permanently.,,5.0,264,41.0,0.0,667,233.0,0.0,746.0,257.0,0,0,0.0,0,0.0,0,0,0.0,0.0,0.0,0.0,0.0,783.0,262.0,0.0,0.0,782.0,262.0,781.0,262.0,777.0,262.0,783.0,262.0,,,,,,,,0.0,0.0,0.0,0.0,0.0,0.0,0.0,0.0,0.0,27,0,0,0,0,0,0,0,0,0,0,0,0,0,0,0,0,1,0.0,0.0,0.0,0.0,0.0,0.0,0.0,0.0,0.0,0,0,0,0
72,Marcos,Senesi Barón,Senesi,a,,,4.8,360,60.0,15.7,21,7.0,4.0,38.0,14.0,5,0,0.0,3,-3.0,4481,1685,0.8,23.1,4.0,4.0,4.3,41.0,16.0,100.0,100.0,3.0,1.0,87.0,21.0,165.0,35.0,31.0,1.0,,,,,,,,0.05,0.17,0.22,1.53,0.0,0.27,1.72,1.02,12.26,27,5,90,0,0,1,0,0,0,0,1,0,0,1,0,23,6493,3020,0.0,0.06000000000000005,0.40000000000000036,0.45999999999999996,2.8700000000000045,0.0,0.0,0.0,0.0,0,8,4,8
73,Adam,Smith,Smith,a,,,4.4,517,98.0,0.2,385,143.0,2.0,174.0,62.0,1,0,0.0,-1,1.0,20,23,0.5,6.8,2.0,2.0,1.9,338.0,126.0,100.0,100.0,359.0,135.0,366.0,129.0,379.0,132.0,388.0,139.0,,,,,,,,0.0,0.01,0.01,1.54,0.0,0.37,1.86,1.24,5.08,27,1,1,0,0,0,0,0,0,0,0,0,0,0,0,4,26,34,0.0,0.0,0.0,0.0,0.10000000000000142,0.0,0.0,0.0,0.0,0,0,0,0
74,Adrien,Truffert,Truffert,a,,,4.5,450,91.0,1.9,136,53.0,4.8,20.0,5.0,6,0,0.0,0,0.0,1025,200,1.1,21.1,4.8,4.8,3.5,117.0,43.0,,,42.0,18.0,60.0,12.0,246.0,68.0,72.0,17.0,,,,,,,,0.01,0.06,0.07,1.46,0.0,0.26,1.58,1.02,8.29,27,6,90,0,0,1,0,0,0,0,0,0,0,1,0,24,1602,341,0.0,0.040000000000000036,0.0,0.040000000000000036,2.8700000000000045,0.0,0.0,0.0,0.0,1,5,6,6
75,Matai,Akinmboni,Akinmboni,d,Lack of match fitness - 75% chance of playing,,3.8,802,251.0,0.2,383,142.0,0.0,412.0,162.0,0,0,0.0,-2,2.0,7,11,0.0,0.0,0.0,0.0,0.0,528.0,194.0,75.0,75.0,517.0,193.0,504.0,191.0,468.0,182.0,520.0,193.0,,,,,,,,0.0,0.0,0.0,0.0,0.0,0.0,0.0,0.0,0.0,27,0,0,0,0,0,0,0,0,0,0,0,0,0,0,0,9,18,0.0,0.0,0.0,0.0,0.0,0.0,0.0,0.0,0.0,0,0,0,0
76,Owen,Bevan,Bevan,a,,,3.8,800,249.0,0.2,387,145.0,0.0,410.0,160.0,0,0,0.0,-2,2.0,31,17,0.0,0.0,0.0,0.0,0.0,527.0,193.0,,,516.0,192.0,503.0,190.0,467.0,181.0,519.0,192.0,,,,,,,,0.0,0.0,0.0,0.0,0.0,0.0,0.0,0.0,0.0,27,0,0,0,0,0,0,0,0,0,0,0,0,0,0,0,41,19,0.0,0.0,0.0,0.0,0.0,0.0,0.0,0.0,0.0,0,0,0,0
77,James,Hill,Hill,a,,,4.0,685,173.0,4.7,73,22.0,7.0,4.0,2.0,6,0,0.0,0,0.0,10907,249,1.8,16.2,7.0,7.0,3.6,102.0,37.0,,,159.0,69.0,294.0,97.0,294.0,89.0,254.0,85.0,,,,,,,,0.02,0.07,0.09,1.43,0.0,0.32,1.21,0.89,11.25,27,6,90,0,0,1,0,0,0,0,0,0,0,1,0,29,20301,352,0.0,0.0,0.06999999999999995,0.07000000000000006,2.870000000000001,0.0,0.0,0.0,0.0,2,5,3,7
78,Julián,Araujo Zúñiga,J.Araujo,u,has joined Celtic on loan for the rest of the season.,,3.8,792,241.0,0.5,255,95.0,0.0,403.0,153.0,0,0,0.0,-2,2.0,0,37,0.0,0.0,0.0,0.0,0.0,521.0,187.0,0.0,0.0,510.0,186.0,497.0,184.0,461.0,175.0,513.0,186.0,,,,,,,,0.0,0.0,0.0,0.0,0.0,0.0,0.0,0.0,0.0,27,0,0,0,0,0,0,0,0,0,0,0,0,0,0,0,0,68,0.0,0.0,0.0,0.0,0.0,0.0,0.0,0.0,0.0,0,0,0,0
79,Chris,Mepham,Mepham,u,has joined West Bromwich Albion permanently.,,4.0,671,167.0,0.1,541,193.0,0.0,468.0,185.0,0,0,0.0,0,0.0,0,0,0.0,0.0,0.0,0.0,0.0,580.0,214.0,0.0,0.0,569.0,213.0,562.0,213.0,529.0,207.0,572.0,213.0,,,,,,,,0.0,0.0,0.0,0.0,0.0,0.0,0.0,0.0,0.0,27,0,0,0,0,0,0,0,0,0,0,0,0,0,0,0,0,2,0.0,0.0,0.0,0.0,0.0,0.0,0.0,0.0,0.0,0,0,0,0
80,Julio,Soler Barreto,Soler,i,Hamstring injury - Expected back 01 Jun,,4.0,714,192.0,0.2,377,138.0,0.0,506.0,205.0,0,0,0.0,0,0.0,3,20,0.0,0.8,0.0,0.0,1.0,453.0,165.0,0.0,0.0,484.0,173.0,448.0,163.0,435.0,161.0,483.0,170.0,,,,,,,,0.0,0.0,0.0,4.29,0.0,0.0,5.29,0.0,2.65,27,0,0,0,0,0,0,0,0,0,0,0,0,0,0,0,3,29,0.0,0.0,0.0,0.0,0.0,0.0,0.0,0.0,0.0,0,0,0,0
81,Justin,Kluivert,Kluivert,i,Knee injury - Expected back 09 May,,7.0,35,21.0,0.6,235,82.0,0.0,813.0,365.0,0,0,0.0,0,0.0,8,53,0.0,5.7,0.0,0.0,2.2,313.0,137.0,0.0,0.0,293.0,132.0,84.0,63.0,202.0,110.0,197.0,102.0,4.0,2.0,1.0,,,,,0.22,0.15,0.37,1.65,0.0,0.39,1.77,0.98,6.11,27,0,0,0,0,0,0,0,0,0,0,0,0,0,0,0,10,65,0.0,0.0,0.0,0.0,0.0,0.0,0.0,0.0,0.0,0,0,0,0
84,Marcus,Tavernier,Tavernier,a,,,5.3,191,118.0,1.0,186,64.0,0.2,387.0,172.0,1,0,0.0,-2,2.0,298,204,0.0,17.9,0.2,0.1,4.1,59.0,26.0,100.0,50.0,80.0,26.0,33.0,31.0,57.0,34.0,39.0,29.0,2.0,1.0,4.0,,,,,0.26,0.12,0.38,1.4,0.0,0.36,1.83,1.02,8.33,27,1,10,0,0,0,0,0,0,0,0,0,0,0,0,2,359,512,0.0,0.0,0.0,0.0,0.17999999999999972,0.0,0.0,0.0,0.0,0,0,0,0
85,Tyler,Adams,Adams,a,,,4.9,301,188.0,0.3,335,116.0,1.0,264.0,115.0,5,0,0.0,-1,1.0,38,9,0.2,11.2,1.0,1.0,3.4,130.0,57.0,100.0,100.0,199.0,81.0,290.0,168.0,226.0,125.0,249.0,125.0,,,,,,,,0.04,0.02,0.06,1.36,0.0,0.36,1.64,1.14,11.42,27,5,65,0,0,1,0,0,0,0,0,0,0,1,0,15,50,16,0.0,0.0,0.010000000000000009,0.010000000000000009,1.2699999999999996,0.0,0.0,0.0,0.0,2,7,5,14
86,David,Brooks,Brooks,a,,,5.0,244,149.0,0.2,393,130.0,0.4,338.0,152.0,1,0,0.0,0,0.0,25,12,0.1,9.0,0.4,0.4,2.0,330.0,144.0,100.0,100.0,258.0,108.0,86.0,64.0,39.0,24.0,100.0,58.0,5.0,3.0,,,,,,0.42,0.26,0.68,1.46,0.0,0.37,1.58,1.02,7.24,27,1,24,0,0,0,0,0,0,0,0,0,0,0,0,5,49,25,0.0,0.09999999999999964,0.020000000000000018,0.1200000000000001,1.5999999999999996,0.0,0.0,0.0,0.0,0,1,3,4
87,Ryan,Christie,Christie,a,,,4.9,292,182.0,0.1,559,205.0,1.2,243.0,104.0,1,0,0.0,-1,1.0,7,10,0.2,5.1,1.2,1.2,1.5,411.0,183.0,100.0,100.0,327.0,149.0,208.0,138.0,199.0,109.0,284.0,139.0,,,,,,,,0.26,0.07,0.33,2.15,0.0,0.0,1.88,0.38,10.36,27,1,24,0,0,0,0,0,0,0,0,0,0,0,0,6,10,17,0.0,0.0,0.0,0.0,1.5999999999999996,0.0,0.0,0.0,0.0,2,0,3,5
88,Lewis,Cook,Cook,a,,,4.9,291,181.0,0.1,560,206.0,2.4,137.0,62.0,0,0,0.0,-1,1.0,25,26,0.5,7.8,2.4,2.4,2.4,284.0,122.0,100.0,100.0,248.0,105.0,158.0,110.0,391.0,196.0,273.0,135.0,,,,,,,,0.01,0.05,0.06,1.4,0.0,0.1,1.86,0.83,14.79,27,0,0,0,0,0,0,0,0,0,0,0,0,0,0,0,43,37,0.0,0.0,0.0,0.0,0.0,0.0,0.0,0.0,0.0,0,0,0,0
89,Philip,Billing,Philip,u,has joined Midtjylland permanently.,,4.9,294,184.0,0.0,673,273.0,0.0,712.0,294.0,0,0,0.0,-1,1.0,0,0,0.0,0.0,0.0,0.0,0.0,762.0,326.0,0.0,0.0,761.0,325.0,758.0,326.0,751.0,324.0,762.0,326.0,,,,,,,,0.0,0.0,0.0,0.0,0.0,0.0,0.0,0.0,0.0,27,0,0,0,0,0,0,0,0,0,0,0,0,0,0,0,0,0,0.0,0.0,0.0,0.0,0.0,0.0,0.0,0.0,0.0,0,0,0,0
90,Alex,Scott,Scott,a,,,5.0,271,166.0,1.0,198,68.0,5.8,11.0,5.0,5,0,0.0,0,0.0,1254,236,1.2,19.0,5.8,5.8,3.5,123.0,54.0,100.0,100.0,115.0,38.0,109.0,75.0,116.0,67.0,111.0,61.0,1.0,,,,,,,0.12,0.06,0.18,1.54,0.0,0.32,1.52,1.11,11.87,27,5,90,0,0,1,0,0,0,0,0,0,0,1,0,22,2098,434,0.0,0.14000000000000012,0.06000000000000005,0.20000000000000018,2.8700000000000045,0.0,0.0,0.0,0.0,4,2,6,12
91,Luis,Sinisterra Lucumí,Sinisterra,u,has joined Cruzeiro on loan for the rest of the season.,,5.0,253,154.0,0.0,737,310.0,0.0,741.0,313.0,0,0,0.0,0,0.0,0,0,0.0,0.0,0.0,0.0,0.0,779.0,339.0,0.0,0.0,778.0,338.0,776.0,339.0,773.0,337.0,779.0,339.0,,,,,,,,0.0,0.0,0.0,0.0,0.0,0.0,0.0,0.0,0.0,27,0,0,0,0,0,0,0,0,0,0,0,0,0,0,0,0,0,0.0,0.0,0.0,0.0,0.0,0.0,0.0,0.0,0.0,0,0,0,0
92,Romain,Faivre,Faivre,u,has joined Auxerre permanently.,,4.5,431,258.0,0.1,554,202.0,0.0,624.0,225.0,0,0,0.0,0,0.0,0,4,0.0,0.0,0.0,0.0,0.0,698.0,275.0,0.0,0.0,691.0,269.0,688.0,273.0,670.0,266.0,694.0,272.0,,,,,,,,0.0,0.0,0.0,0.0,0.0,0.0,0.0,0.0,0.0,27,0,0,0,0,0,0,0,0,0,0,0,0,0,0,0,0,5,0.0,0.0,0.0,0.0,0.0,0.0,0.0,0.0,0.0,0,0,0,0
93,Hamed,Traorè,H.Traorè,u,has joined Marseille on loan for the rest of the season.,,4.5,426,255.0,0.3,327,111.0,0.0,620.0,222.0,0,0,0.0,0,0.0,0,5,0.0,0.9,0.0,0.0,4.0,66.0,29.0,0.0,0.0,440.0,193.0,418.0,207.0,666.0,263.0,456.0,206.0,,,,,,,,0.0,0.0,0.0,2.25,0.0,0.0,11.25,0.0,22.5,27,0,0,0,0,0,0,0,0,0,0,0,0,0,0,0,0,7,0.0,0.0,0.0,0.0,0.0,0.0,0.0,0.0,0.0,0,0,0,0
94,Dominic,Sadi,Sadi,u,has joined Novi Pazar on loan for the rest of the season.,,4.5,466,283.0,0.0,639,253.0,0.0,647.0,246.0,0,0,0.0,0,0.0,0,2,0.0,0.0,0.0,0.0,0.0,719.0,295.0,0.0,0.0,713.0,290.0,710.0,293.0,693.0,286.0,715.0,292.0,,,,,,,,0.0,0.0,0.0,0.0,0.0,0.0,0.0,0.0,0.0,27,0,0,0,0,0,0,0,0,0,0,0,0,0,0,0,0,2,0.0,0.0,0.0,0.0,0.0,0.0,0.0,0.0,0.0,0,0,0,0
95,Zain,Silcott-Duberry,Silcott-Duberry,u,has joined Olympiakos permanently.,,4.4,552,331.0,0.1,577,214.0,0.0,591.0,207.0,0,0,0.0,-1,1.0,0,1,0.0,0.0,0.0,0.0,0.0,674.0,262.0,0.0,0.0,664.0,253.0,661.0,259.0,639.0,249.0,667.0,256.0,,,,,,,,0.0,0.0,0.0,0.0,0.0,0.0,0.0,0.0,0.0,27,0,0,0,0,0,0,0,0,0,0,0,0,0,0,0,0,3,0.0,0.0,0.0,0.0,0.0,0.0,0.0,0.0,0.0,0,0,0,0
96,Ben,Winterburn,Winterburn,u,has joined Barnet on loan for the rest of the season.,,4.5,496,305.0,0.0,638,252.0,0.0,674.0,267.0,0,0,0.0,0,0.0,0,0,0.0,0.2,0.0,0.0,1.0,482.0,220.0,0.0,0.0,738.0,308.0,733.0,309.0,719.0,305.0,739.0,309.0,,,,,,,,0.0,0.0,0.0,4.65,0.0,0.0,30.0,0.0,0.0,27,0,0,0,0,0,0,0,0,0,0,0,0,0,0,0,0,1,0.0,0.0,0.0,0.0,0.0,0.0,0.0,0.0,0.0,0,0,0,0
97,Francisco Evanilson,de Lima Barbosa,Evanilson,a,,,6.9,40,16.0,2.6,114,19.0,3.0,100.0,11.0,2,0,0.0,-1,1.0,759,1580,0.4,11.4,3.0,3.0,3.2,164.0,14.0,100.0,100.0,208.0,16.0,90.0,3.0,14.0,9.0,43.0,10.0,,,,,,,,0.35,0.04,0.39,1.31,0.0,0.33,1.57,1.04,3.75,27,2,79,0,0,1,0,0,0,0,0,0,0,1,0,4,1214,3222,0.0,0.0,0.0,0.0,2.6899999999999977,0.0,0.0,0.0,0.0,0,1,0,1
98,Enes,Ünal,Enes Ünal,a,,,5.4,161,42.0,0.0,598,81.0,1.0,271.0,33.0,1,0,0.0,-1,1.0,19,11,0.2,3.3,1.0,1.0,1.3,432.0,53.0,100.0,100.0,411.0,46.0,428.0,55.0,291.0,49.0,403.0,49.0,,,,,,,,0.63,0.03,0.66,1.93,0.0,0.0,1.19,0.0,5.36,27,1,1,0,0,0,0,0,0,0,0,0,0,0,0,2,23,15,0.0,0.0,0.0,0.0,0.10000000000000009,0.0,0.0,0.0,0.0,0,1,0,1
99,Daniel,Adu-Adjei,Adu-Adjei,u,has joined HNK Rijeka permanently.,,4.4,566,82.0,0.1,430,63.0,0.0,604.0,65.0,0,0,0.0,-1,1.0,0,2,0.0,0.0,0.0,0.0,0.0,684.0,75.0,0.0,0.0,676.0,75.0,672.0,74.0,651.0,74.0,679.0,75.0,,,,,,,,0.0,0.0,0.0,0.0,0.0,0.0,0.0,0.0,0.0,27,0,0,0,0,0,0,0,0,0,0,0,0,0,0,0,0,4,0.0,0.0,0.0,0.0,0.0,0.0,0.0,0.0,0.0,0,0,0,0
100,Junior,Kroupi,Kroupi.Jr,a,,,4.7,393,65.0,7.3,54,10.0,2.6,118.0,14.0,2,0,0.0,2,-2.0,2613,1996,0.6,14.7,2.6,2.6,3.1,172.0,15.0,,,147.0,13.0,191.0,17.0,62.0,23.0,119.0,16.0,,,,,,,,0.41,0.06,0.47,1.51,0.0,0.47,1.6,1.13,6.4,27,2,88,0,0,1,0,0,0,0,0,0,0,1,0,11,4654,3686,0.0,0.019999999999999574,0.06000000000000005,0.08000000000000007,2.769999999999998,0.0,0.0,0.0,0.0,1,1,2,4
391,Ben,Gannon-Doak,Gannon-Doak,i,Hamstring injury - Unknown return date,,4.8,370,231.0,0.0,636,250.0,0.0,708.0,291.0,0,0,0.0,-2,2.0,1,1,0.0,1.5,0.0,0.0,1.8,366.0,160.0,0.0,0.0,441.0,194.0,401.0,199.0,393.0,198.0,447.0,201.0,,,,,,,,0.15,0.15,0.3,4.52,0.0,0.0,1.7,0.0,5.09,27,0,0,0,0,0,0,0,0,0,0,0,0,0,0,0,1,1,0.0,0.0,0.0,0.0,0.0,0.0,0.0,0.0,0.0,0,0,0,0
685,Bafodé,Diakité,Diakité,a,,,4.2,635,148.0,0.3,321,117.0,0.2,365.0,135.0,0,0,0.0,-3,3.0,18,28,0.0,11.0,0.2,0.2,2.6,251.0,98.0,100.0,100.0,198.0,82.0,323.0,110.0,363.0,122.0,298.0,99.0,,,,,,,,0.0,0.01,0.01,1.59,0.0,0.28,1.91,1.06,8.26,27,0,0,0,0,0,0,0,0,0,0,0,0,0,0,0,25,45,0.0,0.0,0.0,0.0,0.0,0.0,0.0,0.0,0.0,0,0,0,0
687,Remy,Rees-Dottin,Rees-Dottin,a,,,4.3,618,362.0,0.2,395,132.0,0.0,570.0,195.0,0,0,0.0,-2,2.0,83,26,0.0,0.0,0.0,0.0,0.0,658.0,252.0,,,647.0,242.0,644.0,248.0,620.0,237.0,650.0,245.0,,,,,,,,0.0,0.0,0.0,0.0,0.0,0.0,0.0,0.0,0.0,27,0,0,0,0,0,0,0,0,0,0,0,0,0,0,0,123,31,0.0,0.0,0.0,0.0,0.0,0.0,0.0,0.0,0.0,0,0,0,0
697,Amine,Adli,Adli,a,,,5.4,178,109.0,0.6,230,80.0,6.0,8.0,4.0,3,0,0.0,-1,1.0,1504,210,1.1,10.7,6.0,6.0,2.5,272.0,116.0,,,210.0,90.0,153.0,106.0,100.0,61.0,164.0,89.0,,6.0,,,,,,0.25,0.15,0.4,1.42,0.0,0.3,1.4,0.9,10.42,27,3,65,0,0,1,0,0,0,0,0,0,0,1,0,11,3095,317,0.0,0.0,0.020000000000000018,0.020000000000000018,1.2700000000000014,0.0,0.0,0.0,0.0,1,1,5,7
713,Álex,Jiménez Sánchez,A.Jimenez,a,,,4.5,468,93.0,0.2,354,127.0,4.0,37.0,13.0,6,0,0.0,0,0.0,122,60,0.9,11.8,4.0,4.0,2.3,292.0,110.0,,,184.0,76.0,184.0,45.0,158.0,34.0,189.0,62.0,,,,,,,,0.05,0.05,0.1,1.7,0.0,0.21,1.72,1.02,5.59,27,6,88,0,0,1,0,0,0,0,0,0,0,1,0,21,166,117,0.0,0.0,0.010000000000000009,0.010000000000000009,2.7699999999999996,0.0,0.0,0.0,0.0,2,4,4,6
721,Veljko,Milosavljevic,Milosavljević,a,,,4.4,568,120.0,0.0,656,230.0,0.0,605.0,240.0,0,0,0.0,-1,1.0,4,1,0.0,4.3,0.0,0.0,2.7,234.0,92.0,100.0,100.0,343.0,132.0,402.0,146.0,396.0,143.0,396.0,141.0,,,,,,,,0.04,0.05,0.09,1.08,0.0,0.25,1.47,0.98,9.56,27,0,0,0,0,0,0,0,0,0,0,0,0,0,0,0,4,1,0.0,0.0,0.0,0.0,0.0,0.0,0.0,0.0,0.0,0,0,0,0
756,Malcom,DaCosta,DaCosta,a,,,4.5,514,318.0,0.0,744,315.0,0.0,689.0,278.0,0,0,0.0,0,0.0,3,2,0.0,0.0,0.0,0.0,0.0,751.0,319.0,,,750.0,318.0,745.0,319.0,732.0,316.0,751.0,319.0,,,,,,,,0.0,0.0,0.0,0.0,0.0,0.0,0.0,0.0,0.0,27,0,0,0,0,0,0,0,0,0,0,0,0,0,0,0,5,3,0.0,0.0,0.0,0.0,0.0,0.0,0.0,0.0,0.0,0,0,0,0
782,Fraser,Forster,Forster,a,,,4.0,658,40.0,0.0,678,80.0,0.0,459.0,53.0,0,0,0.0,0,0.0,12,3,0.0,0.0,0.0,0.0,0.0,572.0,62.0,,,561.0,62.0,551.0,47.0,517.0,33.0,564.0,62.0,,,,,,,,0.0,0.0,0.0,0.0,0.0,0.0,0.0,0.0,0.0,27,0,0,0,0,0,0,0,0,0,0,0,0,0,0,0,15,4,0.0,0.0,0.0,0.0,0.0,0.0,0.0,0.0,0.0,0,0,0,0
799,Charlie,Stevens,Stevens,a,,,4.5,511,315.0,0.0,784,343.0,0.0,686.0,275.0,0,0,0.0,0,0.0,4,1,0.0,0.0,0.0,0.0,0.0,749.0,317.0,,,748.0,316.0,743.0,317.0,729.0,313.0,749.0,317.0,,,,,,,,0.0,0.0,0.0,0.0,0.0,0.0,0.0,0.0,0.0,27,0,0,0,0,0,0,0,0,0,0,0,0,0,0,0,6,1,0.0,0.0,0.0,0.0,0.0,0.0,0.0,0.0,0.0,0,0,0,0
801,Alex,Tóth,Tóth.A,a,,,5.0,281,175.0,0.0,757,323.0,0.6,312.0,140.0,0,0,0.0,0,0.0,3,5,0.1,0.6,0.6,0.6,1.0,494.0,229.0,,,468.0,212.0,381.0,195.0,410.0,201.0,451.0,204.0,,,,,,,,0.08,0.11,0.19,3.19,0.0,0.0,1.36,1.36,10.91,27,0,0,0,0,0,0,0,0,0,0,0,0,0,0,0,3,6,0.0,0.0,0.0,0.0,0.0,0.0,0.0,0.0,0.0,0,0,0,0
806,Christos,Mandas,Mandas,a,,,4.0,676,50.0,0.0,770,88.0,0.0,473.0,61.0,0,0,0.0,0,0.0,7,1,0.0,0.0,0.0,0.0,0.0,585.0,69.0,,,574.0,69.0,567.0,57.0,534.0,43.0,577.0,69.0,,,,,,,,0.0,0.0,0.0,0.0,0.0,0.0,0.0,0.0,0.0,27,0,0,0,0,0,0,0,0,0,0,0,0,0,0,0,7,4,0.0,0.0,0.0,0.0,0.0,0.0,0.0,0.0,0.0,0,0,0,0
27,Reiss,Nelson,Nelson,a,,,4.8,356,224.0,0.1,489,172.0,0.0,701.0,287.0,0,0,0.0,-2,2.0,8,8,0.0,1.2,0.5,0.0,1.0,486.0,224.0,100.0,100.0,447.0,199.0,443.0,214.0,384.0,194.0,454.0,205.0,,,,,,,,1.1,0.13,1.23,2.18,0.0,0.0,1.8,0.0,30.6,27,0,0,0,0,0,0,0,0,0,0,0,0,0,0,0,10,10,0.0,0.0,0.0,0.0,0.0,0.0,0.0,0.0,0.0,0,0,0,0
83,Dango,Ouattara,O.Dango,a,,,5.8,111,70.0,1.2,171,57.0,4.8,22.0,11.0,2,0,0.0,-2,2.0,4837,305,0.8,15.3,5.3,4.8,4.2,54.0,24.0,100.0,100.0,176.0,68.0,157.0,109.0,30.0,15.0,90.0,53.0,2.0,,,,,,,0.33,0.11,0.44,1.25,0.0,0.19,1.3,0.99,7.73,27,2,90,0,0,0,2,0,0,0,0,0,0,1,0,12,10454,457,0.0,0.4500000000000002,0.3400000000000001,0.79,1.1099999999999994,0.0,0.0,0.0,0.0,1,3,1,5
101,Caoimhín,Kelleher,Kelleher,a,,,4.6,397,19.0,10.9,33,6.0,3.2,77.0,6.0,2,0,0.0,1,-1.0,6629,622,0.7,21.3,3.7,3.2,3.6,105.0,12.0,100.0,100.0,25.0,6.0,389.0,4.0,736.0,79.0,183.0,6.0,,,,,,,,0.0,0.0,0.0,1.39,2.7,0.22,1.37,1.0,0.0,27,2,90,0,0,0,2,0,0,0,0,0,5,1,0,14,10546,879,0.0,0.0,0.0,0.0,1.1099999999999994,0.0,0.0,0.0,0.0,0,1,8,0
102,Ellery,Balcombe,Balcombe,a,,,3.9,753,79.0,0.3,333,45.0,0.0,433.0,38.0,0,0,0.0,-1,1.0,15,12,0.0,0.0,0.5,0.0,0.0,547.0,47.0,,,536.0,47.0,526.0,32.0,491.0,18.0,539.0,47.0,,,,,,,,0.0,0.0,0.0,0.0,0.0,0.0,0.0,0.0,0.0,27,0,0,0,0,0,0,0,0,0,0,0,0,0,0,0,19,24,0.0,0.0,0.0,0.0,0.0,0.0,0.0,0.0,0.0,0,0,0,0
103,Matthew,Cox,Cox,u,has joined Shrewsbury Town on loan for the rest of the season.,,3.9,769,87.0,0.1,419,62.0,0.0,446.0,46.0,0,0,0.0,-1,1.0,0,8,0.0,0.0,0.0,0.0,0.0,559.0,55.0,0.0,0.0,548.0,55.0,538.0,40.0,503.0,26.0,551.0,55.0,,,,,,,,0.0,0.0,0.0,0.0,0.0,0.0,0.0,0.0,0.0,27,0,0,0,0,0,0,0,0,0,0,0,0,0,0,0,0,13,0.0,0.0,0.0,0.0,0.0,0.0,0.0,0.0,0.0,0,0,0,0
104,Julian,Eyestone,Eyestone,a,,,3.9,773,89.0,0.1,455,68.0,0.0,450.0,48.0,0,0,0.0,-1,1.0,1,8,0.0,0.0,0.5,0.0,0.0,563.0,57.0,,,552.0,57.0,542.0,42.0,507.0,28.0,555.0,57.0,,,,,,,,0.0,0.0,0.0,0.0,0.0,0.0,0.0,0.0,0.0,27,0,0,0,0,0,0,0,0,0,0,0,0,0,0,0,1,11,0.0,0.0,0.0,0.0,0.0,0.0,0.0,0.0,0.0,0,0,0,0
105,Hákon Rafn,Valdimarsson,Valdimarsson,a,,,3.9,770,88.0,0.6,239,31.0,0.0,447.0,47.0,0,0,0.0,-1,1.0,7,16,0.0,0.0,0.5,0.0,0.0,560.0,56.0,,,549.0,56.0,539.0,41.0,504.0,27.0,552.0,56.0,,,,,,,,0.0,0.0,0.0,0.0,0.0,0.0,0.0,0.0,0.0,27,0,0,0,0,0,0,0,0,0,0,0,0,0,0,0,10,24,0.0,0.0,0.0,0.0,0.0,0.0,0.0,0.0,0.0,0,0,0,0
106,Nathan,Collins,Collins,a,,,5.0,258,39.0,2.9,108,43.0,0.6,311.0,108.0,1,0,0.0,0,0.0,810,2036,0.1,18.6,1.1,0.6,3.7,96.0,36.0,,,14.0,5.0,242.0,68.0,92.0,10.0,66.0,12.0,,,,,,,,0.07,0.04,0.11,1.37,0.0,0.22,1.39,0.96,10.26,27,1,45,0,0,0,1,0,0,0,0,0,0,0,0,314,1098,2794,0.0,0.08000000000000007,0.15000000000000002,0.22999999999999998,0.43000000000000327,0.0,0.0,0.0,0.0,0,3,2,3
107,Keane,Lewis-Potter,Lewis-Potter,a,,,4.8,365,62.0,1.7,145,57.0,2.2,156.0,56.0,0,0,0.0,-2,2.0,1179,782,0.5,16.0,2.7,2.2,3.1,173.0,67.0,,,240.0,95.0,185.0,46.0,105.0,15.0,195.0,64.0,,,,,,,,0.16,0.08,0.24,1.62,0.0,0.48,1.59,1.03,3.26,27,0,45,0,0,0,2,0,0,0,0,0,0,1,0,199,1843,1006,0.0,0.040000000000000036,0.0,0.03999999999999959,1.0,0.0,0.0,0.0,0.0,0,0,2,0
108,Kristoffer,Ajer,Ajer,a,,,4.4,523,103.0,0.2,353,126.0,3.2,72.0,26.0,1,0,0.0,-1,1.0,170,51,0.7,14.3,3.7,3.2,3.0,185.0,73.0,100.0,100.0,152.0,66.0,364.0,128.0,176.0,39.0,231.0,76.0,,,,,,,,0.04,0.04,0.08,1.45,0.0,0.25,1.43,1.06,9.64,27,1,80,0,0,0,2,0,0,0,0,0,0,1,0,0,383,74,0.0,0.019999999999999907,0.0,0.020000000000000018,1.1099999999999994,0.0,0.0,0.0,0.0,1,1,1,2
109,Rico,Henry,Henry,a,,,4.3,580,128.0,0.2,388,146.0,2.4,135.0,47.0,1,0,0.0,-2,2.0,130,21,0.6,10.9,2.9,2.4,2.0,325.0,120.0,,,333.0,125.0,327.0,111.0,352.0,116.0,366.0,127.0,,,,,,,,0.01,0.03,0.04,1.7,0.0,0.3,1.41,0.89,4.68,27,1,90,0,0,0,2,0,0,0,0,0,0,1,0,1,183,31,0.0,0.0,0.020000000000000018,0.020000000000000018,1.1099999999999994,0.0,0.0,0.0,0.0,0,5,5,5
110,Michael,Kayode,Kayode,d,Knock - 75% chance of playing,,4.5,497,96.0,0.7,212,80.0,1.8,190.0,69.0,0,0,0.0,0,0.0,403,420,0.4,16.2,1.7,1.8,2.8,218.0,86.0,75.0,,84.0,37.0,53.0,8.0,271.0,79.0,102.0,28.0,,,,,,,,0.01,0.09,0.1,1.41,0.0,0.24,1.35,1.03,6.43,27,0,0,0,0,0,0,0,0,0,0,0,0,0,0,0,897,483,0.0,0.0,0.0,0.0,0.0,0.0,0.0,0.0,0.0,0,0,0,0
111,Ethan,Pinnock,Pinnock,a,,,4.2,632,146.0,0.1,457,167.0,0.0,531.0,224.0,0,0,0.0,-3,3.0,13,14,0.0,1.0,0.5,0.0,1.3,424.0,153.0,100.0,100.0,387.0,149.0,461.0,169.0,390.0,140.0,424.0,151.0,,,,,,,,0.0,0.02,0.02,1.26,0.0,0.0,1.97,1.18,11.45,27,0,0,0,0,0,0,0,0,0,0,0,0,0,0,0,16,16,0.0,0.0,0.0,0.0,0.0,0.0,0.0,0.0,0.0,0,0,0,0
112,Mads,Roerslev Rasmussen,Roerslev,u,Has joined Southampton permanently.,,4.5,423,82.0,0.0,706,243.0,0.0,618.0,244.0,0,0,0.0,0,0.0,0,0,0.0,0.0,0.0,0.0,0.0,694.0,256.0,0.0,0.0,687.0,255.0,683.0,255.0,664.0,255.0,690.0,255.0,,,,,,,,0.0,0.0,0.0,0.0,0.0,0.0,0.0,0.0,0.0,27,0,0,0,0,0,0,0,0,0,0,0,0,0,0,0,0,0,0.0,0.0,0.0,0.0,0.0,0.0,0.0,0.0,0.0,0,0,0,0
113,Sepp,van den Berg,Van den Berg,a,,,4.5,432,85.0,0.7,214,82.0,3.8,42.0,16.0,3,0,0.0,0,0.0,794,95,0.8,15.8,4.3,3.8,3.2,154.0,61.0,100.0,100.0,74.0,32.0,322.0,109.0,128.0,25.0,152.0,50.0,,,,,,,,0.11,0.02,0.13,1.35,0.0,0.19,1.44,0.97,8.94,27,3,90,0,0,0,2,0,0,0,0,0,0,1,0,6,1166,160,0.0,0.40000000000000013,0.0,0.3999999999999999,1.1099999999999994,0.0,0.0,0.0,0.0,0,12,2,12
114,Benjamin,Arthur,Arthur,u,has joined Celtic on loan for the rest of the season.,,3.8,812,260.0,0.2,378,139.0,0.0,419.0,168.0,0,0,0.0,-2,2.0,0,12,0.0,0.0,0.0,0.0,0.0,534.0,199.0,0.0,0.0,523.0,198.0,512.0,198.0,477.0,190.0,526.0,198.0,,,,,,,,0.0,0.0,0.0,0.0,0.0,0.0,0.0,0.0,0.0,27,0,0,0,0,0,0,0,0,0,0,0,0,0,0,0,0,22,0.0,0.0,0.0,0.0,0.0,0.0,0.0,0.0,0.0,0,0,0,0
115,Benjamin,Fredrick,Fredrick,u,has joined Dender on loan for the rest of the season.,,4.0,725,202.0,0.1,526,188.0,0.0,517.0,215.0,0,0,0.0,0,0.0,0,1,0.0,0.0,0.0,0.0,0.0,625.0,240.0,0.0,0.0,614.0,239.0,607.0,239.0,575.0,234.0,617.0,239.0,,,,,,,,0.0,0.0,0.0,0.0,0.0,0.0,0.0,0.0,0.0,27,0,0,0,0,0,0,0,0,0,0,0,0,0,0,0,0,3,0.0,0.0,0.0,0.0,0.0,0.0,0.0,0.0,0.0,0,0,0,0
116,Aaron,Hickey,Hickey,d,Knock - 75% chance of playing,,4.0,686,174.0,0.4,271,99.0,0.8,279.0,100.0,1,0,0.0,0,0.0,33,70,0.2,8.2,1.0,0.8,1.8,355.0,130.0,75.0,100.0,375.0,143.0,399.0,145.0,326.0,105.0,390.0,140.0,,,,,,,,0.06,0.03,0.09,1.0,0.0,0.31,1.22,1.07,6.43,27,1,44,0,0,0,1,0,0,0,0,0,0,1,0,3,50,97,0.0,0.0,0.0,0.0,0.6800000000000006,0.0,0.0,0.0,0.0,2,3,2,5
117,Kim,Ji-soo,Ji-soo,u,has joined Kaiserslautern on loan for the rest of the season.,,3.9,778,228.0,0.1,518,184.0,0.0,455.0,178.0,0,0,0.0,-1,1.0,0,3,0.0,0.0,0.0,0.0,0.0,568.0,207.0,0.0,0.0,557.0,206.0,547.0,206.0,512.0,198.0,560.0,206.0,,,,,,,,0.0,0.0,0.0,0.0,0.0,0.0,0.0,0.0,0.0,27,0,0,0,0,0,0,0,0,0,0,0,0,0,0,0,0,3,0.0,0.0,0.0,0.0,0.0,0.0,0.0,0.0,0.0,0,0,0,0
118,Jayden,Meghoma,Meghoma,u,Has joined Rangers on loan for the rest of the season.,,4.0,696,180.0,0.0,610,216.0,0.0,490.0,195.0,0,0,0.0,0,0.0,0,0,0.0,0.0,0.0,0.0,0.0,601.0,223.0,0.0,0.0,590.0,222.0,583.0,222.0,550.0,216.0,593.0,222.0,,,,,,,,0.0,0.0,0.0,0.0,0.0,0.0,0.0,0.0,0.0,27,0,0,0,0,0,0,0,0,0,0,0,0,0,0,0,0,1,0.0,0.0,0.0,0.0,0.0,0.0,0.0,0.0,0.0,0,0,0,0
120,Kevin,Schade,Schade,a,,,6.9,44,26.0,1.2,179,60.0,0.2,391.0,176.0,1,0,0.0,-1,1.0,1191,475,0.0,12.6,0.7,0.2,3.6,115.0,51.0,100.0,100.0,75.0,24.0,83.0,62.0,12.0,4.0,23.0,19.0,,,3.0,,,,,0.41,0.08,0.49,1.21,0.0,0.33,1.04,1.04,6.91,27,1,45,0,0,0,0,0,0,0,0,0,0,0,0,3,2197,822,0.0,0.0,0.06000000000000005,0.0600000000000005,0.10999999999999943,0.0,0.0,0.0,0.0,2,0,2,4
121,Mikkel,Damsgaard,Damsgaard,a,,,5.6,129,79.0,0.4,269,94.0,0.8,293.0,129.0,1,0,0.0,-4,4.0,53,57,0.1,11.4,1.3,0.8,2.8,227.0,92.0,100.0,100.0,162.0,59.0,24.0,23.0,137.0,79.0,75.0,44.0,1.0,3.0,,,,,,0.1,0.25,0.35,1.35,0.0,0.14,1.51,1.03,10.4,27,1,23,0,0,0,0,0,0,0,0,0,0,0,0,4,79,85,0.0,0.31000000000000005,0.010000000000000231,0.3100000000000005,0.00999999999999801,0.0,0.0,0.0,0.0,1,0,1,2
122,Antoni,Milambo,Milambo,i,Knee injury - Expected back 01 Jun,,5.2,217,135.0,0.0,650,261.0,0.0,764.0,331.0,0,0,0.0,-3,3.0,1,1,0.0,0.2,0.0,0.0,1.0,498.0,233.0,0.0,0.0,475.0,218.0,453.0,217.0,788.0,348.0,484.0,222.0,,,,,,,,0.0,0.02,0.02,2.98,0.0,0.0,6.0,2.0,8.0,27,0,0,0,0,0,0,0,0,0,0,0,0,0,0,0,1,1,0.0,0.0,0.0,0.0,0.0,0.0,0.0,0.0,0.0,0,0,0,0
123,Fábio,Freitas Gouveia Carvalho,Carvalho,i,Knee injury - Expected back 01 Jun,,4.7,386,241.0,0.1,465,160.0,0.0,694.0,282.0,0,0,0.0,-3,3.0,2,4,0.0,2.8,0.0,0.0,2.2,305.0,134.0,0.0,0.0,413.0,182.0,433.0,211.0,338.0,177.0,418.0,190.0,4.0,,4.0,,,,,0.63,0.03,0.66,1.87,0.0,0.0,3.6,0.9,7.2,27,0,0,0,0,0,0,0,0,0,0,0,0,0,0,0,2,6,0.0,0.0,0.0,0.0,0.0,0.0,0.0,0.0,0.0,0,0,0,0
124,Jordan,Henderson,Henderson,a,,,5.0,241,148.0,0.3,297,103.0,1.2,244.0,105.0,2,0,0.0,0,0.0,37,41,0.2,12.8,1.7,1.2,2.6,257.0,107.0,100.0,100.0,186.0,73.0,91.0,67.0,324.0,170.0,186.0,99.0,,,,,,,,0.02,0.12,0.14,1.29,0.0,0.23,1.39,1.04,8.33,27,2,66,0,0,0,2,0,0,0,0,0,0,1,0,12,54,65,0.0,0.0,0.029999999999999805,0.029999999999999805,1.1000000000000014,0.0,0.0,0.0,0.0,0,1,4,5
125,Vitaly,Janelt,Janelt,a,,,4.9,303,189.0,0.3,310,106.0,3.4,68.0,34.0,1,0,0.0,-1,1.0,133,102,0.7,14.3,3.9,3.4,3.2,158.0,67.0,100.0,100.0,139.0,47.0,78.0,59.0,248.0,135.0,136.0,75.0,5.0,,,,,,,0.06,0.14,0.2,1.45,0.0,0.36,1.15,0.93,11.78,27,1,45,0,0,0,2,0,0,0,0,0,0,1,0,0,261,161,0.0,0.07999999999999996,0.019999999999999796,0.10000000000000009,1.0,0.0,0.0,0.0,0.0,0,0,2,2
126,Mathias,Jensen,Jensen,a,,,4.9,306,191.0,0.1,494,176.0,3.2,81.0,38.0,2,0,0.0,-1,1.0,41,15,0.7,12.0,3.7,3.2,2.4,286.0,124.0,,,227.0,99.0,70.0,53.0,197.0,108.0,154.0,84.0,3.0,,5.0,,,,,0.13,0.25,0.38,1.39,0.0,0.35,1.26,1.05,7.56,27,2,90,0,0,0,2,0,0,0,0,0,0,1,0,16,85,36,0.0,0.07000000000000006,0.25,0.3199999999999994,1.110000000000003,0.0,0.0,0.0,0.0,0,0,1,1
127,Gustavo,Nunes Fernandes Gomes,Nunes,u,has joined Swansea City on loan for the rest of the season.,,4.9,347,216.0,0.0,713,297.0,0.0,736.0,310.0,0,0,0.0,-1,1.0,0,1,0.0,0.0,0.0,0.0,0.0,775.0,336.0,0.0,0.0,774.0,335.0,771.0,336.0,766.0,334.0,775.0,336.0,,,,,,,,0.0,0.0,0.0,0.0,0.0,0.0,0.0,0.0,0.0,27,0,0,0,0,0,0,0,0,0,0,0,0,0,0,0,0,2,0.0,0.0,0.0,0.0,0.0,0.0,0.0,0.0,0.0,0,0,0,0
128,Frank,Onyeka,Onyeka,u,has joined Coventry City on loan for the rest of the season.,,4.8,366,228.0,0.0,607,234.0,0.0,706.0,290.0,0,0,0.0,-2,2.0,0,2,0.0,2.5,0.0,0.0,2.0,328.0,142.0,0.0,0.0,430.0,191.0,403.0,200.0,429.0,212.0,448.0,202.0,,,,,,,,0.0,0.37,0.37,2.07,0.0,0.0,2.05,0.0,10.23,27,0,0,0,0,0,0,0,0,0,0,0,0,0,0,0,0,3,0.0,0.0,0.0,0.0,0.0,0.0,0.0,0.0,0.0,0,0,0,0
129,Yehor,Yarmoliuk,Yarmoliuk,a,,,5.0,273,168.0,0.1,463,158.0,1.4,233.0,97.0,0,0,0.0,0,0.0,10,35,0.3,14.8,1.9,1.4,2.7,240.0,98.0,100.0,100.0,161.0,58.0,149.0,103.0,221.0,121.0,182.0,98.0,,,,,,,,0.06,0.05,0.11,1.37,0.0,0.23,1.41,1.03,11.28,27,0,45,0,0,0,0,0,0,0,1,0,0,0,0,7,25,48,0.0,0.0,0.040000000000000036,0.040000000000000036,0.10999999999999943,0.0,0.0,0.0,0.0,0,2,3,5
130,Romelle,Donovan,Donovan,a,,,4.4,567,340.0,0.1,475,165.0,0.4,328.0,146.0,1,0,0.0,-1,1.0,28,15,0.1,0.7,0.9,0.4,1.0,471.0,211.0,,,469.0,213.0,411.0,204.0,388.0,195.0,457.0,207.0,,,,,,,,0.32,0.04,0.36,1.08,0.0,0.0,0.0,0.0,9.0,27,1,9,0,0,0,0,0,0,0,0,0,0,0,0,3,34,20,0.0,0.0,0.0,0.0,0.0,0.0,0.0,0.0,0.0,0,0,0,0
131,Yunus Emre,Konak,Konak,u,has joined Oxford United on loan for the rest of the season.,,4.3,622,366.0,0.2,407,137.0,0.0,573.0,198.0,0,0,0.0,-2,2.0,0,17,0.0,0.0,0.0,0.0,0.0,661.0,255.0,0.0,0.0,650.0,245.0,647.0,251.0,623.0,240.0,653.0,248.0,,,,,,,,0.0,0.0,0.0,0.0,0.0,0.0,0.0,0.0,0.0,27,0,0,0,0,0,0,0,0,0,0,0,0,0,0,0,0,28,0.0,0.0,0.0,0.0,0.0,0.0,0.0,0.0,0.0,0,0,0,0
133,Myles,Peart-Harris,Peart-Harris,u,has joined Oxford United permanently.,,4.4,541,323.0,0.0,630,247.0,0.0,585.0,201.0,0,0,0.0,-1,1.0,0,2,0.0,0.2,0.0,0.0,1.0,466.0,206.0,0.0,0.0,658.0,247.0,655.0,253.0,632.0,242.0,661.0,250.0,,,,,,,,0.0,0.0,0.0,0.0,0.0,0.0,0.0,0.0,0.0,27,0,0,0,0,0,0,0,0,0,0,0,0,0,0,0,0,3,0.0,0.0,0.0,0.0,0.0,0.0,0.0,0.0,0.0,0,0,0,0
134,Ryan,Trevitt,Trevitt,u,Has joined Wigan on loan for the rest of the season,,4.5,489,300.0,0.0,782,341.0,0.0,668.0,263.0,0,0,0.0,0,0.0,0,0,0.0,0.0,0.0,0.0,0.0,734.0,306.0,0.0,0.0,732.0,304.0,727.0,305.0,713.0,301.0,733.0,305.0,,,,,,,,0.0,0.0,0.0,0.0,0.0,0.0,0.0,0.0,0.0,27,0,0,0,0,0,0,0,0,0,0,0,0,0,0,0,0,0,0.0,0.0,0.0,0.0,0.0,0.0,0.0,0.0,0.0,0,0,0,0
136,Igor Thiago,Nascimento Rodrigues,Thiago,a,,,7.0,37,14.0,31.7,10,3.0,2.6,128.0,18.0,2,0,0.0,10,-10.0,16147,7056,0.4,19.3,3.1,2.6,5.0,14.0,3.0,100.0,100.0,6.0,2.0,119.0,6.0,2.0,2.0,5.0,2.0,,,2.0,,,,,0.59,0.06,0.65,1.42,0.0,0.24,1.37,1.02,5.38,27,2,90,0,0,0,2,0,0,0,0,0,0,1,0,4,28657,9513,0.0,0.3000000000000007,0.5099999999999998,0.8100000000000005,1.1099999999999994,0.0,0.0,0.0,0.0,0,1,4,5
137,Iwan,Morgan,Morgan,u,has joined Shrewsbury on loan for the rest of the season.,,4.4,554,77.0,0.3,314,50.0,0.0,593.0,60.0,0,0,0.0,-1,1.0,0,19,0.0,0.0,0.0,0.0,0.0,675.0,70.0,0.0,0.0,666.0,70.0,662.0,69.0,641.0,69.0,669.0,70.0,,,,,,,,0.0,0.0,0.0,0.0,0.0,0.0,0.0,0.0,0.0,27,0,0,0,0,0,0,0,0,0,0,0,0,0,0,0,0,24,0.0,0.0,0.0,0.0,0.0,0.0,0.0,0.0,0.0,0,0,0,0
748,Josh,Dasilva,Dasilva,i,Knee injury - Unknown return date,,4.9,298,186.0,0.0,807,358.0,0.0,714.0,296.0,0,0,0.0,-1,1.0,0,0,0.0,0.0,0.0,0.0,0.0,763.0,327.0,0.0,0.0,762.0,326.0,759.0,327.0,752.0,325.0,763.0,327.0,,,,,,,,0.0,0.0,0.0,0.0,0.0,0.0,0.0,0.0,0.0,27,0,0,0,0,0,0,0,0,0,0,0,0,0,0,0,0,0,0.0,0.0,0.0,0.0,0.0,0.0,0.0,0.0,0.0,0,0,0,0
797,Kaye,Furo,Furo,a,,,4.5,490,70.0,0.0,711,88.0,0.0,669.0,69.0,0,0,0.0,0,0.0,11,6,0.0,0.0,0.5,0.0,0.0,735.0,79.0,,,733.0,79.0,728.0,78.0,714.0,78.0,734.0,79.0,,,,,,,,0.0,0.0,0.0,0.0,0.0,0.0,0.0,0.0,0.0,27,0,0,0,0,0,0,0,0,0,0,0,0,0,0,0,19,6,0.0,0.0,0.0,0.0,0.0,0.0,0.0,0.0,0.0,0,0,0,0
810,Luka,Bentt,Bentt,a,,,4.5,471,286.0,0.0,804,357.0,0.0,651.0,249.0,0,0,0.0,0,0.0,0,0,0.0,0.0,0.5,0.0,0.0,721.0,296.0,,,717.0,293.0,713.0,295.0,697.0,289.0,719.0,295.0,,,,,,,,0.0,0.0,0.0,0.0,0.0,0.0,0.0,0.0,0.0,27,0,0,0,0,0,0,0,0,0,0,0,0,0,0,0,1,0,0.0,0.0,0.0,0.0,0.0,0.0,0.0,0.0,0.0,0,0,0,0
138,Jason,Steele,Steele,a,,,4.2,624,31.0,0.2,348,50.0,0.0,528.0,80.0,0,0,0.0,-3,3.0,13,11,0.0,0.0,0.0,0.0,0.0,634.0,87.0,,,623.0,87.0,617.0,76.0,587.0,62.0,626.0,87.0,,,,,,,,0.0,0.0,0.0,0.0,0.0,0.0,0.0,0.0,0.0,27,0,0,0,0,0,0,0,0,0,0,0,0,0,0,0,15,18,0.0,0.0,0.0,0.0,0.0,0.0,0.0,0.0,0.0,0,0,0,0
139,Bart,Verbruggen,Verbruggen,a,,,4.5,444,25.0,5.5,65,11.0,3.2,76.0,5.0,7,0,0.0,0,0.0,561,323,0.7,19.1,3.2,3.2,3.2,155.0,15.0,,,13.0,3.0,419.0,7.0,679.0,77.0,161.0,3.0,,,,,,,,0.0,0.0,0.0,1.4,2.81,0.22,1.26,1.0,0.0,27,7,90,0,0,1,0,0,0,0,0,0,4,1,0,28,788,1335,0.0,0.0,0.010000000000000002,0.010000000000000002,1.7399999999999949,0.0,0.0,0.0,0.0,0,2,11,0
140,Tom,McGill,McGill,a,,,3.9,749,77.0,0.3,311,42.0,0.0,431.0,36.0,0,0,0.0,-1,1.0,11,10,0.0,0.0,0.0,0.0,0.0,545.0,45.0,,,534.0,45.0,524.0,30.0,489.0,16.0,537.0,45.0,,,,,,,,0.0,0.0,0.0,0.0,0.0,0.0,0.0,0.0,0.0,27,0,0,0,0,0,0,0,0,0,0,0,0,0,0,0,14,17,0.0,0.0,0.0,0.0,0.0,0.0,0.0,0.0,0.0,0,0,0,0
141,Carl,Rushworth,Rushworth,u,Has joined Coventry City on loan for the rest of the season.,,4.0,687,55.0,0.0,803,92.0,0.0,481.0,66.0,0,0,0.0,0,0.0,0,0,0.0,0.0,0.0,0.0,0.0,593.0,74.0,0.0,0.0,582.0,74.0,575.0,62.0,542.0,48.0,585.0,74.0,,,,,,,,0.0,0.0,0.0,0.0,0.0,0.0,0.0,0.0,0.0,27,0,0,0,0,0,0,0,0,0,0,0,0,0,0,0,0,0,0.0,0.0,0.0,0.0,0.0,0.0,0.0,0.0,0.0,0,0,0,0
142,Kjell,Scherpen,Scherpen,u,Has joined Union SG permanently,,4.0,674,48.0,0.0,805,93.0,0.0,471.0,59.0,0,0,0.0,0,0.0,0,0,0.0,0.0,0.0,0.0,0.0,583.0,67.0,0.0,0.0,572.0,67.0,565.0,55.0,532.0,41.0,575.0,67.0,,,,,,,,0.0,0.0,0.0,0.0,0.0,0.0,0.0,0.0,0.0,27,0,0,0,0,0,0,0,0,0,0,0,0,0,0,0,0,0,0.0,0.0,0.0,0.0,0.0,0.0,0.0,0.0,0.0,0,0,0,0
143,Olivier,Boscagli,Boscagli,a,,,4.2,630,144.0,0.1,503,179.0,2.0,171.0,59.0,0,0,0.0,-3,3.0,11,4,0.5,4.8,2.0,2.0,2.9,203.0,80.0,,,335.0,127.0,351.0,121.0,389.0,139.0,378.0,134.0,,,,,,,,0.01,0.06,0.07,1.26,0.0,0.26,1.03,1.03,8.51,27,0,0,0,0,0,0,0,0,0,0,0,0,0,0,0,21,10,0.0,0.0,0.0,0.0,0.0,0.0,0.0,0.0,0.0,0,0,0,0
144,Diego,Coppola,Coppola,u,has joined Paris FC on loan for the rest of the season.,,4.2,644,154.0,0.0,594,212.0,0.0,537.0,227.0,0,0,0.0,-3,3.0,0,9,0.0,2.4,0.0,0.0,2.0,324.0,119.0,0.0,0.0,407.0,153.0,445.0,162.0,437.0,163.0,445.0,161.0,,,,,,,,0.0,0.0,0.0,2.11,0.0,0.47,1.4,0.93,8.39,27,0,0,0,0,0,0,0,0,0,0,0,0,0,0,0,0,11,0.0,0.0,0.0,0.0,0.0,0.0,0.0,0.0,0.0,0,0,0,0
145,Maxim,De Cuyper,De Cuyper,a,,,4.3,588,134.0,1.8,141,56.0,2.0,172.0,60.0,1,0,0.0,-2,2.0,50,346,0.5,13.7,2.0,2.0,2.7,233.0,91.0,100.0,100.0,245.0,98.0,74.0,17.0,188.0,43.0,159.0,51.0,3.0,6.0,,,,,,0.12,0.17,0.29,1.63,0.0,0.32,1.43,1.12,3.9,27,1,14,0,0,0,0,0,0,0,0,0,0,0,0,4,66,528,0.0,0.0,0.0,0.0,0.5199999999999996,0.0,0.0,0.0,0.0,2,0,1,2
146,Lewis,Dunk,Dunk,a,,,4.5,407,71.0,1.0,197,77.0,3.8,41.0,15.0,6,0,0.0,0,0.0,219,55,0.8,15.3,3.8,3.8,2.7,235.0,93.0,100.0,100.0,55.0,24.0,254.0,75.0,201.0,49.0,137.0,44.0,,1.0,,,,,,0.05,0.02,0.07,1.4,0.0,0.2,1.29,0.98,7.57,27,6,90,0,0,1,0,0,0,0,0,0,0,1,0,26,283,124,0.0,0.050000000000000044,0.0,0.050000000000000044,1.740000000000002,0.0,0.0,0.0,0.0,1,6,2,7
147,Pervis,Estupiñán Tenorio,Estupiñan,u,Has joined AC Milan permanently,,4.5,417,77.0,0.0,743,256.0,0.0,614.0,241.0,0,0,0.0,0,0.0,0,0,0.0,0.0,0.0,0.0,0.0,691.0,254.0,0.0,0.0,684.0,253.0,680.0,253.0,660.0,252.0,687.0,253.0,,,,,,,,0.0,0.0,0.0,0.0,0.0,0.0,0.0,0.0,0.0,27,0,0,0,0,0,0,0,0,0,0,0,0,0,0,0,0,0,0.0,0.0,0.0,0.0,0.0,0.0,0.0,0.0,0.0,0,0,0,0
150,Tariq,Lamptey,Lamptey,u,has joined Fiorentina permanently.,,4.4,531,110.0,0.1,515,183.0,0.0,581.0,239.0,0,0,0.0,-1,1.0,0,1,0.0,0.0,0.0,0.0,0.0,666.0,253.0,0.0,0.0,655.0,252.0,652.0,252.0,629.0,251.0,658.0,252.0,,,,,,,,0.0,0.0,0.0,0.0,0.0,0.0,0.0,0.0,0.0,27,0,0,0,0,0,0,0,0,0,0,0,0,0,0,0,0,2,0.0,0.0,0.0,0.0,0.0,0.0,0.0,0.0,0.0,0,0,0,0
151,Jan Paul,van Hecke,Van Hecke,a,,,4.4,543,117.0,3.5,93,33.0,3.2,74.0,28.0,8,0,0.0,-1,1.0,1217,409,0.7,22.7,3.2,3.2,4.0,65.0,27.0,100.0,100.0,10.0,3.0,199.0,49.0,101.0,13.0,54.0,7.0,,,,,,,,0.08,0.04,0.12,1.42,0.0,0.24,1.3,1.01,8.43,27,8,90,0,0,1,0,0,0,0,0,0,0,1,0,29,1474,1149,0.0,0.0,0.010000000000000009,0.009999999999999787,1.740000000000002,0.0,0.0,0.0,0.0,0,10,4,10
152,Joël,Veltman,Veltman,a,,,4.3,574,123.0,0.1,425,158.0,0.6,302.0,104.0,1,0,0.0,-2,2.0,9,29,0.1,7.4,0.6,0.6,2.1,315.0,116.0,100.0,100.0,247.0,100.0,293.0,96.0,285.0,84.0,300.0,100.0,,,,,,,,0.11,0.01,0.12,1.59,0.0,0.11,1.34,0.89,9.47,27,1,25,0,0,0,0,0,0,0,0,0,0,0,0,4,12,42,0.0,0.0,0.0,0.0,1.0,0.0,0.0,0.0,0.0,1,1,0,2
153,Adam,Webster,Webster,i,Knee injury - Unknown return date,,4.4,522,102.0,0.0,756,258.0,0.0,577.0,236.0,0,0,0.0,-1,1.0,1,2,0.0,0.0,0.0,0.0,0.0,663.0,251.0,0.0,0.0,652.0,250.0,649.0,250.0,626.0,249.0,655.0,250.0,,,,,,,,0.0,0.0,0.0,0.0,0.0,0.0,0.0,0.0,0.0,27,0,0,0,0,0,0,0,0,0,0,0,0,0,0,0,1,2,0.0,0.0,0.0,0.0,0.0,0.0,0.0,0.0,0.0,0,0,0,0
154,Eiran,Cashin,Cashin,u,has joined Blackburn Rovers on loan for the rest of the season.,,4.0,677,169.0,0.0,774,260.0,0.0,474.0,187.0,0,0,0.0,0,0.0,0,0,0.0,0.0,0.0,0.0,0.0,586.0,216.0,0.0,0.0,575.0,215.0,568.0,215.0,535.0,209.0,578.0,215.0,,,,,,,,0.0,0.0,0.0,0.0,0.0,0.0,0.0,0.0,0.0,27,0,0,0,0,0,0,0,0,0,0,0,0,0,0,0,0,0,0.0,0.0,0.0,0.0,0.0,0.0,0.0,0.0,0.0,0,0,0,0
155,Jacob,Slater,Slater,u,has joined Harrogate Town on loan until January.,,4.0,719,196.0,0.1,498,176.0,0.0,511.0,209.0,0,0,0.0,0,0.0,0,2,0.0,0.0,0.0,0.0,0.0,620.0,235.0,0.0,0.0,609.0,234.0,602.0,234.0,570.0,229.0,612.0,234.0,,,,,,,,0.0,0.0,0.0,0.0,0.0,0.0,0.0,0.0,0.0,27,0,0,0,0,0,0,0,0,0,0,0,0,0,0,0,0,2,0.0,0.0,0.0,0.0,0.0,0.0,0.0,0.0,0.0,0,0,0,0
156,Charlie,Tasker,Tasker,a,,,3.8,805,254.0,0.2,409,150.0,0.0,414.0,164.0,0,0,0.0,-2,2.0,17,12,0.0,0.0,0.0,0.0,0.0,529.0,195.0,,,518.0,194.0,507.0,194.0,471.0,185.0,521.0,194.0,,,,,,,,0.0,0.0,0.0,0.0,0.0,0.0,0.0,0.0,0.0,27,0,0,0,0,0,0,0,0,0,0,0,0,0,0,0,22,18,0.0,0.0,0.0,0.0,0.0,0.0,0.0,0.0,0.0,0,0,0,0
157,Mitoma,Kaoru,Mitoma,a,,,6.1,83,54.0,2.0,133,43.0,2.4,148.0,66.0,3,0,0.0,-4,4.0,248,188,0.4,7.9,2.4,2.4,2.8,231.0,95.0,100.0,100.0,253.0,107.0,79.0,60.0,102.0,62.0,135.0,74.0,,,,,,,,0.18,0.14,0.32,1.29,0.0,0.28,0.99,0.99,5.09,27,3,90,0,0,1,0,0,0,0,0,0,0,1,0,11,354,402,0.0,0.34999999999999964,0.05999999999999983,0.40999999999999925,1.740000000000002,0.0,0.0,0.0,0.0,1,2,2,5
158,Georginio,Rutter,Georginio,a,,,5.6,131,81.0,0.3,293,101.0,0.8,294.0,130.0,0,0,0.0,-4,4.0,19,122,0.1,11.6,0.8,0.8,2.8,228.0,93.0,100.0,100.0,211.0,91.0,100.0,73.0,50.0,31.0,99.0,57.0,,,,,,,,0.12,0.12,0.24,1.15,0.0,0.36,0.96,1.08,6.05,27,0,0,0,0,0,0,0,0,0,0,0,0,0,0,0,32,257,0.0,0.0,0.0,0.0,0.0,0.0,0.0,0.0,0.0,0,0,0,0
159,Solly,March,March,d,Lack of match fitness - 75% chance of playing,,5.8,104,67.0,0.0,754,321.0,0.0,792.0,350.0,0,0,0.0,-2,2.0,0,2,0.0,0.0,0.0,0.0,0.0,806.0,359.0,75.0,75.0,806.0,359.0,806.0,359.0,805.0,359.0,806.0,359.0,,,,,,,,0.0,0.0,0.0,0.0,0.0,0.0,0.0,0.0,0.0,27,0,0,0,0,0,0,0,0,0,0,0,0,0,0,0,0,3,0.0,0.0,0.0,0.0,0.0,0.0,0.0,0.0,0.0,0,0,0,0
160,Yankuba,Minteh,Minteh,a,,,5.6,134,82.0,2.0,132,42.0,0.8,295.0,131.0,0,0,0.0,-4,4.0,104,488,0.1,15.0,0.8,0.8,3.5,126.0,56.0,100.0,100.0,163.0,60.0,31.0,30.0,26.0,13.0,35.0,27.0,1.0,,,,,,,0.16,0.15,0.31,1.39,0.0,0.33,1.43,0.99,6.88,27,0,0,0,0,0,0,0,0,0,0,0,0,0,0,0,166,1083,0.0,0.0,0.0,0.0,0.0,0.0,0.0,0.0,0.0,0,0,0,0
161,Julio,Enciso Espínola,Enciso,u,has joined Strasbourg permanently.,,5.4,176,108.0,0.0,746,317.0,0.0,780.0,341.0,0,0,0.0,-1,1.0,0,0,0.0,0.0,0.0,0.0,0.0,800.0,354.0,0.0,0.0,800.0,354.0,799.0,354.0,797.0,353.0,800.0,354.0,,,,,,,,0.0,0.0,0.0,0.0,0.0,0.0,0.0,0.0,0.0,27,0,0,0,0,0,0,0,0,0,0,0,0,0,0,0,0,0,0.0,0.0,0.0,0.0,0.0,0.0,0.0,0.0,0.0,0,0,0,0
162,Brajan,Gruda,Gruda,u,has joined Leipzig on loan for the rest of the season.,,5.4,181,112.0,0.0,585,220.0,0.0,782.0,343.0,0,0,0.0,-1,1.0,0,5,0.0,6.5,0.0,0.0,1.9,350.0,154.0,0.0,0.0,306.0,138.0,131.0,91.0,162.0,91.0,230.0,116.0,,,,,,,,0.24,0.11,0.35,1.76,0.0,0.25,1.4,1.02,7.37,27,0,0,0,0,0,0,0,0,0,0,0,0,0,0,0,0,9,0.0,0.0,0.0,0.0,0.0,0.0,0.0,0.0,0.0,0,0,0,0
163,Jack,Hinshelwood,Hinshelwood,a,,,5.1,239,146.0,0.0,592,223.0,1.4,234.0,98.0,6,0,0.0,-4,4.0,14,5,0.3,8.4,1.4,1.4,2.7,241.0,99.0,100.0,100.0,307.0,139.0,289.0,167.0,225.0,124.0,315.0,154.0,,,,,,,,0.1,0.05,0.15,1.96,0.0,0.21,1.49,0.96,8.22,27,6,90,0,1,1,0,0,0,0,0,0,0,1,0,20,18,10,0.0,0.07000000000000006,0.019999999999999962,0.08999999999999986,1.7399999999999984,0.0,0.0,0.0,0.0,1,1,2,4
164,Matt,O'Riley,O'Riley,a,,,5.5,142,88.0,0.3,298,104.0,0.2,388.0,173.0,0,0,0.0,0,0.0,22,13,0.0,2.4,0.2,0.2,4.3,45.0,23.0,100.0,100.0,389.0,171.0,296.0,170.0,286.0,154.0,363.0,173.0,,,,,,,,0.59,0.09,0.68,1.13,0.0,0.49,0.97,0.97,4.38,27,0,0,0,0,0,0,0,0,0,0,0,0,0,0,0,29,16,0.0,0.0,0.0,0.0,0.0,0.0,0.0,0.0,0.0,0,0,0,0
165,Abdallah,Sima,Sima,u,has joined Lens permanently.,,5.4,182,113.0,0.0,728,305.0,0.0,783.0,344.0,0,0,0.0,-1,1.0,0,0,0.0,0.0,0.0,0.0,0.0,801.0,355.0,0.0,0.0,801.0,355.0,800.0,355.0,798.0,354.0,801.0,355.0,,,,,,,,0.0,0.0,0.0,0.0,0.0,0.0,0.0,0.0,0.0,27,0,0,0,0,0,0,0,0,0,0,0,0,0,0,0,0,0,0.0,0.0,0.0,0.0,0.0,0.0,0.0,0.0,0.0,0,0,0,0
166,Yasin,Ayari,Ayari,i,Shoulder injury - Expected back 01 Mar,,4.8,371,232.0,0.5,257,88.0,3.4,66.0,32.0,0,0,0.0,-2,2.0,9,523,0.7,17.3,0.0,0.0,4.0,68.0,30.0,0.0,0.0,158.0,57.0,132.0,92.0,109.0,64.0,131.0,71.0,4.0,5.0,,,,,,0.13,0.06,0.19,1.3,0.0,0.26,1.11,0.95,10.59,27,0,0,0,0,0,0,0,0,0,0,0,0,0,0,0,14,976,0.0,0.0,0.0,0.0,0.0,0.0,0.0,0.0,0.0,0,0,0,0
167,Carlos,Baleba,Baleba,a,,,4.5,460,277.0,1.5,155,50.0,2.2,155.0,69.0,1,0,0.0,-5,5.0,243,168,0.5,8.2,2.2,2.2,1.7,375.0,163.0,100.0,100.0,352.0,156.0,260.0,156.0,358.0,187.0,359.0,171.0,,,,,,,,0.03,0.02,0.05,1.24,0.0,0.31,1.22,1.37,10.75,27,1,1,0,0,0,0,0,0,0,0,0,0,0,0,4,422,243,0.0,0.0,0.0,0.0,0.0,0.0,0.0,0.0,0.0,1,0,0,1
169,Diego,Gómez Amarilla,Gomez,a,,,4.9,341,210.0,0.2,406,136.0,2.6,119.0,56.0,8,0,0.0,-1,1.0,182,18,0.5,13.7,2.6,2.6,2.8,223.0,89.0,100.0,100.0,177.0,69.0,111.0,77.0,68.0,42.0,104.0,60.0,,3.0,,,,,,0.26,0.07,0.33,1.36,0.0,0.34,1.25,1.08,9.53,27,8,75,1,0,1,0,0,0,0,0,0,0,1,0,30,212,46,0.0,0.16000000000000014,0.010000000000000009,0.16999999999999993,1.2200000000000024,0.0,0.0,0.0,0.0,3,2,5,10
170,James,Milner,Milner,a,,,4.9,285,178.0,0.1,468,162.0,1.4,230.0,94.0,3,0,0.0,-1,1.0,27,10,0.3,5.5,1.4,1.4,1.7,377.0,165.0,100.0,100.0,338.0,152.0,241.0,150.0,313.0,165.0,337.0,162.0,5.0,,1.0,,,,,0.19,0.11,0.3,1.74,0.0,0.19,2.33,0.58,9.5,27,3,89,0,0,1,0,0,0,0,0,0,0,1,0,16,28,14,0.0,0.039999999999999925,0.020000000000000018,0.06000000000000005,1.740000000000001,0.0,0.0,0.0,0.0,2,2,5,9
171,Jeremy,Sarmiento Morante,Sarmiento,u,has joined Middlesbrough on loan for the rest of the season.,,4.9,328,204.0,0.0,699,290.0,0.0,728.0,305.0,0,0,0.0,-1,1.0,0,1,0.0,0.0,0.0,0.0,0.0,771.0,334.0,0.0,0.0,770.0,333.0,767.0,334.0,761.0,332.0,771.0,334.0,,,,,,,,0.0,0.0,0.0,0.0,0.0,0.0,0.0,0.0,0.0,27,0,0,0,0,0,0,0,0,0,0,0,0,0,0,0,0,1,0.0,0.0,0.0,0.0,0.0,0.0,0.0,0.0,0.0,0,0,0,0
172,Tom,Watson,Watson,u,has joined Millwall on loan for the rest of the season.,,4.8,373,234.0,0.0,641,255.0,0.0,709.0,292.0,0,0,0.0,-2,2.0,0,3,0.0,1.0,0.0,0.0,0.8,507.0,238.0,0.0,0.0,467.0,211.0,450.0,216.0,417.0,203.0,470.0,214.0,,,,,,,,0.06,0.05,0.11,2.72,0.0,0.0,3.16,0.0,7.89,27,0,0,0,0,0,0,0,0,0,0,0,0,0,0,0,0,4,0.0,0.0,0.0,0.0,0.0,0.0,0.0,0.0,0.0,0,0,0,0
173,Mats,Wieffer,Wieffer,a,,,4.9,332,207.0,0.1,440,149.0,0.4,337.0,151.0,2,0,0.0,-1,1.0,3,5,0.1,12.2,0.4,0.4,3.5,121.0,53.0,100.0,100.0,171.0,64.0,123.0,85.0,194.0,106.0,156.0,86.0,,,,,,,,0.09,0.11,0.2,1.24,0.0,0.29,1.23,1.01,13.9,27,2,64,0,0,1,0,0,0,0,1,0,0,1,0,9,3,19,0.0,0.0,0.030000000000000027,0.03000000000000025,0.7300000000000004,0.0,0.0,0.0,0.0,2,3,3,8
174,Malick,Yalcouyé,Yalcouye,u,Has joined Swansea City on loan for the rest of the season.,,5.0,280,174.0,0.0,769,332.0,0.0,755.0,325.0,0,0,0.0,0,0.0,0,0,0.0,0.0,0.0,0.0,0.0,790.0,348.0,0.0,0.0,789.0,347.0,788.0,348.0,784.0,346.0,790.0,348.0,,,,,,,,0.0,0.0,0.0,0.0,0.0,0.0,0.0,0.0,0.0,27,0,0,0,0,0,0,0,0,0,0,0,0,0,0,0,0,0,0.0,0.0,0.0,0.0,0.0,0.0,0.0,0.0,0.0,0,0,0,0
176,Adrian,Mazilu,Mazilu,u,has joined Dinamo Bucharest permanently.,,4.5,465,282.0,0.0,685,282.0,0.0,646.0,245.0,0,0,0.0,0,0.0,0,0,0.0,0.0,0.0,0.0,0.0,718.0,294.0,0.0,0.0,712.0,289.0,709.0,292.0,692.0,285.0,714.0,291.0,,,,,,,,0.0,0.0,0.0,0.0,0.0,0.0,0.0,0.0,0.0,27,0,0,0,0,0,0,0,0,0,0,0,0,0,0,0,0,0,0.0,0.0,0.0,0.0,0.0,0.0,0.0,0.0,0.0,0,0,0,0
177,Andrew,Moran,Moran,u,Has joined Los Angeles FC on loan for the rest of the season.,,4.5,454,271.0,0.0,695,287.0,0.0,638.0,237.0,0,0,0.0,0,0.0,0,2,0.0,0.0,0.0,0.0,0.0,710.0,286.0,0.0,0.0,704.0,281.0,701.0,284.0,684.0,277.0,706.0,283.0,,,,,,,,0.0,0.0,0.0,0.0,0.0,0.0,0.0,0.0,0.0,27,0,0,0,0,0,0,0,0,0,0,0,0,0,0,0,0,2,0.0,0.0,0.0,0.0,0.0,0.0,0.0,0.0,0.0,0,0,0,0
178,Danny,Welbeck,Welbeck,a,,,6.1,79,25.0,3.6,90,15.0,2.6,126.0,17.0,6,0,0.0,-4,4.0,1431,406,0.4,13.0,2.6,2.6,3.0,196.0,18.0,100.0,100.0,140.0,12.0,145.0,10.0,29.0,15.0,78.0,14.0,,2.0,2.0,,,,,0.51,0.05,0.56,1.34,0.0,0.35,1.17,1.0,4.11,27,6,90,1,0,1,0,0,0,0,0,0,0,1,0,32,1598,990,0.0,0.3200000000000003,0.020000000000000018,0.33999999999999986,1.740000000000002,0.0,0.0,0.0,0.0,0,1,0,1
179,Evan,Ferguson,Ferguson,u,Has joined AS Roma on loan for the rest of the season,,5.5,151,39.0,0.0,753,91.0,0.0,788.0,83.0,0,0,0.0,0,0.0,0,0,0.0,0.0,0.0,0.0,0.0,805.0,88.0,0.0,0.0,805.0,88.0,804.0,88.0,802.0,88.0,805.0,88.0,,,,,,,,0.0,0.0,0.0,0.0,0.0,0.0,0.0,0.0,0.0,27,0,0,0,0,0,0,0,0,0,0,0,0,0,0,0,0,0,0.0,0.0,0.0,0.0,0.0,0.0,0.0,0.0,0.0,0,0,0,0
180,Stefanos,Tzimas,Tzimas,i,Knee injury - Expected back 01 Jun,,5.2,221,51.0,0.1,527,75.0,0.0,766.0,81.0,0,0,0.0,-3,3.0,3,8,0.0,3.1,0.0,0.0,1.8,370.0,44.0,0.0,0.0,383.0,39.0,300.0,31.0,322.0,50.0,371.0,45.0,,,,,,,,0.3,0.08,0.38,1.77,0.0,0.0,1.36,0.68,10.23,27,0,0,0,0,0,0,0,0,0,0,0,0,0,0,0,5,9,0.0,0.0,0.0,0.0,0.0,0.0,0.0,0.0,0.0,0,0,0,0
181,Charalampos,Kostoulas,Kostoulas,a,,,4.8,375,64.0,0.4,292,45.0,0.8,284.0,38.0,0,0,0.0,-2,2.0,39,74,0.2,6.2,0.8,0.8,1.9,344.0,39.0,,,311.0,30.0,276.0,28.0,126.0,30.0,274.0,31.0,,,,,,,,0.52,0.07,0.59,1.42,0.0,0.31,2.16,0.62,11.71,27,0,0,0,0,0,0,0,0,0,0,0,0,0,0,0,62,97,0.0,0.0,0.0,0.0,0.0,0.0,0.0,0.0,0.0,0,0,0,0
744,Nehemiah,Oriola,Oriola,a,,,4.5,470,285.0,0.0,716,298.0,0.0,650.0,248.0,0,0,0.0,0,0.0,1,1,0.0,0.2,0.0,0.0,1.0,476.0,215.0,,,716.0,292.0,712.0,294.0,696.0,288.0,718.0,294.0,,,,,,,,0.0,0.0,0.0,0.0,0.0,0.0,0.0,0.0,0.0,27,0,0,0,0,0,0,0,0,0,0,0,0,0,0,0,3,2,0.0,0.0,0.0,0.0,0.0,0.0,0.0,0.0,0.0,0,0,0,0
761,Freddie,Simmonds,Simmonds,a,,,4.0,724,201.0,0.0,715,247.0,0.0,516.0,214.0,0,0,0.0,0,0.0,0,4,0.0,0.0,0.0,0.0,0.0,624.0,239.0,,,613.0,238.0,606.0,238.0,574.0,233.0,616.0,238.0,,,,,,,,0.0,0.0,0.0,0.0,0.0,0.0,0.0,0.0,0.0,27,0,0,0,0,0,0,0,0,0,0,0,0,0,0,0,3,6,0.0,0.0,0.0,0.0,0.0,0.0,0.0,0.0,0.0,0,0,0,0
783,Pascal,Groß,Groß,a,,,5.5,135,83.0,0.1,492,175.0,4.2,36.0,18.0,3,0,0.0,0,0.0,76,44,0.8,4.7,4.2,4.2,3.2,163.0,71.0,,,303.0,135.0,122.0,84.0,263.0,142.0,252.0,126.0,,,,,,,,0.1,0.2,0.3,1.27,0.0,0.28,0.7,0.98,7.94,27,3,90,0,0,1,0,0,0,0,0,0,0,1,0,13,131,93,0.0,0.09999999999999998,0.07999999999999985,0.18000000000000016,1.740000000000001,0.0,0.0,0.0,0.0,1,0,1,2
795,Harry,Howell,Howell,a,,,4.5,492,302.0,0.0,775,336.0,0.6,305.0,135.0,0,0,0.0,0,0.0,7,4,0.1,0.7,0.6,0.6,1.5,408.0,180.0,,,461.0,208.0,439.0,213.0,445.0,220.0,474.0,218.0,,,,,,,,0.0,0.03,0.03,1.14,0.0,0.0,2.28,1.14,4.56,27,0,0,0,0,0,0,0,0,0,0,0,0,0,0,0,8,7,0.0,0.0,0.0,0.0,0.0,0.0,0.0,0.0,0.0,0,0,0,0
220,Robert,Lynch Sánchez,Sánchez,a,,,4.9,311,12.0,14.9,23,3.0,2.0,176.0,13.0,2,0,0.0,-1,1.0,370,7154,0.4,19.4,1.5,3.0,3.7,95.0,11.0,100.0,100.0,26.0,7.0,332.0,1.0,755.0,86.0,173.0,4.0,,,,,,,,0.0,0.0,0.0,1.38,2.72,0.36,1.2,1.04,0.0,27,2,90,0,0,0,1,0,0,0,1,0,3,1,0,10,1388,8091,0.0,0.0,0.0,0.0,0.8500000000000014,0.0,0.0,0.0,0.0,0,1,7,0
221,Filip,Jörgensen,Jörgensen,d,Knock - 50% chance of playing,,4.3,602,29.0,0.2,400,58.0,0.0,557.0,84.0,0,0,0.0,-2,2.0,3,18,0.0,0.7,-0.2,0.5,1.5,404.0,31.0,50.0,50.0,431.0,31.0,634.0,81.0,609.0,69.0,459.0,31.0,,,,,,,,0.0,0.0,0.0,1.44,1.55,0.0,1.55,0.52,0.0,27,0,0,0,0,0,0,0,0,0,0,0,0,0,0,0,3,25,0.0,0.0,0.0,0.0,0.0,0.0,0.0,0.0,0.0,0,0,0,0
222,Mike,Penders,Penders,u,Has joined RC Strasbourg on loan for the rest of the season.,,4.0,709,64.0,0.0,793,90.0,0.0,501.0,75.0,0,0,0.0,0,0.0,0,0,0.0,0.0,0.0,0.0,0.0,611.0,83.0,0.0,0.0,600.0,83.0,593.0,71.0,561.0,57.0,603.0,83.0,,,,,,,,0.0,0.0,0.0,0.0,0.0,0.0,0.0,0.0,0.0,27,0,0,0,0,0,0,0,0,0,0,0,0,0,0,0,0,0,0.0,0.0,0.0,0.0,0.0,0.0,0.0,0.0,0.0,0,0,0,0
228,Malo,Gusto,Gusto,a,,,4.9,335,54.0,2.0,131,51.0,2.0,177.0,64.0,6,0,0.0,-1,1.0,222,732,0.4,16.9,1.5,3.0,3.5,122.0,46.0,100.0,100.0,150.0,65.0,101.0,25.0,167.0,36.0,129.0,43.0,,,,,,,,0.08,0.08,0.16,1.49,0.0,0.41,1.16,0.98,5.21,27,6,79,0,0,1,0,0,0,0,0,0,0,1,0,25,650,1029,0.0,0.0,0.18000000000000016,0.18000000000000016,0.40000000000000213,0.0,0.0,0.0,0.0,0,2,3,2
229,Benoît,Badiashile Mukinayi,B.Badiashile,a,,,4.4,534,113.0,0.0,619,220.0,0.8,281.0,101.0,0,0,0.0,-1,1.0,4,53,0.2,1.6,0.3,1.8,0.9,503.0,174.0,100.0,100.0,334.0,126.0,429.0,155.0,440.0,164.0,400.0,143.0,,,,,,,,0.0,0.01,0.01,1.42,0.0,0.0,1.91,1.15,9.19,27,0,0,0,0,0,0,0,0,0,0,0,0,0,0,0,5,77,0.0,0.0,0.0,0.0,0.0,0.0,0.0,0.0,0.0,0,0,0,0
230,Wesley,Fofana,Fofana,s,Suspended until 04 Mar,,4.4,539,116.0,0.5,268,98.0,1.4,225.0,85.0,-1,0,0.0,-1,1.0,41,1027,0.3,10.9,0.0,2.4,3.0,187.0,75.0,0.0,100.0,160.0,70.0,363.0,127.0,367.0,126.0,288.0,96.0,,,,,,,,0.02,0.05,0.07,1.35,0.0,0.35,0.97,0.97,11.61,27,48,71,0,0,0,1,0,0,0,0,1,0,1,0,7,209,1114,0.0,0.0,0.030000000000000027,0.030000000000000027,0.27999999999999936,0.0,0.0,0.0,0.0,1,4,7,5
231,Mamadou,Sarr,M.Sarr,a,,,4.5,478,95.0,0.0,688,239.0,0.2,371.0,137.0,1,0,0.0,0,0.0,15,20,0.0,0.2,-0.3,1.2,1.0,478.0,172.0,100.0,100.0,723.0,258.0,719.0,258.0,704.0,258.0,725.0,258.0,,,,,,,,0.0,0.0,0.0,13.05,0.0,0.0,45.0,0.0,0.0,27,1,2,0,0,0,1,0,0,0,0,0,0,0,0,-1,26,23,0.0,0.0,0.0,0.0,0.29,0.0,0.0,0.0,0.0,0,0,1,0
232,Tosin,Adarabioyo,Tosin,a,,,4.0,663,162.0,0.2,346,124.0,0.2,357.0,128.0,1,0,0.0,-5,5.0,30,19,0.0,7.8,-0.3,1.2,2.6,249.0,96.0,100.0,100.0,237.0,94.0,367.0,130.0,375.0,130.0,334.0,115.0,,,,,,,,0.01,0.05,0.06,1.45,0.0,0.25,1.5,0.88,11.02,27,1,15,0,0,0,1,0,0,0,0,0,0,0,0,114,40,34,0.0,0.0,0.0,0.0,0.5600000000000005,0.0,0.0,0.0,0.0,0,1,0,1
233,Josh,Acheampong,Acheampong,a,,,3.7,815,263.0,1.5,154,62.0,0.4,320.0,110.0,1,0,0.0,-3,3.0,811,315,0.1,8.9,-0.1,1.4,2.8,214.0,82.0,100.0,100.0,316.0,119.0,371.0,131.0,282.0,82.0,354.0,121.0,,,,,,,,0.1,0.02,0.12,2.21,0.0,0.32,1.9,1.11,6.35,27,1,1,0,0,0,1,0,0,0,0,0,0,0,0,0,1317,490,0.0,0.0,0.03,0.030000000000000027,0.2900000000000009,0.0,0.0,0.0,0.0,0,0,0,0
234,Aarón,Anselmino,Anselmino,u,has joined Strasbourg on loan for the rest of the season.,,4.0,730,207.0,0.1,576,207.0,0.0,520.0,218.0,0,0,0.0,0,0.0,0,1,0.0,0.0,0.0,0.0,0.0,628.0,243.0,0.0,0.0,617.0,242.0,610.0,242.0,579.0,238.0,620.0,242.0,,,,,,,,0.0,0.0,0.0,0.0,0.0,0.0,0.0,0.0,0.0,27,0,0,0,0,0,0,0,0,0,0,0,0,0,0,0,0,2,0.0,0.0,0.0,0.0,0.0,0.0,0.0,0.0,0.0,0,0,0,0
235,Cole,Palmer,Palmer,a,,,10.6,3,2.0,17.2,20,8.0,7.4,2.0,1.0,3,0,0.0,1,-1.0,2574,8192,0.7,7.7,6.9,8.4,5.1,12.0,8.0,100.0,100.0,112.0,37.0,160.0,112.0,55.0,33.0,88.0,52.0,,1.0,1.0,,,,,0.68,0.1,0.78,1.53,0.0,0.25,1.27,1.18,6.83,27,3,74,0,0,1,0,0,0,0,0,0,0,1,0,14,13770,8440,0.0,0.40000000000000036,0.21999999999999997,0.6199999999999992,0.28000000000000114,0.0,0.0,0.0,0.0,2,1,6,9
236,Pedro,Lomba Neto,Neto,a,,,7.0,36,22.0,4.9,71,25.0,2.8,113.0,54.0,6,0,0.0,0,0.0,961,1084,0.4,15.0,2.3,3.8,3.9,85.0,42.0,100.0,100.0,86.0,28.0,11.0,11.0,31.0,16.0,19.0,15.0,1.0,4.0,,,,,,0.18,0.24,0.42,1.21,0.0,0.48,0.83,1.0,4.44,27,6,87,0,1,1,0,0,0,0,0,0,0,1,0,31,1636,1705,0.0,0.11000000000000032,0.5800000000000001,0.6899999999999995,0.5600000000000023,0.0,0.0,0.0,0.0,0,0,3,3
237,Enzo,Fernández,Enzo,a,,,6.9,41,24.0,22.2,18,6.0,4.4,31.0,16.0,2,0,0.0,4,-4.0,2664,23619,0.6,17.4,3.9,5.4,4.6,29.0,16.0,100.0,100.0,18.0,5.0,5.0,5.0,15.0,6.0,3.0,2.0,3.0,3.0,2.0,,,,,0.4,0.21,0.61,1.29,0.0,0.32,1.13,1.01,7.29,27,2,90,0,0,0,1,0,0,0,0,0,0,1,0,7,5900,29249,0.0,0.08999999999999986,0.03000000000000025,0.11999999999999922,0.8500000000000014,0.0,0.0,0.0,0.0,0,1,3,4
238,Estêvão,Almeida de Oliveira Gonçalves,Estêvão,d,Hamstring injury - 75% chance of playing,,6.4,63,41.0,2.3,124,40.0,3.2,88.0,41.0,0,0,0.0,-1,1.0,199,2623,0.5,8.6,2.0,4.2,2.9,212.0,88.0,75.0,100.0,264.0,113.0,128.0,88.0,75.0,46.0,153.0,83.0,4.0,,3.0,,,,,0.34,0.26,0.6,0.99,0.0,0.49,0.98,1.22,6.22,27,0,0,0,0,0,0,0,0,0,0,0,0,0,0,0,512,3233,0.0,0.0,0.0,0.0,0.0,0.0,0.0,0.0,0.0,0,0,0,0
239,Jamie,Bynoe-Gittens,Gittens,i,Hamstring injury - Unknown return date,,6.0,87,55.0,0.1,471,163.0,0.4,346.0,157.0,0,0,0.0,-5,5.0,0,12,0.1,4.2,0.0,0.0,1.6,397.0,177.0,0.0,0.0,348.0,154.0,202.0,133.0,245.0,134.0,316.0,155.0,,,,,,,,0.15,0.17,0.32,1.65,0.0,0.19,1.3,0.93,5.37,27,0,0,0,0,0,0,0,0,0,0,0,0,0,0,0,0,15,0.0,0.0,0.0,0.0,0.0,0.0,0.0,0.0,0.0,0,0,0,0
240,Christopher,Nkunku,Nkunku,u,has joined AC Milan permanently.,,5.9,95,61.0,0.1,517,187.0,0.0,795.0,353.0,0,0,0.0,-1,1.0,0,0,0.0,0.0,0.0,0.0,0.0,807.0,360.0,0.0,0.0,807.0,360.0,807.0,360.0,806.0,360.0,807.0,360.0,,,,,,,,0.0,0.0,0.0,0.0,0.0,0.0,0.0,0.0,0.0,27,0,0,0,0,0,0,0,0,0,0,0,0,0,0,0,0,0,0.0,0.0,0.0,0.0,0.0,0.0,0.0,0.0,0.0,0,0,0,0
241,Moisés,Caicedo Corozo,Caicedo,a,,,5.7,119,74.0,7.9,48,16.0,2.6,123.0,59.0,2,0,0.0,2,-2.0,536,1260,0.5,15.3,2.1,3.6,4.0,74.0,33.0,100.0,100.0,69.0,21.0,103.0,74.0,229.0,126.0,112.0,62.0,,,,,,,,0.06,0.09,0.15,1.35,0.0,0.29,1.26,1.01,12.99,27,2,90,0,0,0,1,0,0,0,0,0,0,1,0,17,831,1687,0.0,0.06999999999999984,0.08000000000000007,0.1499999999999999,0.8499999999999979,0.0,0.0,0.0,0.0,2,1,3,6
244,Roméo,Lavia,Lavia,a,,,4.9,342,211.0,0.0,700,291.0,0.0,733.0,307.0,0,0,0.0,-1,1.0,2,1,0.0,0.8,-0.5,0.5,1.0,491.0,227.0,100.0,50.0,455.0,204.0,430.0,209.0,448.0,222.0,465.0,211.0,,,,,,,,0.0,0.04,0.04,2.39,0.0,0.0,2.57,0.86,9.43,27,0,0,0,0,0,0,0,0,0,0,0,0,0,0,0,2,1,0.0,0.0,0.0,0.0,0.0,0.0,0.0,0.0,0.0,0,0,0,0
245,Mykhailo,Mudryk,Mudryk,s,Suspended - unknown return date,,4.9,331,206.0,0.0,747,318.0,0.0,730.0,306.0,0,0,0.0,-1,1.0,5,1,0.0,0.0,0.0,0.0,0.0,773.0,335.0,0.0,0.0,772.0,334.0,769.0,335.0,763.0,333.0,773.0,335.0,,,,,,,,0.0,0.0,0.0,0.0,0.0,0.0,0.0,0.0,0.0,27,0,0,0,0,0,0,0,0,0,0,0,0,0,0,0,5,1,0.0,0.0,0.0,0.0,0.0,0.0,0.0,0.0,0.0,0,0,0,0
246,Andrey,Nascimento dos Santos,Andrey Santos,a,,,4.5,459,276.0,0.3,324,109.0,1.8,189.0,81.0,2,0,0.0,0,0.0,83,39,0.4,6.2,1.3,2.8,1.4,422.0,189.0,100.0,100.0,305.0,137.0,218.0,140.0,290.0,156.0,314.0,153.0,,,,,,,,0.17,0.08,0.25,1.33,0.0,0.1,1.02,0.92,9.86,27,2,90,0,0,0,1,0,0,0,0,0,0,1,0,14,141,65,0.0,0.0,0.09000000000000008,0.0900000000000003,0.8499999999999996,0.0,0.0,0.0,0.0,1,1,2,4
247,Dário,Luís Essugo,D.Essugo,i,Knock - Expected back 01 Mar,,4.3,596,348.0,0.1,580,216.0,0.0,552.0,182.0,0,0,0.0,-2,2.0,17,9,0.0,0.0,0.0,0.0,0.0,645.0,242.0,0.0,0.0,634.0,232.0,630.0,238.0,604.0,225.0,637.0,235.0,,,,,,,,0.0,0.0,0.0,0.0,0.0,0.0,0.0,0.0,0.0,27,0,0,0,0,0,0,0,0,0,0,0,0,0,0,0,26,12,0.0,0.0,0.0,0.0,0.0,0.0,0.0,0.0,0.0,0,0,0,0
248,Kendry,Páez Andrade,Paez,u,has joined River Plate on loan for the rest of the season.,,4.5,499,307.0,0.0,778,338.0,0.0,675.0,268.0,0,0,0.0,0,0.0,0,0,0.0,0.0,0.0,0.0,0.0,740.0,310.0,0.0,0.0,739.0,309.0,734.0,310.0,720.0,306.0,740.0,310.0,,,,,,,,0.0,0.0,0.0,0.0,0.0,0.0,0.0,0.0,0.0,27,0,0,0,0,0,0,0,0,0,0,0,0,0,0,0,0,0,0.0,0.0,0.0,0.0,0.0,0.0,0.0,0.0,0.0,0,0,0,0
249,João Pedro,Junqueira de Jesus,João Pedro,a,,,7.7,20,6.0,47.8,3,2.0,9.2,1.0,1.0,6,0,0.0,2,-2.0,12044,11105,1.2,17.9,8.7,10.2,5.1,11.0,2.0,,,34.0,3.0,48.0,1.0,11.0,8.0,14.0,3.0,,,,,,,,0.46,0.08,0.54,1.23,0.0,0.46,0.92,1.05,5.13,27,6,79,1,0,1,0,0,0,0,0,0,0,1,0,30,22586,11678,0.0,1.2200000000000006,0.06000000000000005,1.2800000000000011,0.40000000000000213,0.0,0.0,0.0,0.0,1,1,2,4
250,Liam,Delap,Delap,a,,,6.2,75,24.0,0.9,199,31.0,1.8,202.0,28.0,1,0,0.0,-3,3.0,48,221,0.3,5.5,1.3,2.8,1.9,352.0,42.0,100.0,100.0,393.0,42.0,329.0,37.0,72.0,26.0,278.0,32.0,,,,,,,,0.46,0.02,0.48,1.35,0.0,0.25,1.63,1.13,3.13,27,1,10,0,0,0,1,0,0,0,0,0,0,0,0,2,84,289,0.0,0.07000000000000028,0.0,0.07000000000000028,0.4399999999999995,0.0,0.0,0.0,0.0,0,0,0,0
251,Nicolas,Jackson,N.Jackson,u,has joined Bayern Munich on loan for the rest of the season.,,6.5,55,19.0,0.1,531,76.0,0.0,809.0,89.0,0,0,0.0,0,0.0,0,1,0.0,0.0,0.0,0.0,0.0,813.0,91.0,0.0,0.0,813.0,91.0,813.0,91.0,813.0,91.0,813.0,91.0,,,,,,,,0.0,0.0,0.0,0.0,0.0,0.0,0.0,0.0,0.0,27,0,0,0,0,0,0,0,0,0,0,0,0,0,0,0,0,1,0.0,0.0,0.0,0.0,0.0,0.0,0.0,0.0,0.0,0,0,0,0
252,Marc,Guiu Paz,Marc Guiu,a,,,4.2,640,88.0,5.9,63,12.0,0.0,534.0,51.0,0,0,0.0,-3,3.0,351,839,0.0,2.9,-0.5,1.0,1.3,425.0,52.0,100.0,100.0,436.0,51.0,350.0,42.0,256.0,46.0,393.0,46.0,,,,,,,,0.53,0.11,0.64,2.06,0.0,0.0,0.73,0.36,2.55,27,0,0,0,0,0,0,0,0,0,0,0,0,0,0,0,647,2381,0.0,0.0,0.0,0.0,0.0,0.0,0.0,0.0,0.0,0,0,0,0
453,Alejandro,Garnacho Ferreyra,Garnacho,a,,,6.4,62,40.0,0.5,265,91.0,0.4,347.0,158.0,0,0,0.0,-1,1.0,36,170,0.1,6.6,-0.1,1.4,2.6,262.0,112.0,,,299.0,133.0,110.0,76.0,81.0,50.0,165.0,90.0,,,,,,,,0.25,0.26,0.51,1.64,0.0,0.4,1.21,1.21,4.96,27,0,0,0,0,0,0,0,0,0,0,0,0,0,0,0,53,274,0.0,0.0,0.0,0.0,0.0,0.0,0.0,0.0,0.0,0,0,0,0
672,Jorrel,Hato,Hato,a,,,4.6,403,70.0,0.2,386,144.0,0.4,332.0,120.0,0,0,0.0,-4,4.0,18,70,0.1,1.7,-0.1,1.4,0.7,510.0,177.0,100.0,100.0,366.0,140.0,311.0,104.0,377.0,131.0,374.0,132.0,,,,,,,,0.06,0.08,0.14,1.71,0.0,0.0,2.39,0.72,8.62,27,0,10,0,0,0,1,0,0,0,1,0,0,0,0,22,144,86,0.0,0.04000000000000001,0.020000000000000018,0.05999999999999994,0.4399999999999995,0.0,0.0,0.0,0.0,2,0,0,2
743,Landon,Emenalo,Emenalo,a,,,4.5,500,308.0,0.0,726,304.0,0.0,676.0,269.0,0,0,0.0,0,0.0,0,1,0.0,0.0,-0.5,1.0,0.0,741.0,311.0,,,740.0,310.0,735.0,311.0,721.0,307.0,741.0,311.0,,,,,,,,0.0,0.0,0.0,0.0,0.0,0.0,0.0,0.0,0.0,27,0,0,0,0,0,0,0,0,0,0,0,0,0,0,0,1,2,0.0,0.0,0.0,0.0,0.0,0.0,0.0,0.0,0.0,0,0,0,0
789,Max,Merrick,Merrick,a,,,4.0,704,63.0,0.0,768,87.0,0.0,496.0,74.0,0,0,0.0,0,0.0,3,1,0.0,0.0,-0.5,1.0,0.0,607.0,82.0,,,596.0,82.0,589.0,70.0,556.0,56.0,599.0,82.0,,,,,,,,0.0,0.0,0.0,0.0,0.0,0.0,0.0,0.0,0.0,27,0,0,0,0,0,0,0,0,0,0,0,0,0,0,0,3,3,0.0,0.0,0.0,0.0,0.0,0.0,0.0,0.0,0.0,0,0,0,0
803,Teddy,Sharman-Lowe,Sharman-Lowe,a,,,4.0,697,59.0,0.0,796,91.0,0.0,491.0,70.0,0,0,0.0,0,0.0,0,2,0.0,0.0,-0.5,1.0,0.0,602.0,78.0,,,591.0,78.0,584.0,66.0,551.0,52.0,594.0,78.0,,,,,,,,0.0,0.0,0.0,0.0,0.0,0.0,0.0,0.0,0.0,27,0,0,0,0,0,0,0,0,0,0,0,0,0,0,0,0,2,0.0,0.0,0.0,0.0,0.0,0.0,0.0,0.0,0.0,0,0,0,0
253,Dean,Henderson,Henderson,a,,,5.0,245,8.0,7.4,53,8.0,2.4,141.0,9.0,0,0,0.0,0,0.0,112,1174,0.5,18.6,1.9,2.9,3.6,107.0,13.0,,,38.0,11.0,423.0,11.0,771.0,89.0,209.0,11.0,,,,,,,,0.0,0.0,0.0,1.3,2.58,0.35,1.23,1.0,0.0,27,0,0,0,0,0,0,0,0,0,0,0,0,0,0,0,455,1559,0.0,0.0,0.0,0.0,0.0,0.0,0.0,0.0,0.0,0,0,0,0
254,Walter,Benítez,Benitez,a,,,4.0,665,45.0,0.3,316,43.0,0.0,463.0,56.0,0,0,0.0,0,0.0,16,12,0.0,0.0,-0.5,0.5,0.0,576.0,65.0,100.0,100.0,565.0,65.0,557.0,52.0,523.0,38.0,568.0,65.0,,,,,,,,0.0,0.0,0.0,0.0,0.0,0.0,0.0,0.0,0.0,27,0,0,0,0,0,0,0,0,0,0,0,0,0,0,0,19,19,0.0,0.0,0.0,0.0,0.0,0.0,0.0,0.0,0.0,0,0,0,0
255,Remi,Matthews,Matthews,a,,,3.9,747,76.0,0.1,474,71.0,0.0,430.0,35.0,0,0,0.0,-1,1.0,11,7,0.0,0.0,-0.5,0.5,0.0,544.0,44.0,,,533.0,44.0,523.0,29.0,488.0,15.0,536.0,44.0,,,,,,,,0.0,0.0,0.0,0.0,0.0,0.0,0.0,0.0,0.0,27,0,0,0,0,0,0,0,0,0,0,0,0,0,0,0,13,13,0.0,0.0,0.0,0.0,0.0,0.0,0.0,0.0,0.0,0,0,0,0
256,Daniel,Muñoz Mejía,Muñoz,a,,,5.9,97,6.0,8.4,43,14.0,1.8,201.0,73.0,0,0,0.0,4,-4.0,1273,2627,0.3,16.6,1.3,2.3,5.4,9.0,2.0,100.0,100.0,94.0,43.0,94.0,23.0,78.0,5.0,77.0,19.0,,,,,,,,0.11,0.19,0.3,1.18,0.0,0.45,1.02,1.02,6.87,27,0,0,0,0,0,0,0,0,0,0,0,0,0,0,0,4152,3056,0.0,0.0,0.0,0.0,0.0,0.0,0.0,0.0,0.0,0,0,0,0
257,Maxence,Lacroix,Lacroix,d,Thigh injury - 25% chance of playing,,5.1,232,32.0,5.7,64,20.0,3.4,69.0,25.0,0,0,0.0,1,-1.0,55,10923,0.7,22.7,0.7,1.0,4.5,32.0,11.0,25.0,25.0,23.0,11.0,279.0,89.0,117.0,21.0,93.0,23.0,,,,,,,,0.07,0.03,0.1,1.3,0.0,0.35,1.23,1.0,10.62,27,0,0,0,0,0,0,0,0,0,0,0,0,0,0,0,69,15270,0.0,0.0,0.0,0.0,0.0,0.0,0.0,0.0,0.0,0,0,0,0
258,Tyrick,Mitchell,Mitchell,a,,,5.0,255,38.0,2.1,130,50.0,2.0,181.0,66.0,0,0,0.0,0,0.0,244,435,0.4,18.8,1.5,2.5,3.6,108.0,40.0,,,68.0,30.0,69.0,15.0,153.0,31.0,80.0,20.0,,,,,,,,0.04,0.06,0.1,1.32,0.0,0.35,1.25,1.01,6.9,27,0,0,0,0,0,0,0,0,0,0,0,0,0,0,0,721,562,0.0,0.0,0.0,0.0,0.0,0.0,0.0,0.0,0.0,0,0,0,0
259,Borna,Sosa,Sosa,a,,,4.8,359,59.0,0.1,446,164.0,0.2,374.0,138.0,0,0,0.0,-2,2.0,11,14,0.0,1.0,-0.3,0.7,1.0,487.0,173.0,100.0,100.0,451.0,166.0,406.0,148.0,428.0,158.0,460.0,165.0,,,,,,,,0.0,0.1,0.1,1.41,0.0,0.0,1.7,0.0,11.89,27,0,0,0,0,0,0,0,0,0,0,0,0,0,0,0,18,18,0.0,0.0,0.0,0.0,0.0,0.0,0.0,0.0,0.0,0,0,0,0
261,Chris,Richards,Richards,a,,,4.4,536,115.0,2.8,112,46.0,3.2,73.0,27.0,0,0,0.0,-1,1.0,231,1037,0.7,21.1,2.7,3.7,4.2,50.0,21.0,100.0,100.0,45.0,20.0,246.0,71.0,206.0,51.0,125.0,40.0,,,,,,,,0.04,0.06,0.1,1.24,0.0,0.37,1.28,1.0,10.22,27,0,0,0,0,0,0,0,0,0,0,0,0,0,0,0,1127,1362,0.0,0.0,0.0,0.0,0.0,0.0,0.0,0.0,0.0,0,0,0,0
262,Chadi,Riad Dnanou,Chadi Riad,a,,,4.0,702,183.0,0.0,622,222.0,1.2,240.0,90.0,0,0,0.0,0,0.0,21,12,0.3,1.5,0.7,1.7,2.0,323.0,118.0,100.0,100.0,410.0,154.0,394.0,142.0,403.0,149.0,432.0,155.0,,,,,,,,0.07,0.02,0.09,0.3,0.0,0.0,0.76,0.76,5.29,27,0,0,0,0,0,0,0,0,0,0,0,0,0,0,0,35,15,0.0,0.0,0.0,0.0,0.0,0.0,0.0,0.0,0.0,0,0,0,0
263,Nathaniel,Clyne,Clyne,a,,,3.8,782,232.0,0.6,246,92.0,0.0,396.0,147.0,0,0,0.0,-2,2.0,28,73,0.0,3.7,-0.5,0.5,2.0,322.0,117.0,100.0,100.0,373.0,142.0,340.0,116.0,346.0,113.0,380.0,135.0,,,,,,,,0.09,0.12,0.21,1.24,0.0,0.0,1.72,1.29,7.32,27,0,0,0,0,0,0,0,0,0,0,0,0,0,0,0,57,132,0.0,0.0,0.0,0.0,0.0,0.0,0.0,0.0,0.0,0,0,0,0
264,Rob,Holding,Holding,u,Has joined Colorado Rapids permanently.,,4.0,666,163.0,0.0,692,240.0,0.0,464.0,182.0,0,0,0.0,0,0.0,0,0,0.0,0.0,0.0,0.0,0.0,577.0,211.0,0.0,0.0,566.0,210.0,558.0,210.0,524.0,203.0,569.0,210.0,,,,,,,,0.0,0.0,0.0,0.0,0.0,0.0,0.0,0.0,0.0,27,0,0,0,0,0,0,0,0,0,0,0,0,0,0,0,0,0,0.0,0.0,0.0,0.0,0.0,0.0,0.0,0.0,0.0,0,0,0,0
265,Caleb,Kporha,Kporha,a,,,4.0,720,197.0,0.0,725,251.0,0.0,512.0,210.0,0,0,0.0,0,0.0,7,1,0.0,0.0,-0.5,0.5,0.0,621.0,236.0,100.0,100.0,610.0,235.0,603.0,235.0,571.0,230.0,613.0,235.0,,,,,,,,0.0,0.0,0.0,0.0,0.0,0.0,0.0,0.0,0.0,27,0,0,0,0,0,0,0,0,0,0,0,0,0,0,0,8,1,0.0,0.0,0.0,0.0,0.0,0.0,0.0,0.0,0.0,0,0,0,0
267,Ismaïla,Sarr,Sarr,a,,,6.4,57,36.0,4.0,84,27.0,3.8,44.0,21.0,0,0,0.0,-1,1.0,644,1536,0.6,11.1,3.3,4.3,4.4,40.0,20.0,100.0,100.0,187.0,74.0,151.0,105.0,63.0,38.0,118.0,66.0,,,,,,,,0.42,0.04,0.46,1.21,0.0,0.46,1.05,1.05,6.0,27,0,0,0,0,0,0,0,0,0,0,0,0,0,0,0,2371,2043,0.0,0.0,0.0,0.0,0.0,0.0,0.0,0.0,0.0,0,0,0,0
268,Cheick,Doucouré,Doucouré,i,Knee injury - Unknown return date,,4.9,326,203.0,0.0,791,349.0,0.0,726.0,304.0,0,0,0.0,-1,1.0,2,1,0.0,0.0,0.0,0.0,0.0,770.0,333.0,0.0,0.0,769.0,332.0,766.0,333.0,760.0,331.0,770.0,333.0,,,,,,,,0.0,0.0,0.0,0.0,0.0,0.0,0.0,0.0,0.0,27,0,0,0,0,0,0,0,0,0,0,0,0,0,0,0,2,1,0.0,0.0,0.0,0.0,0.0,0.0,0.0,0.0,0.0,0,0,0,0
269,Romain,Esse,Esse,u,has joined Coventry City on loan for the rest of the season.,,4.7,395,247.0,0.1,452,155.0,0.0,699.0,285.0,0,0,0.0,-3,3.0,0,12,0.0,0.9,0.0,0.0,1.0,485.0,223.0,0.0,0.0,462.0,209.0,447.0,215.0,420.0,205.0,472.0,216.0,,,,,,,,0.0,0.09,0.09,3.92,0.0,0.0,0.0,0.0,11.25,27,0,0,0,0,0,0,0,0,0,0,0,0,0,0,0,0,15,0.0,0.0,0.0,0.0,0.0,0.0,0.0,0.0,0.0,0,0,0,0
270,Will,Hughes,Hughes,a,,,4.7,378,236.0,0.1,464,159.0,1.2,242.0,103.0,0,0,0.0,-3,3.0,8,13,0.3,7.9,0.7,1.7,1.6,387.0,171.0,100.0,100.0,290.0,129.0,95.0,69.0,257.0,138.0,224.0,113.0,5.0,,,,,,,0.08,0.13,0.21,1.32,0.0,0.39,1.01,1.01,8.81,27,0,0,0,0,0,0,0,0,0,0,0,0,0,0,0,18,22,0.0,0.0,0.0,0.0,0.0,0.0,0.0,0.0,0.0,0,0,0,0
271,Daichi,Kamada,Kamada,a,,,5.0,250,152.0,0.1,528,190.0,0.6,310.0,139.0,0,0,0.0,0,0.0,7,3,0.1,9.6,0.1,1.1,3.0,191.0,79.0,100.0,100.0,289.0,128.0,146.0,100.0,205.0,112.0,233.0,117.0,2.0,,,,,,,0.1,0.14,0.24,1.06,0.0,0.43,1.01,1.08,10.08,27,0,0,0,0,0,0,0,0,0,0,0,0,0,0,0,9,7,0.0,0.0,0.0,0.0,0.0,0.0,0.0,0.0,0.0,0,0,0,0
272,Jefferson,Lerma Solís,Lerma,i,Hamstring injury - Expected back 14 Mar,,4.9,290,180.0,0.1,523,189.0,3.2,80.0,37.0,0,0,0.0,-1,1.0,0,69,0.7,10.4,0.0,0.0,2.2,306.0,135.0,0.0,0.0,239.0,104.0,187.0,125.0,139.0,80.0,213.0,105.0,,,,,,,,0.08,0.07,0.15,1.14,0.0,0.39,1.17,0.93,11.44,27,0,0,0,0,0,0,0,0,0,0,0,0,0,0,0,0,98,0.0,0.0,0.0,0.0,0.0,0.0,0.0,0.0,0.0,0,0,0,0
273,Adam,Wharton,Wharton,a,,,5.0,268,163.0,0.6,232,81.0,1.8,195.0,83.0,0,0,0.0,0,0.0,66,114,0.4,15.2,1.3,2.3,3.3,145.0,63.0,100.0,100.0,148.0,52.0,25.0,24.0,215.0,118.0,84.0,50.0,3.0,,,,,,,0.05,0.24,0.29,1.37,0.0,0.33,1.42,1.09,10.72,27,0,0,0,0,0,0,0,0,0,0,0,0,0,0,0,215,161,0.0,0.0,0.0,0.0,0.0,0.0,0.0,0.0,0.0,0,0,0,0
274,Asher,Agbinone,Agbinone,a,,,4.3,612,358.0,0.1,491,174.0,0.0,566.0,192.0,0,0,0.0,-2,2.0,60,22,0.0,0.0,-0.5,0.5,0.0,655.0,250.0,,,644.0,240.0,641.0,246.0,616.0,234.0,647.0,243.0,,,,,,,,0.0,0.0,0.0,0.0,0.0,0.0,0.0,0.0,0.0,27,0,0,0,0,0,0,0,0,0,0,0,0,0,0,0,97,32,0.0,0.0,0.0,0.0,0.0,0.0,0.0,0.0,0.0,0,0,0,0
275,Naouirou,Ahamada,Ahamada,u,has joined AJ Auxerre permanently.,,4.3,589,345.0,0.0,620,241.0,0.0,549.0,179.0,0,0,0.0,-2,2.0,0,2,0.0,0.0,0.0,0.0,0.0,643.0,240.0,0.0,0.0,632.0,230.0,628.0,236.0,602.0,223.0,635.0,233.0,,,,,,,,0.0,0.0,0.0,0.0,0.0,0.0,0.0,0.0,0.0,27,0,0,0,0,0,0,0,0,0,0,0,0,0,0,0,0,5,0.0,0.0,0.0,0.0,0.0,0.0,0.0,0.0,0.0,0,0,0,0
276,Justin,Devenny,Devenny,a,,,4.3,593,347.0,1.3,165,54.0,0.0,551.0,181.0,0,0,0.0,-2,2.0,252,169,0.0,6.7,-0.5,0.5,1.6,385.0,169.0,100.0,100.0,354.0,158.0,253.0,155.0,149.0,85.0,295.0,146.0,,2.0,,,,,,0.36,0.05,0.41,1.53,0.0,0.15,1.52,0.76,7.28,27,0,0,0,0,0,0,0,0,0,0,0,0,0,0,0,494,311,0.0,0.0,0.0,0.0,0.0,0.0,0.0,0.0,0.0,0,0,0,0
277,Malcolm,Ebiowei,Ebiowei,u,Has joined Blackpool permanently.,,4.5,433,259.0,0.0,795,351.0,0.0,625.0,226.0,0,0,0.0,0,0.0,0,0,0.0,0.0,0.0,0.0,0.0,699.0,276.0,0.0,0.0,692.0,270.0,689.0,274.0,671.0,267.0,695.0,273.0,,,,,,,,0.0,0.0,0.0,0.0,0.0,0.0,0.0,0.0,0.0,27,0,0,0,0,0,0,0,0,0,0,0,0,0,0,0,0,0,0.0,0.0,0.0,0.0,0.0,0.0,0.0,0.0,0.0,0,0,0,0
278,Jesurun,Rak-Sakyi,J.Rak-Sakyi,u,has joined Stoke City on loan for the rest of the season.,,4.4,542,324.0,0.0,643,257.0,0.0,586.0,202.0,0,0,0.0,-1,1.0,0,0,0.0,0.0,0.0,0.0,0.0,669.0,257.0,0.0,0.0,659.0,248.0,656.0,254.0,633.0,243.0,662.0,251.0,,,,,,,,0.0,0.0,0.0,0.0,0.0,0.0,0.0,0.0,0.0,27,0,0,0,0,0,0,0,0,0,0,0,0,0,0,0,0,2,0.0,0.0,0.0,0.0,0.0,0.0,0.0,0.0,0.0,0,0,0,0
279,Matheus,França de Oliveira,M.França,u,Has joined CR Vasco da Gama on loan for the rest of the season.,,4.5,463,280.0,0.0,762,326.0,0.0,645.0,244.0,0,0,0.0,0,0.0,0,0,0.0,0.0,0.0,0.0,0.0,717.0,293.0,0.0,0.0,711.0,288.0,708.0,291.0,691.0,284.0,713.0,290.0,,,,,,,,0.0,0.0,0.0,0.0,0.0,0.0,0.0,0.0,0.0,27,0,0,0,0,0,0,0,0,0,0,0,0,0,0,0,0,0,0.0,0.0,0.0,0.0,0.0,0.0,0.0,0.0,0.0,0,0,0,0
280,David,Ozoh,Ozoh,u,Has joined Derby County on loan for the rest of the season.,,4.5,458,275.0,0.0,810,361.0,0.0,642.0,241.0,0,0,0.0,0,0.0,0,0,0.0,0.0,0.0,0.0,0.0,714.0,290.0,0.0,0.0,708.0,285.0,705.0,288.0,688.0,281.0,710.0,287.0,,,,,,,,0.0,0.0,0.0,0.0,0.0,0.0,0.0,0.0,0.0,27,0,0,0,0,0,0,0,0,0,0,0,0,0,0,0,0,0,0.0,0.0,0.0,0.0,0.0,0.0,0.0,0.0,0.0,0,0,0,0
281,Kaden,Rodney,Rodney,a,,,4.4,553,332.0,0.0,584,219.0,0.0,592.0,208.0,0,0,0.0,-1,1.0,12,2,0.0,0.2,-0.5,0.5,1.0,468.0,208.0,,,665.0,254.0,485.0,235.0,640.0,250.0,668.0,257.0,,,,,,,,0.0,0.0,0.0,19.5,0.0,0.0,0.0,0.0,0.0,27,0,0,0,0,0,0,0,0,0,0,0,0,0,0,0,16,6,0.0,0.0,0.0,0.0,0.0,0.0,0.0,0.0,0.0,0,0,0,0
282,Franco,Umeh-Chibueze,Umeh,u,has joined Portsmouth permanently.,,4.5,477,291.0,0.0,696,288.0,0.0,657.0,254.0,0,0,0.0,0,0.0,0,0,0.0,0.0,0.0,0.0,0.0,726.0,300.0,0.0,0.0,722.0,297.0,718.0,299.0,703.0,294.0,724.0,299.0,,,,,,,,0.0,0.0,0.0,0.0,0.0,0.0,0.0,0.0,0.0,27,0,0,0,0,0,0,0,0,0,0,0,0,0,0,0,0,0,0.0,0.0,0.0,0.0,0.0,0.0,0.0,0.0,0.0,0,0,0,0
283,Jean-Philippe,Mateta,Mateta,i,Knee injury - Expected back 14 Mar,,7.5,23,8.0,6.9,55,11.0,0.4,348.0,47.0,0,0,0.0,0,0.0,8,1598,0.1,11.2,0.0,0.0,3.7,100.0,7.0,0.0,0.0,89.0,6.0,217.0,22.0,6.0,4.0,38.0,9.0,,,2.0,,,,,0.56,0.06,0.62,1.26,0.0,0.38,1.09,1.09,5.2,27,0,0,0,0,0,0,0,0,0,0,0,0,0,0,0,10,2339,0.0,0.0,0.0,0.0,0.0,0.0,0.0,0.0,0.0,0,0,0,0
284,Eddie,Nketiah,Nketiah,i,Hamstring injury - Unknown return date,,5.4,166,43.0,0.3,315,51.0,0.0,775.0,82.0,0,0,0.0,-1,1.0,6,48,0.0,4.3,0.0,0.0,1.9,348.0,41.0,0.0,0.0,318.0,31.0,271.0,26.0,140.0,33.0,281.0,33.0,,,,,,,,0.38,0.1,0.48,2.06,0.0,0.0,2.61,0.43,8.26,27,0,0,0,0,0,0,0,0,0,0,0,0,0,0,0,8,69,0.0,0.0,0.0,0.0,0.0,0.0,0.0,0.0,0.0,0,0,0,0
285,Odsonne,Édouard,Édouard,u,has joined RC Lens permanently.,,5.0,247,54.0,0.2,369,59.0,0.0,740.0,79.0,0,0,0.0,0,0.0,0,5,0.0,0.2,0.0,0.0,1.0,493.0,60.0,0.0,0.0,483.0,57.0,775.0,86.0,772.0,86.0,500.0,62.0,,,,,,,,0.0,0.0,0.0,12.15,0.0,0.0,0.0,0.0,45.0,27,0,0,0,0,0,0,0,0,0,0,0,0,0,0,0,0,7,0.0,0.0,0.0,0.0,0.0,0.0,0.0,0.0,0.0,0,0,0,0
286,Zach,Marsh,Marsh,a,,,4.4,560,80.0,0.3,304,49.0,0.0,599.0,63.0,0,0,0.0,-1,1.0,34,40,0.0,0.0,-0.5,0.5,0.0,680.0,73.0,,,672.0,73.0,668.0,72.0,647.0,72.0,675.0,73.0,,,,,,,,0.0,0.0,0.0,0.0,0.0,0.0,0.0,0.0,0.0,27,0,0,0,0,0,0,0,0,0,0,0,0,0,0,0,50,53,0.0,0.0,0.0,0.0,0.0,0.0,0.0,0.0,0.0,0,0,0,0
580,Brennan,Johnson,Johnson,a,,,6.5,50,32.0,2.4,118,37.0,1.2,252.0,110.0,0,0,0.0,-5,5.0,38,218,0.2,6.9,0.7,1.7,2.0,335.0,147.0,,,280.0,123.0,180.0,122.0,132.0,76.0,226.0,114.0,,,,,,,,0.15,0.06,0.21,1.47,0.0,0.34,1.03,0.94,5.99,27,0,0,0,0,0,0,0,0,0,0,0,0,0,0,0,90,320,0.0,0.0,0.0,0.0,0.0,0.0,0.0,0.0,0.0,0,0,0,0
654,Jørgen,Strand Larsen,Strand Larsen,a,,,6.2,73,23.0,2.5,116,20.0,3.2,87.0,8.0,0,0,0.0,-3,3.0,1450,1419,0.5,8.5,2.7,3.7,2.2,312.0,35.0,100.0,100.0,255.0,23.0,211.0,21.0,54.0,21.0,163.0,19.0,,,,,,,,0.21,0.03,0.24,1.33,0.0,0.23,1.65,0.91,3.48,27,0,0,0,0,0,0,0,0,0,0,0,0,0,0,0,5387,1632,0.0,0.0,0.0,0.0,0.0,0.0,0.0,0.0,0.0,0,0,0,0
677,Evann,Guessand,Guessand,a,,,6.2,76,50.0,0.0,599,227.0,1.0,275.0,121.0,0,0,0.0,-3,3.0,15,14,0.2,4.8,0.5,1.5,2.0,334.0,146.0,100.0,100.0,321.0,145.0,295.0,169.0,171.0,97.0,306.0,151.0,,,,,,,,0.17,0.07,0.24,1.25,0.0,0.13,1.74,0.93,8.68,27,0,0,0,0,0,0,0,0,0,0,0,0,0,0,0,25,16,0.0,0.0,0.0,0.0,0.0,0.0,0.0,0.0,0.0,0,0,0,0
690,Rio,Cardines,Cardines,a,,,4.4,564,338.0,0.3,332,115.0,0.0,602.0,213.0,0,0,0.0,-1,1.0,6,5,0.0,0.0,-0.5,0.5,0.0,683.0,266.0,100.0,100.0,675.0,259.0,671.0,264.0,650.0,255.0,678.0,262.0,,,,,,,,0.0,0.0,0.0,0.0,0.0,0.0,0.0,0.0,0.0,27,0,0,0,0,0,0,0,0,0,0,0,0,0,0,0,7,8,0.0,0.0,0.0,0.0,0.0,0.0,0.0,0.0,0.0,0,0,0,0
773,Dean,Benamar,Benamar,a,,,4.0,733,210.0,0.0,730,253.0,0.0,521.0,219.0,0,0,0.0,0,0.0,1,4,0.0,0.0,-0.5,0.5,0.0,629.0,244.0,,,618.0,243.0,611.0,243.0,581.0,240.0,621.0,243.0,,,,,,,,0.0,0.0,0.0,0.0,0.0,0.0,0.0,0.0,0.0,27,0,0,0,0,0,0,0,0,0,0,0,0,0,0,0,1,4,0.0,0.0,0.0,0.0,0.0,0.0,0.0,0.0,0.0,0,0,0,0
780,Ben,Casey,Casey,a,,,4.5,507,73.0,0.0,666,85.0,0.0,682.0,72.0,0,0,0.0,0,0.0,15,9,0.0,0.0,-0.5,0.5,0.0,747.0,82.0,,,746.0,82.0,741.0,81.0,727.0,81.0,747.0,82.0,,,,,,,,0.0,0.0,0.0,0.0,0.0,0.0,0.0,0.0,0.0,27,0,0,0,0,0,0,0,0,0,0,0,0,0,0,0,27,10,0.0,0.0,0.0,0.0,0.0,0.0,0.0,0.0,0.0,0,0,0,0
798,Danny,Imray,Imray,u,has joined West Brom on loan for the rest of the season.,,4.0,698,181.0,0.0,794,263.0,0.0,492.0,196.0,0,0,0.0,0,0.0,0,0,0.0,0.0,0.0,0.0,0.0,603.0,224.0,0.0,0.0,592.0,223.0,585.0,223.0,552.0,217.0,595.0,223.0,,,,,,,,0.0,0.0,0.0,0.0,0.0,0.0,0.0,0.0,0.0,27,0,0,0,0,0,0,0,0,0,0,0,0,0,0,0,0,0,0.0,0.0,0.0,0.0,0.0,0.0,0.0,0.0,0.0,0,0,0,0
242,Kiernan,Dewsbury-Hall,Dewsbury-Hall,a,,,4.9,312,195.0,3.3,101,32.0,3.6,54.0,26.0,0,0,0.0,-1,1.0,1572,424,0.7,19.0,3.6,3.1,4.9,16.0,10.0,100.0,100.0,129.0,43.0,49.0,43.0,90.0,55.0,73.0,43.0,2.0,,,,,,,0.14,0.19,0.33,1.29,0.0,0.35,1.15,1.04,7.27,27,0,0,0,0,0,0,0,0,0,0,0,0,0,0,0,2983,1041,0.0,0.0,0.0,0.0,0.0,0.0,0.0,0.0,0.0,0,0,0,0
243,Tyrique,George,George,a,,,4.8,374,235.0,0.1,534,194.0,0.6,307.0,137.0,0,0,0.0,-2,2.0,17,7,0.1,1.5,0.6,0.1,1.2,438.0,196.0,,,459.0,207.0,407.0,202.0,277.0,149.0,417.0,189.0,,,,,,,,0.16,0.05,0.21,0.94,0.0,0.4,1.21,0.4,4.02,27,0,0,0,0,0,0,0,0,0,0,0,0,0,0,0,20,12,0.0,0.0,0.0,0.0,0.0,0.0,0.0,0.0,0.0,0,0,0,0
287,Jordan,Pickford,Pickford,a,,,5.6,124,2.0,13.3,28,4.0,1.6,212.0,18.0,0,0,0.0,1,-1.0,720,1897,0.3,19.3,1.6,1.1,4.2,53.0,1.0,,,17.0,4.0,480.0,13.0,451.0,2.0,176.0,5.0,,,,,,,,0.0,0.01,0.01,1.47,2.73,0.35,1.15,1.0,0.0,27,0,0,0,0,0,0,0,0,0,0,0,0,0,0,0,887,3754,0.0,0.0,0.0,0.0,0.0,0.0,0.0,0.0,0.0,0,0,0,0
288,Mark,Travers,Travers,a,,,4.3,584,28.0,0.1,456,69.0,0.0,548.0,83.0,0,0,0.0,-2,2.0,5,8,0.0,0.0,0.0,-0.5,0.0,642.0,89.0,,,631.0,89.0,627.0,80.0,601.0,68.0,634.0,89.0,,,,,,,,0.0,0.0,0.0,0.0,0.0,0.0,0.0,0.0,0.0,27,0,0,0,0,0,0,0,0,0,0,0,0,0,0,0,6,11,0.0,0.0,0.0,0.0,0.0,0.0,0.0,0.0,0.0,0,0,0,0
289,Harry,Tyrer,Tyrer,u,has joined Cardiff City permanently.,,3.9,757,80.0,0.1,484,73.0,0.0,436.0,39.0,0,0,0.0,-1,1.0,0,8,0.0,0.0,0.0,0.0,0.0,550.0,48.0,0.0,0.0,539.0,48.0,529.0,33.0,494.0,19.0,542.0,48.0,,,,,,,,0.0,0.0,0.0,0.0,0.0,0.0,0.0,0.0,0.0,27,0,0,0,0,0,0,0,0,0,0,0,0,0,0,0,0,9,0.0,0.0,0.0,0.0,0.0,0.0,0.0,0.0,0.0,0,0,0,0
290,Jarrad,Branthwaite,Branthwaite,a,,,5.3,200,24.0,0.2,360,131.0,1.4,236.0,88.0,0,0,0.0,-2,2.0,122,43,0.3,1.3,1.4,0.9,1.8,371.0,136.0,100.0,100.0,415.0,156.0,395.0,143.0,362.0,121.0,423.0,150.0,,,,,,,,0.07,0.02,0.09,1.2,0.0,0.0,1.18,0.79,7.89,27,0,0,0,0,0,0,0,0,0,0,0,0,0,0,0,178,54,0.0,0.0,0.0,0.0,0.0,0.0,0.0,0.0,0.0,0,0,0,0
291,James,Tarkowski,Tarkowski,a,,,5.7,113,9.0,11.4,31,11.0,1.8,197.0,71.0,0,0,0.0,2,-2.0,1061,4871,0.3,20.5,1.8,1.3,4.5,33.0,12.0,,,12.0,4.0,170.0,41.0,97.0,11.0,50.0,6.0,,,,,,,,0.07,0.05,0.12,1.47,0.0,0.35,1.15,1.0,10.69,27,0,0,0,0,0,0,0,0,0,0,0,0,0,0,0,1313,8863,0.0,0.0,0.0,0.0,0.0,0.0,0.0,0.0,0.0,0,0,0,0
292,Vitalii,Mykolenko,Mykolenko,a,,,4.9,314,50.0,0.6,242,91.0,1.0,265.0,97.0,0,0,0.0,-1,1.0,56,183,0.2,13.7,1.0,0.5,3.0,190.0,77.0,100.0,100.0,119.0,53.0,97.0,24.0,281.0,81.0,146.0,46.0,,,,,,,,0.01,0.1,0.11,1.44,0.0,0.32,1.28,1.01,6.72,27,0,0,0,0,0,0,0,0,0,0,0,0,0,0,0,83,343,0.0,0.0,0.0,0.0,0.0,0.0,0.0,0.0,0.0,0,0,0,0
293,Jake,O'Brien,O'Brien,a,,,4.9,340,56.0,0.7,223,85.0,2.0,179.0,65.0,0,0,0.0,-1,1.0,23,615,0.4,17.6,2.0,0.0,3.3,143.0,56.0,100.0,0.0,87.0,39.0,134.0,34.0,209.0,53.0,123.0,39.0,,,,,,,,0.03,0.03,0.06,1.53,0.0,0.33,1.19,0.99,6.88,27,0,0,0,0,0,0,0,0,0,0,0,0,0,0,0,24,1170,0.0,0.0,0.0,0.0,0.0,0.0,0.0,0.0,0.0,0,0,0,0
294,Séamus,Coleman,Coleman,a,,,4.2,625,141.0,0.1,485,173.0,0.0,529.0,223.0,0,0,0.0,-3,3.0,11,6,0.0,0.7,0.0,-0.5,1.0,459.0,170.0,100.0,100.0,624.0,246.0,481.0,175.0,588.0,243.0,627.0,246.0,,,,,,,,0.0,0.0,0.0,1.96,0.0,0.0,0.0,8.18,0.0,27,0,0,0,0,0,0,0,0,0,0,0,0,0,0,0,18,6,0.0,0.0,0.0,0.0,0.0,0.0,0.0,0.0,0.0,0,0,0,0
295,Michael,Keane,Keane,a,,,4.7,377,63.0,3.6,91,32.0,1.4,228.0,87.0,0,0,0.0,2,-2.0,400,1327,0.3,21.9,1.4,0.9,4.7,25.0,10.0,100.0,100.0,35.0,14.0,373.0,132.0,104.0,14.0,114.0,36.0,,,,,,,,0.09,0.01,0.1,1.53,0.0,0.29,1.31,1.02,10.32,27,0,0,0,0,0,0,0,0,0,0,0,0,0,0,0,540,2592,0.0,0.0,0.0,0.0,0.0,0.0,0.0,0.0,0.0,0,0,0,0
296,Nathan,Patterson,Patterson,a,,,4.4,535,114.0,0.0,621,221.0,0.6,303.0,105.0,0,0,0.0,-1,1.0,4,8,0.1,4.8,0.6,0.1,3.5,116.0,42.0,100.0,100.0,386.0,148.0,435.0,157.0,383.0,135.0,415.0,148.0,,,,,,,,0.01,0.02,0.03,1.35,0.0,0.76,0.38,1.14,11.39,27,0,0,0,0,0,0,0,0,0,0,0,0,0,0,0,5,18,0.0,0.0,0.0,0.0,0.0,0.0,0.0,0.0,0.0,0,0,0,0
297,Roman,Dixon,Dixon,u,has joined Stockport County on loan for the rest of the season.,,3.8,797,246.0,0.2,396,147.0,0.0,407.0,157.0,0,0,0.0,-2,2.0,0,20,0.0,0.0,0.0,0.0,0.0,524.0,190.0,0.0,0.0,513.0,189.0,500.0,187.0,464.0,178.0,516.0,189.0,,,,,,,,0.0,0.0,0.0,0.0,0.0,0.0,0.0,0.0,0.0,27,0,0,0,0,0,0,0,0,0,0,0,0,0,0,0,0,28,0.0,0.0,0.0,0.0,0.0,0.0,0.0,0.0,0.0,0,0,0,0
298,Reece,Welch,Welch,a,,,3.8,795,244.0,0.1,423,156.0,0.0,405.0,155.0,0,0,0.0,-2,2.0,16,5,0.0,0.0,0.0,-0.5,0.0,522.0,188.0,,,511.0,187.0,498.0,185.0,462.0,176.0,514.0,187.0,,,,,,,,0.0,0.0,0.0,0.0,0.0,0.0,0.0,0.0,0.0,27,0,0,0,0,0,0,0,0,0,0,0,0,0,0,0,19,8,0.0,0.0,0.0,0.0,0.0,0.0,0.0,0.0,0.0,0,0,0,0
299,Iliman,Ndiaye,Ndiaye,a,,,6.2,74,49.0,3.9,87,29.0,3.0,99.0,47.0,0,0,0.0,-3,3.0,792,348,0.5,14.2,3.0,2.5,4.4,39.0,19.0,100.0,100.0,83.0,27.0,77.0,58.0,38.0,23.0,45.0,32.0,,,1.0,,,,,0.23,0.19,0.42,1.33,0.0,0.32,1.27,1.06,9.83,27,0,0,0,0,0,0,0,0,0,0,0,0,0,0,0,1168,1037,0.0,0.0,0.0,0.0,0.0,0.0,0.0,0.0,0.0,0,0,0,0
300,Dwight,McNeil,McNeil,a,,,5.5,144,89.0,0.1,418,142.0,0.2,389.0,174.0,0,0,0.0,-5,5.0,7,24,0.0,5.3,0.2,-0.3,2.1,320.0,140.0,,,371.0,165.0,205.0,136.0,317.0,167.0,340.0,163.0,,,,,,,,0.07,0.1,0.17,1.78,0.0,0.44,0.59,1.02,7.76,27,0,0,0,0,0,0,0,0,0,0,0,0,0,0,0,10,59,0.0,0.0,0.0,0.0,0.0,0.0,0.0,0.0,0.0,0,0,0,0
301,Carlos,Alcaraz Durán,Alcaraz,a,,,5.2,215,133.0,0.1,513,186.0,0.2,385.0,171.0,0,0,0.0,-3,3.0,4,3,0.0,5.0,0.2,-0.3,1.6,393.0,175.0,100.0,100.0,358.0,160.0,192.0,128.0,159.0,88.0,279.0,137.0,,,,,,,,0.14,0.06,0.2,1.76,0.0,0.4,1.08,0.81,8.64,27,0,0,0,0,0,0,0,0,0,0,0,0,0,0,0,4,15,0.0,0.0,0.0,0.0,0.0,0.0,0.0,0.0,0.0,0,0,0,0
302,Idrissa Gana,Gueye,Gana,a,,,5.4,156,96.0,0.1,495,177.0,2.2,163.0,75.0,0,0,0.0,-1,1.0,23,9,0.4,10.2,2.2,1.7,3.2,161.0,69.0,100.0,100.0,201.0,83.0,162.0,114.0,169.0,95.0,192.0,100.0,,,,,,,,0.08,0.06,0.14,1.42,0.0,0.19,1.16,1.09,9.32,27,0,0,0,0,0,0,0,0,0,0,0,0,0,0,0,32,19,0.0,0.0,0.0,0.0,0.0,0.0,0.0,0.0,0.0,0,0,0,0
303,James,Garner,Garner,a,,,5.2,212,131.0,3.9,85,28.0,2.4,144.0,64.0,0,0,0.0,2,-2.0,753,1463,0.5,21.3,2.4,1.9,4.3,43.0,21.0,,,22.0,6.0,12.0,12.0,118.0,68.0,22.0,18.0,3.0,3.0,,,,,,0.07,0.16,0.23,1.47,0.0,0.35,1.16,1.0,12.42,27,0,0,0,0,0,0,0,0,0,0,0,0,0,0,0,1097,3056,0.0,0.0,0.0,0.0,0.0,0.0,0.0,0.0,0.0,0,0,0,0
304,Tim,Iroegbunam,Iroegbunam,a,,,4.8,368,230.0,0.0,616,239.0,0.2,376.0,166.0,0,0,0.0,-2,2.0,5,5,0.0,10.4,0.2,-0.3,2.6,254.0,104.0,100.0,100.0,278.0,121.0,278.0,162.0,315.0,166.0,327.0,156.0,,,,,,,,0.03,0.06,0.09,1.45,0.0,0.67,0.87,1.06,12.14,27,0,0,0,0,0,0,0,0,0,0,0,0,0,0,0,7,8,0.0,0.0,0.0,0.0,0.0,0.0,0.0,0.0,0.0,0,0,0,0
305,Harrison,Armstrong,Armstrong,a,,,4.5,498,306.0,0.1,507,182.0,1.2,241.0,102.0,0,0,0.0,0,0.0,36,25,0.3,3.3,1.2,0.7,1.9,339.0,148.0,100.0,100.0,403.0,179.0,330.0,181.0,296.0,157.0,376.0,177.0,,,,,,,,0.15,0.04,0.19,1.64,0.0,0.22,1.32,1.1,9.22,27,0,0,0,0,0,0,0,0,0,0,0,0,0,0,0,50,33,0.0,0.0,0.0,0.0,0.0,0.0,0.0,0.0,0.0,0,0,0,0
306,Callum,Bates,Bates,a,,,4.3,609,356.0,0.1,482,169.0,0.0,563.0,190.0,0,0,0.0,-2,2.0,26,9,0.0,0.0,0.0,-0.5,0.0,653.0,248.0,,,642.0,238.0,639.0,244.0,614.0,232.0,645.0,241.0,,,,,,,,0.0,0.0,0.0,0.0,0.0,0.0,0.0,0.0,0.0,27,0,0,0,0,0,0,0,0,0,0,0,0,0,0,0,37,17,0.0,0.0,0.0,0.0,0.0,0.0,0.0,0.0,0.0,0,0,0,0
307,Coby,Ebere,Ebere,a,,,4.4,548,328.0,0.0,602,229.0,0.0,589.0,205.0,0,0,0.0,-1,1.0,3,5,0.0,0.0,0.0,-0.5,0.0,672.0,260.0,,,662.0,251.0,659.0,257.0,636.0,246.0,665.0,254.0,,,,,,,,0.0,0.0,0.0,0.0,0.0,0.0,0.0,0.0,0.0,27,0,0,0,0,0,0,0,0,0,0,0,0,0,0,0,6,5,0.0,0.0,0.0,0.0,0.0,0.0,0.0,0.0,0.0,0,0,0,0
308,Isaac,Heath,Heath,u,has joined Accrington on loan for the rest of the season.,,4.5,452,270.0,0.0,693,286.0,0.0,636.0,236.0,0,0,0.0,0,0.0,0,1,0.0,0.0,0.0,0.0,0.0,709.0,285.0,0.0,0.0,703.0,280.0,700.0,283.0,683.0,276.0,705.0,282.0,,,,,,,,0.0,0.0,0.0,0.0,0.0,0.0,0.0,0.0,0.0,27,0,0,0,0,0,0,0,0,0,0,0,0,0,0,0,0,1,0.0,0.0,0.0,0.0,0.0,0.0,0.0,0.0,0.0,0,0,0,0
309,Jenson,Metcalfe,Metcalfe,u,Has joined Bradford City permanently.,,4.5,448,268.0,0.0,816,366.0,0.0,634.0,234.0,0,0,0.0,0,0.0,0,0,0.0,0.0,0.0,0.0,0.0,707.0,283.0,0.0,0.0,701.0,278.0,698.0,281.0,681.0,274.0,703.0,280.0,,,,,,,,0.0,0.0,0.0,0.0,0.0,0.0,0.0,0.0,0.0,27,0,0,0,0,0,0,0,0,0,0,0,0,0,0,0,0,0,0.0,0.0,0.0,0.0,0.0,0.0,0.0,0.0,0.0,0,0,0,0
310,Thierno,Barry,Barry,a,,,5.7,120,33.0,1.1,185,30.0,3.0,98.0,10.0,0,0,0.0,-3,3.0,224,599,0.5,11.4,3.0,2.5,2.5,275.0,29.0,,,242.0,21.0,179.0,15.0,42.0,17.0,133.0,17.0,,,,,,,,0.32,0.02,0.34,1.43,0.0,0.42,1.21,1.09,2.97,27,0,0,0,0,0,0,0,0,0,0,0,0,0,0,0,326,1314,0.0,0.0,0.0,0.0,0.0,0.0,0.0,0.0,0.0,0,0,0,0
311,Norberto Bercique,Gomes Betuncal,Beto,a,,,5.0,265,55.0,2.4,119,21.0,1.8,194.0,26.0,0,0,0.0,-5,5.0,135,247,0.4,9.2,1.8,1.3,1.8,368.0,43.0,,,281.0,27.0,321.0,34.0,52.0,20.0,212.0,27.0,,,2.0,,,,,0.53,0.02,0.55,1.63,0.0,0.2,1.33,0.82,5.21,27,0,0,0,0,0,0,0,0,0,0,0,0,0,0,0,193,370,0.0,0.0,0.0,0.0,0.0,0.0,0.0,0.0,0.0,0,0,0,0
312,Youssef,Ramalho Chermiti,Y.Chermiti,u,has joined Rangers permanently.,,4.9,337,62.0,0.1,546,77.0,0.0,731.0,78.0,0,0,0.0,-1,1.0,0,2,0.0,0.0,0.0,0.0,0.0,774.0,86.0,0.0,0.0,773.0,86.0,770.0,85.0,764.0,85.0,774.0,86.0,,,,,,,,0.0,0.0,0.0,0.0,0.0,0.0,0.0,0.0,0.0,27,0,0,0,0,0,0,0,0,0,0,0,0,0,0,0,0,3,0.0,0.0,0.0,0.0,0.0,0.0,0.0,0.0,0.0,0,0,0,0
313,Martin,Sherif,Sherif,u,has joined Port Vale on loan for the rest of the season.,,4.4,555,78.0,0.1,442,65.0,0.0,594.0,61.0,0,0,0.0,-1,1.0,0,3,0.0,0.0,0.0,0.0,0.0,676.0,71.0,0.0,0.0,667.0,71.0,663.0,70.0,642.0,70.0,670.0,71.0,,,,,,,,0.0,0.0,0.0,0.0,0.0,0.0,0.0,0.0,0.0,27,0,0,0,0,0,0,0,0,0,0,0,0,0,0,0,0,5,0.0,0.0,0.0,0.0,0.0,0.0,0.0,0.0,0.0,0,0,0,0
419,Jack,Grealish,Grealish,i,Foot injury - Expected back 01 Jun,,6.3,65,43.0,6.1,59,21.0,0.0,803.0,359.0,0,0,0.0,-2,2.0,6,842,0.0,12.5,0.0,0.0,4.0,76.0,34.0,0.0,0.0,108.0,35.0,20.0,20.0,35.0,20.0,27.0,22.0,,,,,,,,0.11,0.19,0.3,1.43,0.0,0.39,1.27,1.0,7.47,27,0,0,0,0,0,0,0,0,0,0,0,0,0,0,0,6,1228,0.0,0.0,0.0,0.0,0.0,0.0,0.0,0.0,0.0,0,0,0,0
630,Tom,King,King,a,,,3.9,745,74.0,1.3,168,21.0,0.0,428.0,33.0,0,0,0.0,-1,1.0,30,52,0.0,0.0,0.0,-0.5,0.0,542.0,42.0,,,531.0,42.0,521.0,27.0,486.0,13.0,534.0,42.0,,,,,,,,0.0,0.0,0.0,0.0,0.0,0.0,0.0,0.0,0.0,27,0,0,0,0,0,0,0,0,0,0,0,0,0,0,0,38,73,0.0,0.0,0.0,0.0,0.0,0.0,0.0,0.0,0.0,0,0,0,0
667,Adam,Aznou,Aznou,a,,,4.2,639,151.0,0.1,572,205.0,0.0,533.0,225.0,0,0,0.0,-3,3.0,4,3,0.0,0.0,0.0,-0.5,0.0,636.0,247.0,100.0,100.0,626.0,247.0,621.0,246.0,593.0,244.0,629.0,247.0,,,,,,,,0.0,0.0,0.0,0.0,0.0,0.0,0.0,0.0,0.0,27,0,0,0,0,0,0,0,0,0,0,0,0,0,0,0,4,7,0.0,0.0,0.0,0.0,0.0,0.0,0.0,0.0,0.0,0,0,0,0
704,Tyler,Onyango,Onyango,u,has joined Stockport County on loan for the rest of the season.,,4.5,437,261.0,0.0,582,217.0,0.0,628.0,228.0,0,0,0.0,0,0.0,0,0,0.0,0.0,0.0,0.0,0.0,702.0,278.0,0.0,0.0,695.0,272.0,693.0,276.0,675.0,269.0,698.0,275.0,,,,,,,,0.0,0.0,0.0,0.0,0.0,0.0,0.0,0.0,0.0,27,0,0,0,0,0,0,0,0,0,0,0,0,0,0,0,0,0,0.0,0.0,0.0,0.0,0.0,0.0,0.0,0.0,0.0,0,0,0,0
705,Elijah,Campbell,Campbell,u,has joined Port Vale on loan for the rest of the season.,,3.9,768,224.0,0.2,404,148.0,0.0,445.0,174.0,0,0,0.0,-1,1.0,0,16,0.0,0.0,0.0,0.0,0.0,558.0,203.0,0.0,0.0,547.0,202.0,537.0,202.0,502.0,194.0,550.0,202.0,,,,,,,,0.0,0.0,0.0,0.0,0.0,0.0,0.0,0.0,0.0,27,0,0,0,0,0,0,0,0,0,0,0,0,0,0,0,0,25,0.0,0.0,0.0,0.0,0.0,0.0,0.0,0.0,0.0,0,0,0,0
707,Tyler,Dibling,Dibling,a,,,5.3,203,126.0,0.0,645,259.0,0.4,344.0,156.0,0,0,0.0,-2,2.0,2,1,0.1,3.2,0.4,-0.1,1.3,431.0,195.0,,,404.0,180.0,314.0,178.0,344.0,181.0,387.0,181.0,,,,,,,,0.05,0.04,0.09,1.55,0.0,0.52,0.52,1.03,10.34,27,0,0,0,0,0,0,0,0,0,0,0,0,0,0,0,2,3,0.0,0.0,0.0,0.0,0.0,0.0,0.0,0.0,0.0,0,0,0,0
728,Merlin,Röhl,Röhl,a,,,5.0,274,169.0,0.0,710,296.0,0.0,751.0,322.0,0,0,0.0,0,0.0,2,2,0.0,3.2,0.0,-0.5,1.6,389.0,172.0,100.0,100.0,390.0,172.0,299.0,171.0,343.0,180.0,375.0,176.0,,,,,,,,0.13,0.04,0.17,1.6,0.0,0.51,1.02,0.51,10.96,27,0,0,0,0,0,0,0,0,0,0,0,0,0,0,0,2,2,0.0,0.0,0.0,0.0,0.0,0.0,0.0,0.0,0.0,0,0,0,0
779,Braiden,Graham,Graham,a,,,4.5,505,72.0,0.0,634,82.0,0.0,681.0,71.0,0,0,0.0,0,0.0,19,9,0.0,0.0,0.0,-0.5,0.0,746.0,81.0,,,745.0,81.0,740.0,80.0,726.0,80.0,746.0,81.0,,,,,,,,0.0,0.0,0.0,0.0,0.0,0.0,0.0,0.0,0.0,27,0,0,0,0,0,0,0,0,0,0,0,0,0,0,0,27,15,0.0,0.0,0.0,0.0,0.0,0.0,0.0,0.0,0.0,0,0,0,0
314,Bernd,Leno,Leno,a,,,4.9,287,10.0,1.5,157,20.0,1.0,262.0,21.0,0,0,0.0,-1,1.0,76,120,0.2,14.7,1.0,1.0,2.8,220.0,22.0,,,29.0,9.0,755.0,89.0,748.0,84.0,202.0,10.0,,,,,,,,0.0,0.0,0.0,1.42,2.58,0.19,1.54,1.0,0.0,27,0,0,0,0,0,0,0,0,0,0,0,0,0,0,0,108,227,0.0,0.0,0.0,0.0,0.0,0.0,0.0,0.0,0.0,0,0,0,0
315,Steven,Benda,Benda,u,has joined Feyenoord on loan for the rest of the season.,,4.0,675,49.0,0.0,750,85.0,0.0,472.0,60.0,0,0,0.0,0,0.0,0,0,0.0,0.0,0.0,0.0,0.0,584.0,68.0,0.0,0.0,573.0,68.0,566.0,56.0,533.0,42.0,576.0,68.0,,,,,,,,0.0,0.0,0.0,0.0,0.0,0.0,0.0,0.0,0.0,27,0,0,0,0,0,0,0,0,0,0,0,0,0,0,0,0,1,0.0,0.0,0.0,0.0,0.0,0.0,0.0,0.0,0.0,0,0,0,0
316,Antonee,Robinson,Robinson,a,,,4.9,295,44.0,0.7,213,81.0,0.4,336.0,121.0,0,0,0.0,-1,1.0,85,197,0.1,6.7,0.4,0.4,2.8,221.0,88.0,100.0,100.0,257.0,105.0,137.0,35.0,341.0,111.0,256.0,87.0,,,,,,,,0.02,0.12,0.14,1.49,0.0,0.22,1.12,1.01,7.64,27,0,0,0,0,0,0,0,0,0,0,0,0,0,0,0,116,291,0.0,0.0,0.0,0.0,0.0,0.0,0.0,0.0,0.0,0,0,0,0
317,Joachim,Andersen,Andersen,a,,,4.5,414,75.0,4.6,75,24.0,2.2,152.0,54.0,0,0,0.0,0,0.0,525,763,0.5,19.8,2.2,2.2,3.6,103.0,38.0,100.0,100.0,15.0,6.0,223.0,58.0,208.0,52.0,95.0,25.0,,,,,,,,0.05,0.06,0.11,1.37,0.0,0.2,1.51,1.02,10.39,27,0,0,0,0,0,0,0,0,0,0,0,0,0,0,0,1081,1536,0.0,0.0,0.0,0.0,0.0,0.0,0.0,0.0,0.0,0,0,0,0
318,Calvin,Bassey,Bassey,a,,,4.4,532,111.0,0.4,284,104.0,0.4,327.0,117.0,0,0,0.0,-1,1.0,45,32,0.1,13.0,0.4,0.4,3.2,153.0,60.0,100.0,100.0,118.0,52.0,288.0,94.0,289.0,86.0,232.0,77.0,,,,,,,,0.06,0.01,0.07,1.38,0.0,0.19,1.8,0.99,7.93,27,0,0,0,0,0,0,0,0,0,0,0,0,0,0,0,70,54,0.0,0.0,0.0,0.0,0.0,0.0,0.0,0.0,0.0,0,0,0,0
319,Timothy,Castagne,Castagne,a,,,4.3,579,127.0,0.1,460,168.0,1.4,221.0,81.0,0,0,0.0,-2,2.0,15,10,0.3,6.5,1.4,1.4,1.4,421.0,151.0,,,230.0,90.0,201.0,50.0,251.0,71.0,250.0,84.0,,,,,,,,0.08,0.04,0.12,1.74,0.0,0.0,1.85,0.97,7.82,27,0,0,0,0,0,0,0,0,0,0,0,0,0,0,0,20,19,0.0,0.0,0.0,0.0,0.0,0.0,0.0,0.0,0.0,0,0,0,0
320,Issa,Diop,Diop,a,,,4.3,581,129.0,0.1,530,189.0,0.0,546.0,233.0,0,0,0.0,-2,2.0,4,2,0.0,2.3,0.0,0.0,1.2,434.0,155.0,,,377.0,144.0,440.0,160.0,405.0,151.0,416.0,149.0,,,,,,,,0.0,0.01,0.01,1.79,0.0,0.0,1.97,0.87,7.65,27,0,0,0,0,0,0,0,0,0,0,0,0,0,0,0,7,3,0.0,0.0,0.0,0.0,0.0,0.0,0.0,0.0,0.0,0,0,0,0
321,Jorge,Cuenca Barreno,J.Cuenca,a,,,4.3,586,132.0,0.1,561,201.0,1.4,222.0,82.0,0,0,0.0,-2,2.0,2,12,0.3,8.6,1.4,1.4,3.1,167.0,65.0,,,218.0,84.0,339.0,115.0,386.0,137.0,322.0,110.0,,,,,,,,0.0,0.05,0.05,1.39,0.0,0.19,1.07,1.07,10.77,27,0,0,0,0,0,0,0,0,0,0,0,0,0,0,0,7,20,0.0,0.0,0.0,0.0,0.0,0.0,0.0,0.0,0.0,0,0,0,0
322,Kenny,Tete,Tete,a,,,4.5,412,74.0,0.3,340,122.0,0.4,329.0,118.0,0,0,0.0,0,0.0,5,36,0.1,14.9,0.4,0.4,3.7,93.0,35.0,100.0,100.0,122.0,56.0,166.0,39.0,252.0,72.0,180.0,58.0,,,,,,,,0.04,0.07,0.11,1.32,0.0,0.31,1.37,1.06,8.3,27,0,0,0,0,0,0,0,0,0,0,0,0,0,0,0,10,89,0.0,0.0,0.0,0.0,0.0,0.0,0.0,0.0,0.0,0,0,0,0
323,Samuel,Amissah,Amissah,a,,,3.8,811,259.0,0.1,420,154.0,0.0,418.0,167.0,0,0,0.0,-2,2.0,9,15,0.0,0.0,0.0,0.0,0.0,533.0,198.0,,,522.0,197.0,511.0,197.0,476.0,189.0,525.0,197.0,,,,,,,,0.0,0.0,0.0,0.0,0.0,0.0,0.0,0.0,0.0,27,0,0,0,0,0,0,0,0,0,0,0,0,0,0,0,17,17,0.0,0.0,0.0,0.0,0.0,0.0,0.0,0.0,0.0,0,0,0,0
324,Alex,Iwobi,Iwobi,a,,,6.3,66,44.0,0.7,211,73.0,2.0,186.0,80.0,0,0,0.0,-2,2.0,95,44,0.3,10.5,2.0,2.0,3.3,148.0,65.0,100.0,100.0,166.0,62.0,28.0,27.0,147.0,84.0,82.0,48.0,5.0,,,,,,,0.05,0.17,0.22,1.44,0.0,0.16,1.76,1.07,6.62,27,0,0,0,0,0,0,0,0,0,0,0,0,0,0,0,129,69,0.0,0.0,0.0,0.0,0.0,0.0,0.0,0.0,0.0,0,0,0,0
325,Emile,Smith Rowe,Smith Rowe,a,,,5.6,127,78.0,0.5,253,87.0,1.4,238.0,100.0,0,0,0.0,-4,4.0,44,84,0.3,10.5,1.4,1.4,2.3,299.0,132.0,100.0,100.0,231.0,101.0,118.0,82.0,86.0,53.0,138.0,76.0,,,,,,,,0.25,0.06,0.31,1.59,0.0,0.21,1.43,1.0,7.09,27,0,0,0,0,0,0,0,0,0,0,0,0,0,0,0,66,157,0.0,0.0,0.0,0.0,0.0,0.0,0.0,0.0,0.0,0,0,0,0
327,Andreas,Hoelgebaum Pereira,Andreas,u,has joined Palmeiras permanently.,,5.3,188,115.0,0.1,563,207.0,0.0,768.0,333.0,0,0,0.0,-2,2.0,0,0,0.0,0.0,0.0,0.0,0.0,794.0,350.0,0.0,0.0,794.0,350.0,793.0,350.0,790.0,349.0,794.0,350.0,,,,,,,,0.0,0.0,0.0,0.0,0.0,0.0,0.0,0.0,0.0,27,0,0,0,0,0,0,0,0,0,0,0,0,0,0,0,0,0,0.0,0.0,0.0,0.0,0.0,0.0,0.0,0.0,0.0,0,0,0,0
328,Ryan,Sessegnon,Sessegnon,a,,,5.4,163,100.0,0.2,410,138.0,2.2,165.0,76.0,0,0,0.0,-1,1.0,20,13,0.4,13.1,2.2,2.2,3.7,97.0,44.0,100.0,100.0,153.0,54.0,177.0,120.0,164.0,93.0,171.0,93.0,,,,,,,,0.06,0.11,0.17,1.35,0.0,0.25,1.71,1.02,10.67,27,0,0,0,0,0,0,0,0,0,0,0,0,0,0,0,35,30,0.0,0.0,0.0,0.0,0.0,0.0,0.0,0.0,0.0,0,0,0,0
329,Harry,Wilson,Wilson,a,,,5.9,91,57.0,19.8,19,7.0,3.2,85.0,40.0,0,0,0.0,4,-4.0,5189,5512,0.5,20.3,3.2,3.2,4.8,21.0,12.0,100.0,100.0,50.0,13.0,30.0,29.0,27.0,14.0,21.0,17.0,3.0,3.0,3.0,,,,,0.2,0.17,0.37,1.31,0.0,0.28,1.36,1.08,5.7,27,0,0,0,0,0,0,0,0,0,0,0,0,0,0,0,6990,11901,0.0,0.0,0.0,0.0,0.0,0.0,0.0,0.0,0.0,0,0,0,0
330,Sander,Berge,Berge,a,,,4.9,305,190.0,0.1,520,188.0,1.4,231.0,95.0,0,0,0.0,-1,1.0,9,14,0.3,12.9,1.4,1.4,2.4,285.0,123.0,,,123.0,40.0,96.0,70.0,280.0,152.0,145.0,80.0,,,,,,,,0.05,0.04,0.09,1.44,0.0,0.21,1.58,1.04,8.66,27,0,0,0,0,0,0,0,0,0,0,0,0,0,0,0,14,16,0.0,0.0,0.0,0.0,0.0,0.0,0.0,0.0,0.0,0,0,0,0
331,Tom,Cairney,Cairney,d,Calf injury - 50% chance of playing,,4.8,351,219.0,0.0,637,251.0,0.4,335.0,150.0,0,0,0.0,-2,2.0,0,7,0.1,5.0,0.2,0.2,1.5,410.0,182.0,50.0,50.0,367.0,163.0,268.0,158.0,312.0,164.0,357.0,170.0,,,,,,,,0.17,0.06,0.23,1.61,0.0,0.0,1.79,0.6,6.75,27,0,0,0,0,0,0,0,0,0,0,0,0,0,0,0,0,8,0.0,0.0,0.0,0.0,0.0,0.0,0.0,0.0,0.0,0,0,0,0
332,Saša,Lukić,Lukić,d,Hamstring injury - 50% chance of playing,,4.9,309,193.0,0.1,575,213.0,0.0,718.0,297.0,0,0,0.0,-1,1.0,2,3,0.0,10.2,0.0,0.0,2.6,256.0,106.0,50.0,50.0,220.0,97.0,63.0,50.0,213.0,116.0,148.0,81.0,1.0,,,,,,,0.13,0.1,0.23,1.37,0.0,0.3,1.27,1.12,9.46,27,0,0,0,0,0,0,0,0,0,0,0,0,0,0,0,2,6,0.0,0.0,0.0,0.0,0.0,0.0,0.0,0.0,0.0,0,0,0,0
333,Martial,Godo,Godo,u,has joined Strasbourg permanently.,,4.5,476,290.0,0.0,665,270.0,0.0,656.0,253.0,0,0,0.0,0,0.0,0,0,0.0,0.0,0.0,0.0,0.0,725.0,299.0,0.0,0.0,721.0,296.0,717.0,298.0,702.0,293.0,723.0,298.0,,,,,,,,0.0,0.0,0.0,0.0,0.0,0.0,0.0,0.0,0.0,27,0,0,0,0,0,0,0,0,0,0,0,0,0,0,0,0,0,0.0,0.0,0.0,0.0,0.0,0.0,0.0,0.0,0.0,0,0,0,0
334,Luke,Harris,Harris,u,Has joined Oxford United on loan for the rest of the season.,,4.5,456,273.0,0.0,808,359.0,0.0,640.0,239.0,0,0,0.0,0,0.0,0,0,0.0,0.0,0.0,0.0,0.0,712.0,288.0,0.0,0.0,706.0,283.0,703.0,286.0,686.0,279.0,708.0,285.0,,,,,,,,0.0,0.0,0.0,0.0,0.0,0.0,0.0,0.0,0.0,27,0,0,0,0,0,0,0,0,0,0,0,0,0,0,0,0,0,0.0,0.0,0.0,0.0,0.0,0.0,0.0,0.0,0.0,0,0,0,0
335,Josh,King,King,a,,,4.4,561,336.0,1.8,139,44.0,1.0,259.0,113.0,0,0,0.0,-1,1.0,304,225,0.2,8.4,1.0,1.0,1.8,361.0,158.0,100.0,100.0,331.0,151.0,234.0,146.0,120.0,70.0,275.0,136.0,,,,,,,,0.14,0.04,0.18,1.28,0.0,0.3,1.49,1.09,7.33,27,0,0,0,0,0,0,0,0,0,0,0,0,0,0,0,567,446,0.0,0.0,0.0,0.0,0.0,0.0,0.0,0.0,0.0,0,0,0,0
336,Harrison,Reed,Reed,a,,,4.3,578,343.0,0.4,277,97.0,0.2,366.0,160.0,0,0,0.0,-2,2.0,165,73,0.0,2.8,0.2,0.2,2.4,281.0,121.0,,,416.0,184.0,427.0,208.0,415.0,202.0,439.0,197.0,,,,,,,,0.16,0.94,1.1,1.6,0.0,0.0,3.91,0.0,7.83,27,0,0,0,0,0,0,0,0,0,0,0,0,0,0,0,284,130,0.0,0.0,0.0,0.0,0.0,0.0,0.0,0.0,0.0,0,0,0,0
337,Raúl,Jiménez Rodríguez,Raúl,a,,,6.1,80,26.0,1.7,144,23.0,2.8,110.0,12.0,0,0,0.0,-4,4.0,512,516,0.5,13.6,2.8,2.8,3.3,147.0,13.0,100.0,100.0,124.0,10.0,105.0,4.0,16.0,10.0,37.0,8.0,,1.0,1.0,,,,,0.45,0.04,0.49,1.43,0.0,0.32,1.26,1.11,5.32,27,0,0,0,0,0,0,0,0,0,0,0,0,0,0,0,765,1066,0.0,0.0,0.0,0.0,0.0,0.0,0.0,0.0,0.0,0,0,0,0
338,Rodrigo,Muniz Carvalho,Muniz,a,,,5.3,195,46.0,0.7,217,33.0,0.4,343.0,45.0,0,0,0.0,-2,2.0,46,21,0.1,3.6,0.4,0.4,2.1,318.0,36.0,100.0,100.0,385.0,41.0,326.0,36.0,180.0,40.0,342.0,40.0,,,,,,,,0.25,0.0,0.25,1.36,0.0,0.23,1.37,0.92,4.81,27,0,0,0,0,0,0,0,0,0,0,0,0,0,0,0,70,30,0.0,0.0,0.0,0.0,0.0,0.0,0.0,0.0,0.0,0,0,0,0
424,Oscar,Bobb,Bobb,a,,,5.1,237,145.0,0.2,372,124.0,0.4,340.0,154.0,0,0,0.0,-4,4.0,33,20,0.1,3.9,0.4,0.4,1.8,369.0,162.0,100.0,100.0,374.0,167.0,178.0,121.0,236.0,131.0,303.0,150.0,,,,,,,,0.09,0.21,0.3,0.94,0.0,0.37,1.1,0.92,6.81,27,0,0,0,0,0,0,0,0,0,0,0,0,0,0,0,46,21,0.0,0.0,0.0,0.0,0.0,0.0,0.0,0.0,0.0,0,0,0,0
664,Benjamin,Lecomte,Lecomte,a,,,3.9,742,72.0,0.7,215,28.0,0.0,425.0,31.0,0,0,0.0,-1,1.0,42,28,0.0,0.0,0.0,0.0,0.0,540.0,40.0,,,529.0,40.0,519.0,25.0,484.0,11.0,532.0,40.0,,,,,,,,0.0,0.0,0.0,0.0,0.0,0.0,0.0,0.0,0.0,27,0,0,0,0,0,0,0,0,0,0,0,0,0,0,0,51,42,0.0,0.0,0.0,0.0,0.0,0.0,0.0,0.0,0.0,0,0,0,0
727,Samuel,Chukwueze,Chukwueze,i,Calf injury - Unknown return date,,5.3,193,120.0,0.1,486,171.0,2.4,145.0,65.0,0,0,0.0,-2,2.0,0,211,0.5,8.9,0.0,0.0,3.6,110.0,48.0,0.0,0.0,223.0,98.0,130.0,90.0,134.0,77.0,174.0,95.0,,,,,,,,0.22,0.36,0.58,1.55,0.0,0.14,2.13,0.85,7.23,27,0,0,0,0,0,0,0,0,0,0,0,0,0,0,0,2,280,0.0,0.0,0.0,0.0,0.0,0.0,0.0,0.0,0.0,0,0,0,0
731,Kevin,Santos Lopes de Macedo,Kevin,a,,,5.8,112,71.0,0.1,532,192.0,1.8,200.0,85.0,0,0,0.0,-2,2.0,41,16,0.3,7.2,1.8,1.8,1.9,351.0,155.0,100.0,100.0,252.0,106.0,121.0,83.0,114.0,66.0,175.0,96.0,4.0,,,,,,,0.11,0.15,0.26,1.37,0.0,0.42,1.58,0.74,7.17,27,0,0,0,0,0,0,0,0,0,0,0,0,0,0,0,57,31,0.0,0.0,0.0,0.0,0.0,0.0,0.0,0.0,0.0,0,0,0,0
737,Jonah,Kusi-Asare,Kusi-Asare,a,,,4.5,508,74.0,0.1,476,69.0,0.0,683.0,73.0,0,0,0.0,0,0.0,38,21,0.0,0.9,0.0,0.0,0.8,506.0,62.0,,,490.0,59.0,409.0,54.0,408.0,56.0,464.0,57.0,,,,,,,,0.0,0.21,0.21,2.25,0.0,0.0,6.0,0.0,6.0,27,0,0,0,0,0,0,0,0,0,0,0,0,0,0,0,54,30,0.0,0.0,0.0,0.0,0.0,0.0,0.0,0.0,0.0,0,0,0,0
770,Seth,Ridgeon,Ridgeon,a,,,4.5,503,311.0,0.0,779,339.0,0.0,679.0,272.0,0,0,0.0,0,0.0,3,6,0.0,0.0,0.0,0.0,0.0,744.0,314.0,,,743.0,313.0,738.0,314.0,724.0,310.0,744.0,314.0,,,,,,,,0.0,0.0,0.0,0.0,0.0,0.0,0.0,0.0,0.0,27,0,0,0,0,0,0,0,0,0,0,0,0,0,0,0,5,6,0.0,0.0,0.0,0.0,0.0,0.0,0.0,0.0,0.0,0,0,0,0
168,Facundo,Buonanotte,Buonanotte,a,,,4.6,402,249.0,0.1,483,170.0,0.2,373.0,164.0,0,0,0.0,-4,4.0,15,12,0.0,0.4,-0.3,0.2,0.7,509.0,239.0,100.0,100.0,466.0,210.0,378.0,193.0,376.0,191.0,443.0,199.0,,,,,,,,0.05,0.13,0.18,2.43,0.0,0.0,2.61,1.3,6.52,27,0,0,0,0,0,0,0,0,0,0,0,0,0,0,0,29,23,0.0,0.0,0.0,0.0,0.0,0.0,0.0,0.0,0.0,0,0,0,0
339,Illan,Meslier,Meslier,a,,,4.1,653,37.0,0.3,300,40.0,0.0,525.0,78.0,0,0,0.0,-4,4.0,14,23,0.0,0.0,-0.5,0.0,0.0,633.0,86.0,,,622.0,86.0,615.0,74.0,585.0,60.0,625.0,86.0,,,,,,,,0.0,0.0,0.0,0.0,0.0,0.0,0.0,0.0,0.0,27,0,0,0,0,0,0,0,0,0,0,0,0,0,0,0,14,30,0.0,0.0,0.0,0.0,0.0,0.0,0.0,0.0,0.0,0,0,0,0
340,Alex,Cairns,Cairns,a,,,3.9,743,73.0,0.2,414,61.0,0.0,426.0,32.0,0,0,0.0,-1,1.0,5,8,0.0,0.0,-0.5,0.0,0.0,541.0,41.0,,,530.0,41.0,520.0,26.0,485.0,12.0,533.0,41.0,,,,,,,,0.0,0.0,0.0,0.0,0.0,0.0,0.0,0.0,0.0,27,0,0,0,0,0,0,0,0,0,0,0,0,0,0,0,5,9,0.0,0.0,0.0,0.0,0.0,0.0,0.0,0.0,0.0,0,0,0,0
341,Karl,Darlow,Darlow,a,,,3.9,738,68.0,2.4,122,16.0,1.8,187.0,16.0,2,0,0.0,-1,1.0,489,154,0.5,6.4,1.3,1.8,2.3,291.0,25.0,,,229.0,22.0,515.0,21.0,480.0,7.0,349.0,22.0,,,,,,,,0.0,0.0,0.0,1.23,2.73,0.09,1.55,1.0,0.0,27,2,90,0,0,0,1,0,0,0,1,0,3,1,0,11,817,276,0.0,0.0,0.0,0.0,1.459999999999999,0.0,0.0,0.0,0.0,0,3,9,0
342,Jayden,Bogle,Bogle,a,,,4.4,528,107.0,0.2,373,136.0,3.0,90.0,34.0,1,0,0.0,-1,1.0,75,62,0.7,15.0,2.5,3.0,2.6,252.0,99.0,100.0,100.0,172.0,73.0,152.0,37.0,148.0,29.0,160.0,52.0,,,,,,,,0.08,0.05,0.13,1.35,0.0,0.17,1.66,1.02,5.72,27,1,90,0,0,0,1,0,0,0,1,0,0,1,0,14,127,117,0.0,0.010000000000000009,0.07999999999999985,0.08999999999999986,1.4600000000000009,0.0,0.0,0.0,0.0,3,6,5,9
343,Pascal,Struijk,Struijk,a,,,4.3,582,130.0,0.4,272,100.0,2.4,136.0,48.0,2,0,0.0,-2,2.0,73,114,0.6,17.7,1.9,2.4,3.2,152.0,59.0,100.0,100.0,51.0,23.0,231.0,62.0,106.0,16.0,109.0,34.0,,,3.0,,,,,0.11,0.02,0.13,1.37,0.0,0.17,1.65,1.0,9.62,27,2,90,0,0,0,1,0,0,0,0,0,0,1,0,10,119,178,0.0,0.0,0.0,0.0,1.4599999999999973,0.0,0.0,0.0,0.0,2,5,1,7
344,Jaka,Bijol,Bijol,a,,,3.9,755,218.0,0.4,278,102.0,0.6,301.0,103.0,0,0,0.0,-1,1.0,21,69,0.2,11.8,0.1,0.6,3.3,137.0,51.0,100.0,100.0,185.0,77.0,353.0,122.0,192.0,46.0,246.0,83.0,,,,,,,,0.04,0.04,0.08,1.67,0.0,0.08,1.69,0.97,9.19,27,0,45,0,0,0,1,0,0,0,1,0,0,0,0,148,48,113,0.0,0.0,0.0,0.0,0.75,0.0,0.0,0.0,0.0,0,2,0,2
345,Sebastiaan,Bornauw,Bornauw,a,,,3.8,793,242.0,0.2,415,152.0,1.0,254.0,92.0,0,0,0.0,-2,2.0,38,25,0.3,4.5,0.5,1.0,1.9,336.0,124.0,100.0,100.0,365.0,139.0,438.0,159.0,394.0,141.0,406.0,145.0,,,,,,,,0.0,0.0,0.0,1.46,0.0,0.3,1.18,1.18,11.25,27,0,0,0,0,0,0,0,0,0,0,0,0,0,0,0,85,39,0.0,0.0,0.0,0.0,0.0,0.0,0.0,0.0,0.0,0,0,0,0
346,Sam,Byram,Byram,a,,,3.8,784,234.0,0.2,379,140.0,0.0,398.0,149.0,0,0,0.0,-2,2.0,6,18,0.0,0.3,-0.5,0.0,1.0,446.0,159.0,,,506.0,183.0,492.0,180.0,456.0,171.0,509.0,183.0,,,,,,,,0.0,0.0,0.0,10.16,0.0,0.0,12.86,0.0,0.0,27,0,0,0,0,0,0,0,0,0,0,0,0,0,0,0,11,23,0.0,0.0,0.0,0.0,0.0,0.0,0.0,0.0,0.0,0,0,0,0
347,Gabriel,Gudmundsson,Gudmundsson,a,,,3.8,789,238.0,3.8,89,31.0,0.4,321.0,111.0,1,0,0.0,-2,2.0,512,528,0.1,15.0,-0.1,0.4,2.2,301.0,111.0,100.0,100.0,110.0,50.0,68.0,14.0,200.0,48.0,108.0,33.0,,,,,,,,0.04,0.08,0.12,1.45,0.0,0.17,1.68,1.05,6.25,27,1,45,0,0,0,0,0,0,0,0,0,0,1,0,6,932,840,0.0,0.06000000000000005,0.0,0.06000000000000005,0.7100000000000009,0.0,0.0,0.0,0.0,2,3,1,5
348,Joe,Rodon,Rodon,a,,,3.9,750,215.0,3.8,88,30.0,3.4,62.0,23.0,4,0,0.0,-1,1.0,1041,401,0.9,20.8,2.9,3.4,3.2,150.0,57.0,100.0,100.0,48.0,22.0,305.0,101.0,150.0,30.0,126.0,41.0,,,,,,,,0.05,0.01,0.06,1.48,0.0,0.12,1.81,1.03,8.75,27,4,90,0,0,0,1,0,0,0,0,0,0,1,0,7,1665,712,0.0,0.24,0.0,0.24,1.4600000000000009,0.0,0.0,0.0,0.0,2,12,2,14
349,Isaac,Schmidt,Schmidt,u,has joined Werder Bremen on loan for the rest of the season.,,4.0,692,177.0,0.1,552,198.0,0.0,486.0,192.0,0,0,0.0,0,0.0,0,2,0.0,0.0,0.0,0.0,0.0,598.0,221.0,0.0,0.0,587.0,220.0,580.0,220.0,547.0,214.0,590.0,220.0,,,,,,,,0.0,0.0,0.0,0.0,0.0,0.0,0.0,0.0,0.0,27,0,0,0,0,0,0,0,0,0,0,0,0,0,0,0,0,2,0.0,0.0,0.0,0.0,0.0,0.0,0.0,0.0,0.0,0,0,0,0
350,Brenden,Aaronson,Aaronson,a,,,5.4,172,106.0,0.7,216,74.0,2.8,107.0,51.0,3,0,0.0,-1,1.0,141,382,0.5,18.7,2.3,2.8,3.9,83.0,40.0,,,111.0,36.0,64.0,51.0,43.0,26.0,48.0,34.0,,,,,,,,0.18,0.15,0.33,1.36,0.0,0.37,1.3,1.04,8.19,27,3,72,0,0,1,0,0,0,0,0,0,0,1,0,8,292,718,0.0,0.0,0.009999999999999787,0.010000000000000675,0.9500000000000028,0.0,0.0,0.0,0.0,1,1,3,5
351,Wilfried,Gnonto,Gnonto,a,,,5.2,214,132.0,0.1,510,183.0,0.2,384.0,170.0,0,0,0.0,-3,3.0,5,10,0.0,4.0,-0.3,0.2,1.5,414.0,186.0,100.0,100.0,391.0,173.0,266.0,157.0,348.0,183.0,370.0,174.0,,,,,,,,0.07,0.14,0.21,2.18,0.0,0.26,2.86,1.04,9.62,27,0,0,0,0,0,0,0,0,0,0,0,0,0,0,0,5,12,0.0,0.0,0.0,0.0,0.0,0.0,0.0,0.0,0.0,0,0,0,0
352,Jack,Harrison,Harrison,u,has joined ACF Fiorentina on loan for the rest of the season.,,5.1,228,141.0,0.0,589,221.0,0.0,760.0,329.0,0,0,0.0,-4,4.0,0,5,0.0,2.4,0.0,0.0,1.1,445.0,201.0,0.0,0.0,427.0,188.0,336.0,182.0,340.0,178.0,399.0,184.0,4.0,,,,,,,0.1,0.08,0.18,1.31,0.0,0.0,1.72,0.34,8.24,27,0,0,0,0,0,0,0,0,0,0,0,0,0,0,0,0,6,0.0,0.0,0.0,0.0,0.0,0.0,0.0,0.0,0.0,0,0,0,0
353,Daniel,James,James,a,,,5.2,208,129.0,0.1,479,166.0,0.4,341.0,155.0,0,0,0.0,-3,3.0,13,6,0.1,2.9,-0.1,0.4,1.2,440.0,198.0,100.0,100.0,414.0,183.0,251.0,154.0,243.0,132.0,348.0,166.0,,,,,,,,0.17,0.14,0.31,2.55,0.0,0.24,3.18,0.98,4.89,27,0,0,0,0,0,0,0,0,0,0,0,0,0,0,0,17,6,0.0,0.0,0.0,0.0,0.0,0.0,0.0,0.0,0.0,0,0,0,0
354,Ethan,Ampadu,Ampadu,a,,,4.9,299,187.0,0.2,403,134.0,3.4,67.0,33.0,7,0,0.0,-1,1.0,60,30,0.7,17.3,2.9,3.4,3.5,119.0,52.0,100.0,100.0,99.0,32.0,125.0,86.0,258.0,139.0,142.0,78.0,,,,,,,,0.07,0.06,0.13,1.43,0.0,0.17,1.65,1.01,12.01,27,7,90,0,1,0,1,0,0,0,0,0,0,1,0,24,81,55,0.0,0.0,0.010000000000000009,0.010000000000000231,1.4600000000000009,0.0,0.0,0.0,0.0,5,7,9,21
355,Sam,Greenwood,Greenwood,u,has joined Pogon Szczecin permanently.,,4.9,320,199.0,0.0,633,249.0,0.0,721.0,300.0,0,0,0.0,-1,1.0,0,0,0.0,0.0,0.0,0.0,0.0,766.0,329.0,0.0,0.0,765.0,328.0,762.0,329.0,756.0,327.0,766.0,329.0,,,,,,,,0.0,0.0,0.0,0.0,0.0,0.0,0.0,0.0,0.0,27,0,0,0,0,0,0,0,0,0,0,0,0,0,0,0,0,0,0.0,0.0,0.0,0.0,0.0,0.0,0.0,0.0,0.0,0,0,0,0
356,Ilia,Gruev,Gruev,a,,,4.7,391,244.0,0.1,437,148.0,3.4,65.0,31.0,1,0,0.0,-3,3.0,57,65,0.7,10.2,2.9,3.4,2.7,238.0,97.0,,,268.0,115.0,186.0,124.0,305.0,161.0,280.0,138.0,,,,,,,,0.04,0.06,0.1,1.8,0.0,0.32,1.78,1.05,8.19,27,1,90,0,0,0,1,0,0,0,1,0,0,1,0,0,109,88,0.0,0.08000000000000002,0.010000000000000009,0.09000000000000008,1.4600000000000009,0.0,0.0,0.0,0.0,3,4,1,8
357,Largie,Ramazani,Ramazani,u,has joined Valencia on loan for the rest of the season.,,4.9,323,201.0,0.0,705,295.0,0.0,724.0,302.0,0,0,0.0,-1,1.0,0,1,0.0,0.0,0.0,0.0,0.0,768.0,331.0,0.0,0.0,767.0,330.0,764.0,331.0,758.0,329.0,768.0,331.0,,,,,,,,0.0,0.0,0.0,0.0,0.0,0.0,0.0,0.0,0.0,27,0,0,0,0,0,0,0,0,0,0,0,0,0,0,0,0,1,0.0,0.0,0.0,0.0,0.0,0.0,0.0,0.0,0.0,0,0,0,0
358,Tanaka,Ao,Tanaka,a,,,4.8,364,227.0,0.2,374,125.0,0.2,375.0,165.0,0,0,0.0,-2,2.0,12,58,0.0,9.0,-0.3,0.2,2.1,316.0,138.0,100.0,100.0,301.0,134.0,206.0,137.0,260.0,140.0,296.0,147.0,,,,,,,,0.1,0.07,0.17,1.62,0.0,0.24,1.95,0.85,10.14,27,0,0,0,0,0,0,0,0,0,0,0,0,0,0,0,20,81,0.0,0.0,0.0,0.0,0.0,0.0,0.0,0.0,0.0,0,0,0,0
359,Charlie,Crew,Crew,u,Has joined Doncaster Rovers on loan for the rest of the season.,,4.5,461,278.0,0.0,788,346.0,0.0,643.0,242.0,0,0,0.0,0,0.0,0,0,0.0,0.0,0.0,0.0,0.0,715.0,291.0,0.0,0.0,709.0,286.0,706.0,289.0,689.0,282.0,711.0,288.0,,,,,,,,0.0,0.0,0.0,0.0,0.0,0.0,0.0,0.0,0.0,27,0,0,0,0,0,0,0,0,0,0,0,0,0,0,0,0,0,0.0,0.0,0.0,0.0,0.0,0.0,0.0,0.0,0.0,0,0,0,0
360,Joe,Gelhardt,Gelhardt,u,Has joined Hull City on loan for the rest of the season.,,4.5,439,263.0,0.0,751,319.0,0.0,630.0,230.0,0,0,0.0,0,0.0,0,0,0.0,0.0,0.0,0.0,0.0,704.0,280.0,0.0,0.0,697.0,274.0,695.0,278.0,677.0,271.0,700.0,277.0,,,,,,,,0.0,0.0,0.0,0.0,0.0,0.0,0.0,0.0,0.0,27,0,0,0,0,0,0,0,0,0,0,0,0,0,0,0,0,0,0.0,0.0,0.0,0.0,0.0,0.0,0.0,0.0,0.0,0,0,0,0
361,Darko,Gyabi,Gyabi,u,has joined Hull City permanently.,,4.5,440,264.0,0.0,664,269.0,0.0,631.0,231.0,0,0,0.0,0,0.0,0,0,0.0,0.0,0.0,0.0,0.0,705.0,281.0,0.0,0.0,698.0,275.0,696.0,279.0,678.0,272.0,701.0,278.0,,,,,,,,0.0,0.0,0.0,0.0,0.0,0.0,0.0,0.0,0.0,27,0,0,0,0,0,0,0,0,0,0,0,0,0,0,0,0,0,0.0,0.0,0.0,0.0,0.0,0.0,0.0,0.0,0.0,0,0,0,0
362,Joël,Piroe,Piroe,a,,,4.9,319,58.0,0.3,294,46.0,0.2,378.0,50.0,0,0,0.0,-6,6.0,19,25,0.0,2.4,-0.3,0.2,1.1,443.0,55.0,100.0,100.0,460.0,55.0,385.0,50.0,247.0,45.0,398.0,48.0,,,2.0,,,,,0.28,0.03,0.31,2.32,0.0,0.44,3.06,0.87,4.37,27,0,0,0,0,0,0,0,0,0,0,0,0,0,0,0,26,37,0.0,0.0,0.0,0.0,0.0,0.0,0.0,0.0,0.0,0,0,0,0
363,Patrick,Bamford,Bamford,u,has departed the club as a free agent.,,4.9,288,57.0,0.3,302,48.0,0.0,710.0,75.0,0,0,0.0,-1,1.0,0,10,0.0,0.0,0.0,0.0,0.0,760.0,84.0,0.0,0.0,759.0,84.0,756.0,83.0,749.0,83.0,760.0,84.0,,,,,,,,0.0,0.0,0.0,0.0,0.0,0.0,0.0,0.0,0.0,27,0,0,0,0,0,0,0,0,0,0,0,0,0,0,0,0,12,0.0,0.0,0.0,0.0,0.0,0.0,0.0,0.0,0.0,0,0,0,0
364,Mateo,Joseph Fernández-Regatillo,Mateo Joseph,u,Has joined RCD Mallorca on loan for the rest of the season.,,5.0,277,56.0,0.0,738,90.0,0.0,752.0,80.0,0,0,0.0,0,0.0,0,0,0.0,0.0,0.0,0.0,0.0,787.0,87.0,0.0,0.0,786.0,87.0,785.0,87.0,781.0,87.0,787.0,87.0,,,,,,,,0.0,0.0,0.0,0.0,0.0,0.0,0.0,0.0,0.0,27,0,0,0,0,0,0,0,0,0,0,0,0,0,0,0,0,0,0.0,0.0,0.0,0.0,0.0,0.0,0.0,0.0,0.0,0,0,0,0
365,Lukas,Nmecha,Nmecha,a,,,5.0,246,53.0,0.6,241,36.0,2.4,142.0,20.0,1,0,0.0,0,0.0,188,204,0.5,12.2,1.9,2.4,2.9,205.0,21.0,100.0,100.0,209.0,17.0,318.0,33.0,65.0,24.0,184.0,22.0,,,1.0,,,,,0.8,0.1,0.9,1.89,0.0,0.26,2.19,0.9,4.63,27,1,17,0,0,0,1,0,0,0,0,0,0,0,0,213,449,250,0.0,0.5100000000000007,0.0,0.5099999999999998,0.5099999999999998,0.0,0.0,0.0,0.0,0,0,1,1
493,Sean,Longstaff,Longstaff,a,,,4.8,354,222.0,0.2,351,118.0,0.8,283.0,123.0,1,0,0.0,-2,2.0,3,12,0.2,9.2,0.3,0.8,2.6,253.0,103.0,100.0,100.0,214.0,94.0,61.0,48.0,279.0,151.0,167.0,91.0,1.0,2.0,,,,,,0.08,0.14,0.22,1.33,0.0,0.1,1.81,0.95,9.54,27,1,7,0,0,0,1,0,0,0,0,0,0,0,0,6,10,28,0.0,0.0,0.18999999999999995,0.18999999999999995,0.379999999999999,0.0,0.0,0.0,0.0,0,0,0,0
660,Anton,Stach,Stach,a,,,4.7,390,243.0,1.8,140,45.0,3.6,53.0,25.0,8,0,0.0,-3,3.0,2208,189,0.8,22.3,3.1,3.6,4.8,19.0,11.0,100.0,100.0,66.0,20.0,9.0,9.0,94.0,57.0,24.0,20.0,3.0,1.0,,,,,,0.11,0.18,0.29,1.33,0.0,0.2,1.62,1.06,10.19,27,8,82,1,0,1,0,0,0,0,0,0,0,1,0,31,2689,662,0.0,0.07000000000000028,0.33999999999999986,0.41000000000000014,1.0799999999999983,0.0,0.0,0.0,0.0,0,5,6,11
665,Lucas Estella,Perri,Perri,a,,,4.5,416,22.0,0.3,343,48.0,0.0,613.0,89.0,0,0,0.0,0,0.0,13,58,0.0,9.6,-0.5,0.0,2.7,236.0,23.0,100.0,100.0,149.0,20.0,679.0,85.0,659.0,74.0,311.0,20.0,,,,,,,,0.0,0.0,0.0,1.67,2.38,0.19,1.81,1.0,0.0,27,0,0,0,0,0,0,0,0,0,0,0,0,0,0,0,32,81,0.0,0.0,0.0,0.0,0.0,0.0,0.0,0.0,0.0,0,0,0,0
691,Dominic,Calvert-Lewin,Calvert-Lewin,a,,,5.8,105,30.0,10.2,34,6.0,2.6,124.0,15.0,2,0,0.0,3,-3.0,1742,5742,0.4,17.9,2.1,2.6,4.3,48.0,6.0,100.0,100.0,92.0,7.0,142.0,8.0,9.0,6.0,32.0,7.0,,,,,,,,0.48,0.05,0.53,1.12,0.0,0.21,1.33,0.98,3.08,27,2,90,0,0,0,1,0,0,0,0,0,0,1,0,9,2588,10453,0.0,0.3800000000000008,0.039999999999999925,0.41999999999999993,1.4600000000000009,0.0,0.0,0.0,0.0,1,3,3,7
698,Noah,Okafor,Okafor,i,Hamstring injury - Expected back 14 Mar,,5.5,145,90.0,0.1,467,161.0,3.0,95.0,45.0,0,0,0.0,0,0.0,2,203,0.5,12.2,0.0,0.0,2.9,209.0,86.0,0.0,0.0,205.0,87.0,143.0,99.0,60.0,36.0,120.0,67.0,,,,,,,,0.3,0.07,0.37,1.59,0.0,0.28,1.71,1.07,6.18,27,0,0,0,0,0,0,0,0,0,0,0,0,0,0,0,6,249,0.0,0.0,0.0,0.0,0.0,0.0,0.0,0.0,0.0,0,0,0,0
706,James,Justin,Justin,a,,,3.9,752,216.0,1.0,190,70.0,3.6,51.0,19.0,2,0,0.0,-1,1.0,376,319,0.9,11.5,3.1,3.6,2.5,264.0,101.0,,,244.0,97.0,232.0,63.0,216.0,55.0,257.0,88.0,,,,,,,,0.09,0.08,0.17,1.77,0.0,0.19,1.56,0.97,8.18,27,2,90,0,0,0,1,0,0,0,0,0,0,1,0,11,635,440,0.0,0.0,0.0,0.0,1.4600000000000009,0.0,0.0,0.0,0.0,3,5,2,8
741,Harry,Gray,Gray,u,has joined Rotherham United on loan for the rest of the season.,,4.5,493,71.0,0.1,497,70.0,0.0,671.0,70.0,0,0,0.0,0,0.0,0,13,0.0,0.0,0.0,0.0,0.0,737.0,80.0,0.0,0.0,735.0,80.0,730.0,79.0,716.0,79.0,736.0,80.0,,,,,,,,0.0,0.0,0.0,0.0,0.0,0.0,0.0,0.0,0.0,27,0,0,0,0,0,0,0,0,0,0,0,0,0,0,0,0,19,0.0,0.0,0.0,0.0,0.0,0.0,0.0,0.0,0.0,0,0,0,0
787,Sam,Chambers,Chambers,a,,,4.4,558,334.0,0.0,740,312.0,0.0,597.0,210.0,0,0,0.0,-1,1.0,17,4,0.0,0.0,-0.5,0.0,0.0,679.0,264.0,,,670.0,256.0,666.0,261.0,645.0,252.0,673.0,259.0,,,,,,,,0.0,0.0,0.0,0.0,0.0,0.0,0.0,0.0,0.0,27,0,0,0,0,0,0,0,0,0,0,0,0,0,0,0,25,6,0.0,0.0,0.0,0.0,0.0,0.0,0.0,0.0,0.0,0,0,0,0
366,Alisson,Becker,A.Becker,a,,,5.4,158,4.0,5.9,61,9.0,2.2,164.0,11.0,0,0,0.0,-1,1.0,2048,255,0.4,13.9,2.7,2.7,3.6,111.0,14.0,100.0,100.0,116.0,18.0,487.0,16.0,791.0,92.0,286.0,18.0,,,,,,,,0.0,0.0,0.0,1.11,2.1,0.33,1.19,1.0,0.0,27,0,0,0,0,0,0,0,0,0,0,0,0,0,0,0,2570,399,0.0,0.0,0.0,0.0,0.0,0.0,0.0,0.0,0.0,0,0,0,0
367,Giorgi,Mamardashvili,Mamardashvili,a,,,4.1,654,38.0,0.5,254,33.0,0.0,526.0,79.0,0,0,0.0,-4,4.0,34,43,0.0,4.6,0.5,0.5,3.8,86.0,9.0,,,300.0,23.0,616.0,75.0,586.0,61.0,386.0,23.0,,,,,,,,0.0,0.0,0.0,1.42,3.4,0.2,2.0,1.0,0.0,27,0,0,0,0,0,0,0,0,0,0,0,0,0,0,0,43,65,0.0,0.0,0.0,0.0,0.0,0.0,0.0,0.0,0.0,0,0,0,0
369,Freddie,Woodman,Woodman,a,,,3.9,746,75.0,0.2,389,56.0,0.0,429.0,34.0,0,0,0.0,-1,1.0,9,10,0.0,0.0,0.5,0.5,0.0,543.0,43.0,,,532.0,43.0,522.0,28.0,487.0,14.0,535.0,43.0,,,,,,,,0.0,0.0,0.0,0.0,0.0,0.0,0.0,0.0,0.0,27,0,0,0,0,0,0,0,0,0,0,0,0,0,0,0,11,15,0.0,0.0,0.0,0.0,0.0,0.0,0.0,0.0,0.0,0,0,0,0
370,Jeremie,Frimpong,Frimpong,i,Groin Injury - Expected back 28 Feb,,5.7,117,11.0,4.6,74,23.0,0.0,790.0,264.0,0,0,0.0,-3,3.0,25,468,0.0,6.0,0.0,0.0,3.1,177.0,69.0,0.0,0.0,357.0,134.0,195.0,48.0,228.0,60.0,305.0,101.0,,,,,,,,0.07,0.17,0.24,1.0,0.0,0.33,1.17,1.0,2.68,27,0,0,0,0,0,0,0,0,0,0,0,0,0,0,0,27,815,0.0,0.0,0.0,0.0,0.0,0.0,0.0,0.0,0.0,0,0,0,0
371,Milos,Kerkez,Kerkez,a,,,5.6,133,15.0,2.9,109,44.0,1.2,250.0,91.0,0,0,0.0,-4,4.0,639,161,0.2,10.5,1.7,1.7,2.5,274.0,106.0,,,120.0,54.0,52.0,7.0,219.0,56.0,107.0,32.0,,,,,,,,0.05,0.03,0.08,1.17,0.0,0.21,1.42,1.1,5.98,27,0,0,0,0,0,0,0,0,0,0,0,0,0,0,0,858,243,0.0,0.0,0.0,0.0,0.0,0.0,0.0,0.0,0.0,0,0,0,0
372,Andrew,Robertson,Robertson,a,,,5.7,114,10.0,1.0,194,74.0,1.8,198.0,72.0,0,0,0.0,-3,3.0,90,43,0.3,5.8,2.3,2.3,2.2,309.0,114.0,,,309.0,117.0,127.0,33.0,292.0,87.0,270.0,91.0,,,,,,,,0.03,0.13,0.16,1.16,0.0,0.43,1.15,0.72,4.59,27,0,0,0,0,0,0,0,0,0,0,0,0,0,0,0,122,59,0.0,0.0,0.0,0.0,0.0,0.0,0.0,0.0,0.0,0,0,0,0
373,Virgil,van Dijk,Virgil,a,,,5.9,89,5.0,23.6,15,5.0,6.0,9.0,3.0,0,0,0.0,-1,1.0,20674,606,1.0,18.8,6.5,6.5,4.3,49.0,20.0,,,5.0,2.0,189.0,47.0,84.0,6.0,41.0,3.0,,,,,,,,0.07,0.03,0.1,1.17,0.0,0.31,1.35,1.0,9.65,27,0,0,0,0,0,0,0,0,0,0,0,0,0,0,0,30323,935,0.0,0.0,0.0,0.0,0.0,0.0,0.0,0.0,0.0,0,0,0,0
374,Ibrahima,Konaté,Konaté,a,,,5.4,165,18.0,3.3,102,38.0,3.6,56.0,22.0,0,0,0.0,-1,1.0,2841,314,0.7,18.3,4.1,4.1,4.0,71.0,29.0,100.0,100.0,30.0,12.0,215.0,55.0,237.0,62.0,117.0,37.0,,,,,,,,0.04,0.04,0.08,1.07,0.0,0.34,1.22,1.05,9.1,27,0,0,0,0,0,0,0,0,0,0,0,0,0,0,0,3995,447,0.0,0.0,0.0,0.0,0.0,0.0,0.0,0.0,0.0,0,0,0,0
375,Conor,Bradley,Bradley,i,Knee injury - Expected back 01 Jun,,4.9,338,55.0,0.2,412,151.0,0.0,732.0,255.0,0,0,0.0,-1,1.0,4,18,0.0,8.6,0.0,0.0,2.8,222.0,89.0,0.0,0.0,287.0,112.0,238.0,66.0,287.0,85.0,310.0,104.0,,,,,,,,0.02,0.08,0.1,1.04,0.0,0.39,1.26,1.16,6.3,27,0,0,0,0,0,0,0,0,0,0,0,0,0,0,0,4,28,0.0,0.0,0.0,0.0,0.0,0.0,0.0,0.0,0.0,0,0,0,0
376,Joe,Gomez,Gomez,a,,,4.9,296,45.0,0.1,421,155.0,0.2,377.0,139.0,0,0,0.0,-1,1.0,20,13,0.0,5.3,0.7,0.7,2.2,307.0,113.0,100.0,100.0,364.0,138.0,319.0,107.0,368.0,127.0,377.0,133.0,,,,,,,,0.05,0.16,0.21,1.19,0.0,0.6,2.1,1.2,6.9,27,0,0,0,0,0,0,0,0,0,0,0,0,0,0,0,25,14,0.0,0.0,0.0,0.0,0.0,0.0,0.0,0.0,0.0,0,0,0,0
377,Konstantinos,Tsimikas,Tsimikas,u,has joined AS Roma on loan for the rest of the season.,,4.8,357,58.0,0.0,591,211.0,0.0,702.0,251.0,0,0,0.0,-2,2.0,0,0,0.0,0.0,0.0,0.0,0.0,757.0,260.0,0.0,0.0,756.0,260.0,752.0,260.0,743.0,260.0,757.0,260.0,,,,,,,,0.0,0.0,0.0,0.0,0.0,0.0,0.0,0.0,0.0,27,0,0,0,0,0,0,0,0,0,0,0,0,0,0,0,0,1,0.0,0.0,0.0,0.0,0.0,0.0,0.0,0.0,0.0,0,0,0,0
378,Amara,Nallo,Nallo,a,,,3.7,817,265.0,1.2,178,68.0,0.0,395.0,146.0,0,0,0.0,-3,3.0,143,372,0.0,0.0,0.5,0.5,0.0,516.0,183.0,100.0,100.0,504.0,181.0,490.0,178.0,454.0,169.0,507.0,181.0,,,,,,,,0.0,0.0,0.0,0.0,0.0,0.0,0.0,0.0,0.0,27,0,0,0,0,0,0,0,0,0,0,0,0,0,0,0,256,496,0.0,0.0,0.0,0.0,0.0,0.0,0.0,0.0,0.0,0,0,0,0
379,Rhys,Williams,R.Williams,a,,,3.7,813,261.0,0.6,234,89.0,0.0,392.0,143.0,0,0,0.0,-3,3.0,199,250,0.0,0.0,0.5,0.5,0.0,514.0,181.0,,,502.0,179.0,488.0,176.0,452.0,167.0,505.0,179.0,,,,,,,,0.0,0.0,0.0,0.0,0.0,0.0,0.0,0.0,0.0,27,0,0,0,0,0,0,0,0,0,0,0,0,0,0,0,354,337,0.0,0.0,0.0,0.0,0.0,0.0,0.0,0.0,0.0,0,0,0,0
380,Calvin,Ramsay,Ramsay,a,,,3.8,796,245.0,0.2,349,125.0,0.0,406.0,156.0,0,0,0.0,-2,2.0,10,11,0.0,0.0,0.5,0.5,0.0,523.0,189.0,,,512.0,188.0,499.0,186.0,463.0,177.0,515.0,188.0,,,,,,,,0.0,0.0,0.0,0.0,0.0,0.0,0.0,0.0,0.0,27,0,0,0,0,0,0,0,0,0,0,0,0,0,0,0,13,21,0.0,0.0,0.0,0.0,0.0,0.0,0.0,0.0,0.0,0,0,0,0
381,Mohamed,Salah,M.Salah,a,,,14.0,2,1.0,14.2,25,9.0,3.6,61.0,29.0,0,0,0.0,-5,5.0,960,364,0.3,5.9,4.1,4.1,4.6,31.0,17.0,100.0,100.0,128.0,42.0,14.0,14.0,17.0,7.0,16.0,12.0,,4.0,1.0,,,,,0.36,0.22,0.58,1.34,0.0,0.29,1.58,0.94,3.75,27,0,0,0,0,0,0,0,0,0,0,0,0,0,0,0,1260,526,0.0,0.0,0.0,0.0,0.0,0.0,0.0,0.0,0.0,0,0,0,0
382,Florian,Wirtz,Wirtz,a,,,8.4,12,7.0,13.9,27,10.0,3.8,47.0,24.0,0,0,0.0,-1,1.0,8254,1483,0.5,11.9,4.3,4.3,4.0,80.0,38.0,100.0,100.0,90.0,29.0,6.0,6.0,21.0,9.0,11.0,9.0,4.0,,,,,,,0.27,0.2,0.47,1.16,0.0,0.39,1.12,1.02,6.47,27,0,0,0,0,0,0,0,0,0,0,0,0,0,0,0,11215,3152,0.0,0.0,0.0,0.0,0.0,0.0,0.0,0.0,0.0,0,0,0,0
383,Luis,Díaz Marulanda,Luis Díaz,u,Has joined Bayern Munch permanently.,,8.0,16,11.0,0.0,604,231.0,0.0,815.0,366.0,0,0,0.0,0,0.0,0,0,0.0,0.0,0.0,0.0,0.0,816.0,366.0,0.0,0.0,816.0,366.0,816.0,366.0,816.0,366.0,816.0,366.0,,,,,,,,0.0,0.0,0.0,0.0,0.0,0.0,0.0,0.0,0.0,27,0,0,0,0,0,0,0,0,0,0,0,0,0,0,0,0,0,0.0,0.0,0.0,0.0,0.0,0.0,0.0,0.0,0.0,0,0,0,0
384,Cody,Gakpo,Gakpo,a,,,7.3,27,17.0,5.3,69,24.0,2.2,167.0,77.0,0,0,0.0,-2,2.0,891,349,0.3,12.2,2.7,2.7,3.7,99.0,46.0,100.0,100.0,117.0,39.0,19.0,19.0,19.0,8.0,20.0,16.0,3.0,,3.0,,,,,0.27,0.21,0.48,0.98,0.0,0.31,1.29,1.03,5.17,27,0,0,0,0,0,0,0,0,0,0,0,0,0,0,0,1210,660,0.0,0.0,0.0,0.0,0.0,0.0,0.0,0.0,0.0,0,0,0,0
385,Federico,Chiesa,Chiesa,a,,,6.3,69,46.0,0.3,325,110.0,0.6,317.0,144.0,0,0,0.0,-2,2.0,14,18,0.1,4.9,1.1,1.1,1.6,398.0,178.0,100.0,100.0,322.0,146.0,359.0,188.0,203.0,111.0,329.0,157.0,,,,,,,,0.44,0.19,0.63,1.79,0.0,0.0,2.26,0.38,9.79,27,0,0,0,0,0,0,0,0,0,0,0,0,0,0,0,17,24,0.0,0.0,0.0,0.0,0.0,0.0,0.0,0.0,0.0,0,0,0,0
386,Alexis,Mac Allister,Mac Allister,a,,,6.2,72,48.0,1.2,173,58.0,1.4,239.0,101.0,0,0,0.0,-3,3.0,207,103,0.2,8.4,1.9,1.9,2.1,321.0,141.0,100.0,100.0,203.0,85.0,58.0,47.0,121.0,71.0,115.0,64.0,,,4.0,,,,,0.11,0.06,0.17,1.11,0.0,0.31,1.25,1.1,7.35,27,0,0,0,0,0,0,0,0,0,0,0,0,0,0,0,261,136,0.0,0.0,0.0,0.0,0.0,0.0,0.0,0.0,0.0,0,0,0,0
387,Dominik,Szoboszlai,Szoboszlai,a,,,6.7,49,31.0,6.9,56,20.0,5.2,16.0,9.0,0,0,0.0,2,-2.0,16972,383,0.8,14.5,5.7,5.7,4.0,77.0,35.0,100.0,100.0,39.0,9.0,3.0,3.0,77.0,47.0,12.0,10.0,2.0,2.0,,,,,,0.15,0.16,0.31,1.19,0.0,0.29,1.42,1.0,9.28,27,0,0,0,0,0,0,0,0,0,0,0,0,0,0,0,22196,780,0.0,0.0,0.0,0.0,0.0,0.0,0.0,0.0,0.0,0,0,0,0
388,Curtis,Jones,C.Jones,a,,,5.4,167,102.0,0.1,458,156.0,0.8,290.0,127.0,0,0,0.0,-1,1.0,23,15,0.1,8.0,1.3,1.3,1.9,349.0,153.0,100.0,100.0,235.0,102.0,82.0,61.0,217.0,119.0,172.0,94.0,,,,,,,,0.09,0.18,0.27,1.45,0.0,0.16,1.71,0.81,9.92,27,0,0,0,0,0,0,0,0,0,0,0,0,0,0,0,29,28,0.0,0.0,0.0,0.0,0.0,0.0,0.0,0.0,0.0,0,0,0,0
390,Ryan,Gravenberch,Gravenberch,a,,,5.5,147,91.0,4.8,72,26.0,3.0,96.0,46.0,0,0,0.0,0,0.0,2655,728,0.5,20.2,3.5,3.5,4.6,27.0,14.0,100.0,100.0,49.0,12.0,50.0,44.0,184.0,102.0,57.0,38.0,,,,,,,,0.06,0.07,0.13,1.07,0.0,0.34,1.23,1.02,9.77,27,0,0,0,0,0,0,0,0,0,0,0,0,0,0,0,3558,1359,0.0,0.0,0.0,0.0,0.0,0.0,0.0,0.0,0.0,0,0,0,0
392,Endo,Wataru,Endo,i,Foot injury - Unknown return date,,4.9,293,183.0,0.1,506,181.0,1.0,263.0,114.0,0,0,0.0,-1,1.0,3,13,0.2,2.4,0.0,0.0,1.5,412.0,184.0,0.0,0.0,396.0,175.0,392.0,197.0,421.0,206.0,419.0,191.0,,,,,,,,0.02,0.03,0.05,2.18,0.0,0.53,2.65,0.53,12.18,27,0,0,0,0,0,0,0,0,0,0,0,0,0,0,0,3,15,0.0,0.0,0.0,0.0,0.0,0.0,0.0,0.0,0.0,0,0,0,0
393,Stefan,Bajčetić Maquieira,Bajcetic,i,Hamstring injury - Unknown return date,,4.3,604,352.0,0.0,631,248.0,0.0,559.0,186.0,0,0,0.0,-2,2.0,6,4,0.0,0.0,0.0,0.0,0.0,650.0,245.0,0.0,0.0,639.0,235.0,636.0,241.0,611.0,229.0,642.0,238.0,,,,,,,,0.0,0.0,0.0,0.0,0.0,0.0,0.0,0.0,0.0,27,0,0,0,0,0,0,0,0,0,0,0,0,0,0,0,6,6,0.0,0.0,0.0,0.0,0.0,0.0,0.0,0.0,0.0,0,0,0,0
394,James,McConnell,McConnell,u,has joined Ajax on loan for the rest of the season.,,4.4,546,326.0,0.0,676,275.0,0.0,587.0,203.0,0,0,0.0,-1,1.0,0,0,0.0,0.0,0.0,0.0,0.0,670.0,258.0,0.0,0.0,660.0,249.0,657.0,255.0,634.0,244.0,663.0,252.0,,,,,,,,0.0,0.0,0.0,0.0,0.0,0.0,0.0,0.0,0.0,27,0,0,0,0,0,0,0,0,0,0,0,0,0,0,0,0,0,0.0,0.0,0.0,0.0,0.0,0.0,0.0,0.0,0.0,0,0,0,0
395,Tyler,Morton,Morton,u,Has joined Lyon permanently.,,4.5,430,257.0,0.0,801,355.0,0.0,623.0,224.0,0,0,0.0,0,0.0,0,0,0.0,0.0,0.0,0.0,0.0,697.0,274.0,0.0,0.0,690.0,268.0,687.0,272.0,669.0,265.0,693.0,271.0,,,,,,,,0.0,0.0,0.0,0.0,0.0,0.0,0.0,0.0,0.0,27,0,0,0,0,0,0,0,0,0,0,0,0,0,0,0,0,0,0.0,0.0,0.0,0.0,0.0,0.0,0.0,0.0,0.0,0,0,0,0
396,Trey,Nyoni,Nyoni,a,,,4.3,613,359.0,0.3,305,105.0,0.0,567.0,193.0,0,0,0.0,-2,2.0,9,36,0.0,0.5,0.5,0.5,1.0,464.0,204.0,,,481.0,222.0,415.0,206.0,617.0,235.0,476.0,220.0,,,,,,,,0.0,0.0,0.0,0.0,0.0,0.0,0.0,0.0,0.0,27,0,0,0,0,0,0,0,0,0,0,0,0,0,0,0,19,46,0.0,0.0,0.0,0.0,0.0,0.0,0.0,0.0,0.0,0,0,0,0
397,Darwin,Núñez Ribeiro,Darwin,u,Has joined Al-Hilal permanently.,,6.5,51,18.0,0.1,553,78.0,0.0,808.0,88.0,0,0,0.0,0,0.0,0,0,0.0,0.0,0.0,0.0,0.0,812.0,90.0,0.0,0.0,812.0,90.0,812.0,90.0,812.0,90.0,812.0,90.0,,,,,,,,0.0,0.0,0.0,0.0,0.0,0.0,0.0,0.0,0.0,27,0,0,0,0,0,0,0,0,0,0,0,0,0,0,0,0,0,0.0,0.0,0.0,0.0,0.0,0.0,0.0,0.0,0.0,0,0,0,0
398,Jayden,Danns,Danns,i,Hamstring injury - Unknown return date,,4.3,600,84.0,0.1,472,68.0,0.0,556.0,55.0,0,0,0.0,-2,2.0,10,9,0.0,0.0,0.0,0.0,0.0,648.0,66.0,0.0,0.0,637.0,66.0,633.0,65.0,608.0,65.0,640.0,66.0,,,,,,,,0.0,0.0,0.0,0.0,0.0,0.0,0.0,0.0,0.0,27,0,0,0,0,0,0,0,0,0,0,0,0,0,0,0,10,11,0.0,0.0,0.0,0.0,0.0,0.0,0.0,0.0,0.0,0,0,0,0
499,Alexander,Isak,Isak,i,Ankle injury - Expected back 11 Apr,,10.3,4,2.0,3.5,92,16.0,0.0,817.0,91.0,0,0,0.0,-2,2.0,6,137,0.0,2.8,0.0,0.0,2.9,213.0,23.0,0.0,0.0,344.0,34.0,356.0,44.0,177.0,39.0,333.0,39.0,,,,,,,,0.37,0.01,0.38,0.92,0.0,0.18,1.26,1.08,4.13,27,0,0,0,0,0,0,0,0,0,0,0,0,0,0,0,7,156,0.0,0.0,0.0,0.0,0.0,0.0,0.0,0.0,0.0,0,0,0,0
661,Hugo,Ekitiké,Ekitiké,a,,,8.9,7,3.0,26.3,13,4.0,3.6,60.0,6.0,0,0,0.0,4,-4.0,10761,2252,0.4,11.7,4.1,4.1,4.5,35.0,5.0,100.0,100.0,71.0,5.0,114.0,5.0,10.0,7.0,26.0,5.0,,,,,,,,0.51,0.11,0.62,1.32,0.0,0.36,1.19,1.01,4.0,27,0,0,0,0,0,0,0,0,0,0,0,0,0,0,0,15556,5391,0.0,0.0,0.0,0.0,0.0,0.0,0.0,0.0,0.0,0,0,0,0
686,Rio,Ngumoha,Ngumoha,a,,,4.3,619,363.0,0.8,209,72.0,0.2,368.0,161.0,0,0,0.0,-2,2.0,194,195,0.0,3.0,0.7,0.7,1.6,386.0,170.0,,,400.0,177.0,317.0,179.0,327.0,171.0,379.0,178.0,,,,,,,,0.44,0.41,0.85,3.29,0.0,0.0,3.55,0.0,3.55,27,0,0,0,0,0,0,0,0,0,0,0,0,0,0,0,323,295,0.0,0.0,0.0,0.0,0.0,0.0,0.0,0.0,0.0,0,0,0,0
692,Giovanni,Leoni,Leoni,i,Knee injury - Expected back 01 Sep,,4.9,350,57.0,0.0,709,246.0,0.0,739.0,256.0,0,0,0.0,-1,1.0,2,3,0.0,0.0,0.0,0.0,0.0,778.0,261.0,0.0,0.0,777.0,261.0,774.0,261.0,769.0,261.0,778.0,261.0,,,,,,,,0.0,0.0,0.0,0.0,0.0,0.0,0.0,0.0,0.0,27,0,0,0,0,0,0,0,0,0,0,0,0,0,0,0,2,3,0.0,0.0,0.0,0.0,0.0,0.0,0.0,0.0,0.0,0,0,0,0
746,Kieran,Morrison,Morrison,a,,,4.5,491,301.0,0.0,745,316.0,0.0,670.0,264.0,0,0,0.0,0,0.0,0,0,0.0,0.0,0.5,0.5,0.0,736.0,307.0,,,734.0,305.0,729.0,306.0,715.0,302.0,735.0,306.0,,,,,,,,0.0,0.0,0.0,0.0,0.0,0.0,0.0,0.0,0.0,27,0,0,0,0,0,0,0,0,0,0,0,0,0,0,0,1,0,0.0,0.0,0.0,0.0,0.0,0.0,0.0,0.0,0.0,0,0,0,0
760,Wellity,Lucky,Lucky,a,,,4.0,706,185.0,0.0,698,241.0,0.0,498.0,198.0,0,0,0.0,0,0.0,1,6,0.0,0.0,0.5,0.5,0.0,609.0,226.0,,,598.0,225.0,591.0,225.0,558.0,219.0,601.0,225.0,,,,,,,,0.0,0.0,0.0,0.0,0.0,0.0,0.0,0.0,0.0,27,0,0,0,0,0,0,0,0,0,0,0,0,0,0,0,2,7,0.0,0.0,0.0,0.0,0.0,0.0,0.0,0.0,0.0,0,0,0,0
82,Antoine,Semenyo,Semenyo,a,,,8.0,17,12.0,51.7,2,1.0,7.0,5.0,2.0,4,0,0.0,10,-10.0,14863,1282,0.9,19.6,7.5,7.5,6.0,5.0,3.0,100.0,100.0,7.0,2.0,35.0,33.0,3.0,1.0,4.0,3.0,,,,,,,,0.34,0.09,0.43,1.45,0.0,0.27,1.7,1.0,7.44,27,4,86,0,0,0,1,0,0,0,0,0,0,1,0,14,25753,2108,0.0,0.3200000000000003,0.06999999999999984,0.39000000000000057,0.39000000000000057,0.0,0.0,0.0,0.0,5,2,6,13
182,James,Trafford,Trafford,a,,,4.5,428,23.0,0.9,200,24.0,0.0,621.0,90.0,0,0,0.0,-5,5.0,4,46,0.0,2.4,0.5,0.5,3.7,94.0,10.0,,,340.0,26.0,685.0,86.0,667.0,75.0,404.0,27.0,,,,,,,,0.0,0.0,0.0,1.32,3.67,0.33,1.33,1.0,0.0,27,0,0,0,0,0,0,0,0,0,0,0,0,0,0,0,7,58,0.0,0.0,0.0,0.0,0.0,0.0,0.0,0.0,0.0,0,0,0,0
260,Marc,Guéhi,Guéhi,a,,,5.2,209,28.0,37.4,5,2.0,4.2,34.0,12.0,2,0,0.0,7,-7.0,7647,12100,0.8,24.2,4.7,4.7,5.0,13.0,3.0,100.0,100.0,20.0,9.0,168.0,40.0,76.0,4.0,49.0,5.0,,,,,,,,0.11,0.08,0.19,1.3,0.0,0.36,1.08,1.0,8.28,27,2,90,0,0,0,1,0,0,0,0,0,0,1,0,18,11500,13268,0.0,0.0,0.17999999999999994,0.17999999999999972,0.5800000000000018,0.0,0.0,0.0,0.0,1,6,2,7
399,Ederson,Santana de Moraes,Ederson M.,u,has joined Fenerbache permanently.,,5.3,186,5.0,0.8,205,26.0,0.0,767.0,94.0,0,0,0.0,-2,2.0,0,15,0.0,0.0,0.0,0.0,0.0,793.0,94.0,0.0,0.0,793.0,94.0,792.0,93.0,789.0,91.0,793.0,94.0,,,,,,,,0.0,0.0,0.0,0.0,0.0,0.0,0.0,0.0,0.0,27,0,0,0,0,0,0,0,0,0,0,0,0,0,0,0,0,20,0.0,0.0,0.0,0.0,0.0,0.0,0.0,0.0,0.0,0,0,0,0
401,Marcus,Bettinelli,Bettinelli,a,,,3.8,785,93.0,0.4,276,35.0,0.0,399.0,24.0,0,0,0.0,-2,2.0,197,281,0.0,0.0,0.5,0.5,0.0,518.0,33.0,100.0,100.0,507.0,33.0,493.0,17.0,457.0,3.0,510.0,33.0,,,,,,,,0.0,0.0,0.0,0.0,0.0,0.0,0.0,0.0,0.0,27,0,0,0,0,0,0,0,0,0,0,0,0,0,0,0,329,345,0.0,0.0,0.0,0.0,0.0,0.0,0.0,0.0,0.0,0,0,0,0
402,Rayan,Aït-Nouri,Aït-Nouri,a,,,5.7,118,12.0,3.9,86,29.0,3.0,97.0,36.0,2,0,0.0,-3,3.0,618,194,0.5,4.9,3.5,3.5,2.8,229.0,90.0,100.0,100.0,360.0,136.0,310.0,103.0,336.0,108.0,367.0,128.0,,,,,,,,0.05,0.12,0.17,1.12,0.0,0.33,0.81,1.14,7.49,27,2,90,0,0,0,1,0,0,0,0,0,0,1,0,6,875,231,0.0,0.0,0.020000000000000018,0.020000000000000018,0.5800000000000001,0.0,0.0,0.0,0.0,2,3,2,5
403,Joško,Gvardiol,Gvardiol,i,Leg injury - Unknown return date,,5.9,101,7.0,3.4,97,34.0,0.0,800.0,265.0,0,0,0.0,-1,1.0,8,494,0.0,13.1,0.0,0.0,4.8,22.0,7.0,0.0,0.0,121.0,55.0,239.0,67.0,124.0,23.0,162.0,53.0,,,,,,,,0.15,0.04,0.19,1.06,0.0,0.42,0.9,1.04,6.85,27,0,0,0,0,0,0,0,0,0,0,0,0,0,0,0,11,684,0.0,0.0,0.0,0.0,0.0,0.0,0.0,0.0,0.0,0,0,0,0
404,Manuel,Akanji,Akanji,u,has joined Inter Milan on loan for the rest of the season.,,5.4,168,19.0,0.3,336,121.0,0.0,776.0,262.0,0,0,0.0,-1,1.0,0,6,0.0,0.0,0.0,0.0,0.0,796.0,264.0,0.0,0.0,796.0,264.0,795.0,264.0,793.0,264.0,796.0,264.0,,,,,,,,0.0,0.0,0.0,0.0,0.0,0.0,0.0,0.0,0.0,27,0,0,0,0,0,0,0,0,0,0,0,0,0,0,0,0,7,0.0,0.0,0.0,0.0,0.0,0.0,0.0,0.0,0.0,0,0,0,0
405,Nathan,Aké,Aké,a,,,5.3,187,23.0,0.6,238,90.0,0.2,386.0,142.0,0,0,0.0,-2,2.0,28,42,0.0,4.9,0.7,0.7,2.0,333.0,123.0,,,342.0,131.0,256.0,77.0,359.0,119.0,353.0,120.0,,,,,,,,0.05,0.08,0.13,1.46,0.0,0.37,1.3,0.74,6.87,27,0,0,0,0,0,0,0,0,0,0,0,0,0,0,0,33,55,0.0,0.0,0.0,0.0,0.0,0.0,0.0,0.0,0.0,0,0,0,0
406,Abdukodir,Khusanov,Khusanov,a,,,5.4,185,22.0,0.4,291,109.0,2.8,108.0,39.0,1,0,0.0,-1,1.0,84,145,0.5,5.9,3.3,3.3,2.5,273.0,105.0,100.0,100.0,297.0,115.0,361.0,126.0,433.0,159.0,369.0,130.0,,,,,,,,0.03,0.01,0.04,1.31,0.0,0.34,0.8,0.92,8.38,27,1,45,0,0,0,0,0,0,0,0,0,0,0,0,6,105,181,0.0,0.0,0.0,0.0,0.3200000000000003,0.0,0.0,0.0,0.0,2,2,5,4
407,Matheus,Nunes,Matheus N.,a,,,5.4,175,21.0,3.3,100,37.0,4.6,28.0,9.0,2,0,0.0,-1,1.0,1966,2589,0.9,21.7,5.1,5.1,4.9,17.0,4.0,100.0,100.0,61.0,28.0,80.0,18.0,298.0,91.0,103.0,29.0,,,4.0,,,,,0.01,0.07,0.08,1.04,0.0,0.36,0.9,0.99,6.68,27,2,90,0,0,0,1,0,0,0,0,0,0,1,0,14,2674,2988,0.0,0.0,0.040000000000000036,0.040000000000000036,0.5800000000000018,0.0,0.0,0.0,0.0,1,2,5,3
408,Rúben,dos Santos Gato Alves Dias,Rúben,a,,,5.5,139,16.0,3.3,98,35.0,1.4,237.0,89.0,0,0,0.0,0,0.0,504,323,0.3,18.5,1.9,1.9,4.4,38.0,15.0,100.0,100.0,56.0,25.0,252.0,74.0,238.0,63.0,150.0,49.0,,,,,,,,0.03,0.02,0.05,1.05,0.0,0.53,0.87,1.01,7.03,27,0,45,0,0,0,1,0,0,0,1,0,0,1,0,0,633,405,0.0,0.0,0.010000000000000009,0.010000000000000009,0.26000000000000156,0.0,0.0,0.0,0.0,0,3,0,3
409,John,Stones,Stones,a,,,5.4,157,17.0,0.6,250,93.0,0.0,771.0,261.0,0,0,0.0,-1,1.0,15,12,0.0,2.2,0.5,0.5,1.7,381.0,141.0,100.0,100.0,369.0,141.0,390.0,140.0,450.0,166.0,405.0,144.0,,,,,,,,0.0,0.02,0.02,1.29,0.0,0.26,2.05,1.03,4.87,27,0,0,0,0,0,0,0,0,0,0,0,0,0,0,0,19,14,0.0,0.0,0.0,0.0,0.0,0.0,0.0,0.0,0.0,0,0,0,0
410,Rico,Lewis,Lewis,a,,,4.6,400,69.0,1.2,175,66.0,0.0,692.0,249.0,0,0,0.0,-4,4.0,39,108,0.0,4.1,0.5,0.5,1.9,340.0,127.0,100.0,100.0,382.0,147.0,250.0,73.0,323.0,104.0,358.0,123.0,,,,,,,,0.03,0.38,0.41,1.46,0.0,0.29,1.45,0.87,5.5,27,0,0,0,0,0,0,0,0,0,0,0,0,0,0,0,53,137,0.0,0.0,0.0,0.0,0.0,0.0,0.0,0.0,0.0,0,0,0,0
411,Nico,O'Reilly,O'Reilly,a,,,4.9,334,53.0,5.4,68,21.0,7.2,3.0,1.0,14,0,0.0,-1,1.0,39143,448,1.5,23.3,7.7,7.7,4.4,37.0,14.0,100.0,100.0,85.0,38.0,81.0,19.0,91.0,9.0,74.0,18.0,,,,,,,,0.13,0.08,0.21,1.17,0.0,0.46,0.87,0.96,6.16,27,14,90,2,0,0,1,0,0,0,0,0,0,1,0,31,41422,1000,0.0,0.3200000000000003,0.1399999999999999,0.45999999999999996,0.5799999999999983,0.0,0.0,0.0,0.0,1,1,3,2
412,Vitor,de Oliveira Nunes dos Reis,Vitor Reis,u,Has joined Girona on loan for the rest of the season.,,5.0,282,42.0,0.0,776,261.0,0.0,756.0,258.0,0,0,0.0,0,0.0,0,0,0.0,0.0,0.0,0.0,0.0,791.0,263.0,0.0,0.0,790.0,263.0,789.0,263.0,785.0,263.0,791.0,263.0,,,,,,,,0.0,0.0,0.0,0.0,0.0,0.0,0.0,0.0,0.0,27,0,0,0,0,0,0,0,0,0,0,0,0,0,0,0,0,0,0.0,0.0,0.0,0.0,0.0,0.0,0.0,0.0,0.0,0,0,0,0
413,Omar,Marmoush,Marmoush,a,,,8.3,13,8.0,2.5,117,36.0,3.6,59.0,28.0,4,0,0.0,-2,2.0,540,213,0.4,4.1,4.1,4.1,2.3,300.0,133.0,100.0,100.0,355.0,159.0,235.0,147.0,181.0,100.0,308.0,152.0,,1.0,2.0,,,,,0.38,0.14,0.52,0.94,0.0,0.41,0.82,1.02,5.52,27,4,57,0,1,0,1,0,0,0,0,0,0,1,0,17,704,294,0.0,0.26,0.08000000000000007,0.33999999999999986,0.29000000000000004,0.0,0.0,0.0,0.0,2,0,1,3
414,Phil,Foden,Foden,a,,,8.2,14,9.0,9.4,37,13.0,1.6,216.0,91.0,1,0,0.0,2,-2.0,213,3232,0.2,13.3,2.1,2.1,4.5,34.0,18.0,100.0,100.0,60.0,17.0,4.0,4.0,34.0,19.0,13.0,11.0,1.0,3.0,,,,,,0.28,0.19,0.47,1.1,0.0,0.52,0.73,1.05,6.66,27,1,3,0,0,0,0,0,0,0,0,0,0,0,0,1,321,5794,0.0,0.13999999999999968,0.0,0.14000000000000057,0.1999999999999993,0.0,0.0,0.0,0.0,0,0,0,0
415,Sávio,Moreira de Oliveira,Savinho,a,,,6.9,43,25.0,0.4,279,98.0,0.0,811.0,363.0,0,0,0.0,-1,1.0,34,18,0.0,3.8,0.5,0.5,1.7,382.0,168.0,100.0,100.0,372.0,166.0,197.0,132.0,103.0,63.0,259.0,127.0,,,,,,,,0.22,0.2,0.42,1.08,0.0,0.34,0.85,0.85,7.46,27,0,0,0,0,0,0,0,0,0,0,0,0,0,0,0,40,20,0.0,0.0,0.0,0.0,0.0,0.0,0.0,0.0,0.0,0,0,0,0
416,Bernardo,Mota Veiga de Carvalho e Silva,Bernardo,a,,,6.2,71,47.0,0.6,244,84.0,3.8,43.0,20.0,1,0,0.0,-3,3.0,231,112,0.6,10.8,4.3,4.3,2.5,278.0,119.0,100.0,100.0,156.0,56.0,26.0,25.0,185.0,103.0,83.0,49.0,5.0,,,,,,,0.06,0.13,0.19,1.13,0.0,0.36,0.95,1.04,8.15,27,1,90,0,0,0,1,0,0,0,1,0,0,1,0,12,308,169,0.0,0.0,0.05999999999999961,0.05999999999999961,0.5799999999999983,0.0,0.0,0.0,0.0,0,5,5,10
417,Rayan,Cherki,Cherki,a,,,6.5,53,34.0,8.5,42,14.0,2.8,111.0,52.0,1,0,0.0,0,0.0,1282,5320,0.4,14.0,3.3,3.3,4.1,60.0,27.0,100.0,100.0,101.0,33.0,15.0,15.0,59.0,35.0,29.0,23.0,2.0,4.0,,,,,,0.18,0.48,0.66,1.2,0.0,0.41,0.9,0.98,8.68,27,1,32,0,0,0,0,0,0,0,0,0,0,0,0,9,1786,9333,0.0,0.0,0.08000000000000007,0.07999999999999918,0.2900000000000009,0.0,0.0,0.0,0.0,0,0,3,3
418,Jérémy,Doku,Doku,i,Calf injury - Expected back 28 Feb,,6.4,58,37.0,2.4,123,39.0,0.2,390.0,175.0,0,0,0.0,-1,1.0,5,364,0.0,11.2,0.0,0.0,3.6,114.0,50.0,0.0,0.0,173.0,65.0,16.0,16.0,41.0,25.0,33.0,25.0,,,3.0,,,,,0.14,0.32,0.46,1.19,0.0,0.38,0.99,0.99,6.03,27,0,0,0,0,0,0,0,0,0,0,0,0,0,0,0,6,534,0.0,0.0,0.0,0.0,0.0,0.0,0.0,0.0,0.0,0,0,0,0
420,İlkay,Gündoğan,Gündoğan,u,has joined Galatasaray permanently.,,6.3,64,42.0,0.1,558,204.0,0.0,802.0,358.0,0,0,0.0,-2,2.0,0,2,0.0,0.0,0.0,0.0,0.0,809.0,362.0,0.0,0.0,809.0,362.0,809.0,362.0,809.0,362.0,809.0,362.0,,,,,,,,0.0,0.0,0.0,0.0,0.0,0.0,0.0,0.0,0.0,27,0,0,0,0,0,0,0,0,0,0,0,0,0,0,0,0,2,0.0,0.0,0.0,0.0,0.0,0.0,0.0,0.0,0.0,0,0,0,0
423,Nico,González Iglesias,N.Gonzalez,a,,,5.9,98,63.0,0.1,473,164.0,0.0,797.0,355.0,0,0,0.0,-1,1.0,21,17,0.0,9.3,0.5,0.5,2.6,260.0,110.0,100.0,100.0,189.0,75.0,156.0,108.0,284.0,153.0,217.0,108.0,,,,,,,,0.04,0.07,0.11,1.1,0.0,0.46,0.92,0.99,11.96,27,0,0,0,0,0,0,0,0,0,0,0,0,0,0,0,24,20,0.0,0.0,0.0,0.0,0.0,0.0,0.0,0.0,0.0,0,0,0,0
425,Claudio,Echeverri,Echeverri,u,has joined Girona on loan for the rest of the season.,,5.4,184,114.0,0.0,741,313.0,0.0,784.0,345.0,0,0,0.0,-1,1.0,0,0,0.0,0.0,0.0,0.0,0.0,802.0,356.0,0.0,0.0,802.0,356.0,801.0,356.0,799.0,355.0,802.0,356.0,,,,,,,,0.0,0.0,0.0,0.0,0.0,0.0,0.0,0.0,0.0,27,0,0,0,0,0,0,0,0,0,0,0,0,0,0,0,0,0,0.0,0.0,0.0,0.0,0.0,0.0,0.0,0.0,0.0,0,0,0,0
427,Tijjani,Reijnders,Reijnders,a,,,5.1,231,143.0,10.1,35,11.0,1.0,269.0,118.0,0,0,0.0,-4,4.0,232,1545,0.2,16.5,1.5,1.5,3.5,124.0,55.0,,,143.0,48.0,73.0,55.0,37.0,22.0,59.0,39.0,3.0,,,,,,,0.24,0.12,0.36,1.06,0.0,0.43,0.99,1.05,5.39,27,0,0,0,0,0,0,0,0,0,0,0,0,0,0,0,385,2594,0.0,0.0,0.0,0.0,0.0,0.0,0.0,0.0,0.0,0,0,0,0
428,Sverre,Nypan,Nypan,a,,,5.0,278,172.0,0.0,719,300.0,0.0,753.0,323.0,0,0,0.0,0,0.0,4,3,0.0,0.0,0.5,0.5,0.0,788.0,346.0,100.0,100.0,787.0,345.0,786.0,346.0,782.0,344.0,788.0,346.0,,,,,,,,0.0,0.0,0.0,0.0,0.0,0.0,0.0,0.0,0.0,27,0,0,0,0,0,0,0,0,0,0,0,0,0,0,0,4,3,0.0,0.0,0.0,0.0,0.0,0.0,0.0,0.0,0.0,0,0,0,0
429,Kalvin,Phillips,Phillips,u,has joined Sheffield United on loan for the rest of the season.,,4.7,379,237.0,0.1,557,203.0,0.0,693.0,281.0,0,0,0.0,-3,3.0,0,4,0.0,0.0,0.0,0.0,0.0,754.0,322.0,0.0,0.0,753.0,321.0,749.0,322.0,738.0,319.0,754.0,322.0,,,,,,,,0.0,0.0,0.0,0.0,0.0,0.0,0.0,0.0,0.0,27,0,0,0,0,0,0,0,0,0,0,0,0,0,0,0,0,4,0.0,0.0,0.0,0.0,0.0,0.0,0.0,0.0,0.0,0,0,0,0
430,Erling,Haaland,Haaland,a,,,14.8,1,1.0,67.2,1,1.0,5.4,15.0,3.0,5,0,0.0,8,-8.0,4233,1751,0.4,13.0,5.9,5.9,7.1,1.0,1.0,100.0,100.0,1.0,1.0,120.0,7.0,1.0,1.0,2.0,1.0,,,1.0,,,,,0.83,0.07,0.9,1.16,0.0,0.4,0.97,1.05,3.22,27,5,90,0,1,0,1,0,0,0,0,0,0,1,0,21,5009,6403,0.0,0.3099999999999987,0.2200000000000002,0.5300000000000011,0.5799999999999983,0.0,0.0,0.0,0.0,1,3,0,4
736,Gianluigi,Donnarumma,Donnarumma,a,,,5.6,126,3.0,9.0,40,7.0,4.8,21.0,3.0,4,0,0.0,1,-1.0,2406,1408,0.9,17.0,5.3,5.3,4.0,73.0,6.0,,,65.0,13.0,805.0,94.0,803.0,93.0,243.0,13.0,,,,,,,,0.0,0.0,0.0,1.1,2.5,0.42,0.88,1.0,0.0,27,4,90,0,0,0,1,0,0,0,0,0,6,1,0,22,3289,1865,0.0,0.0,0.0,0.0,0.5800000000000018,0.0,0.0,0.0,0.0,0,1,9,0
739,Divine,Mukasa,Mukasa,u,has joined Leicester City on loan for the rest of the season.,,4.4,565,339.0,0.0,679,277.0,0.0,603.0,214.0,0,0,0.0,-1,1.0,0,4,0.0,0.5,0.0,0.0,1.0,470.0,210.0,0.0,0.0,472.0,216.0,372.0,191.0,426.0,210.0,450.0,203.0,,,,,,,,0.0,0.76,0.76,1.22,0.0,0.0,0.0,0.0,3.6,27,0,0,0,0,0,0,0,0,0,0,0,0,0,0,0,0,4,0.0,0.0,0.0,0.0,0.0,0.0,0.0,0.0,0.0,0,0,0,0
740,Stephen,Mfuni,Mfuni,u,has joined Watford on loan for the rest of the season.,,3.9,776,227.0,0.0,617,219.0,0.0,453.0,177.0,0,0,0.0,-1,1.0,0,5,0.0,0.0,0.0,0.0,0.0,566.0,206.0,0.0,0.0,555.0,205.0,545.0,205.0,510.0,197.0,558.0,205.0,,,,,,,,0.0,0.0,0.0,0.0,0.0,0.0,0.0,0.0,0.0,27,0,0,0,0,0,0,0,0,0,0,0,0,0,0,0,0,6,0.0,0.0,0.0,0.0,0.0,0.0,0.0,0.0,0.0,0,0,0,0
742,Ryan,McAidoo,McAidoo,a,,,4.5,502,310.0,0.0,732,307.0,0.0,678.0,271.0,0,0,0.0,0,0.0,1,2,0.0,0.0,0.5,0.5,0.0,743.0,313.0,,,742.0,312.0,737.0,313.0,723.0,309.0,743.0,313.0,,,,,,,,0.0,0.0,0.0,0.0,0.0,0.0,0.0,0.0,0.0,27,0,0,0,0,0,0,0,0,0,0,0,0,0,0,0,1,3,0.0,0.0,0.0,0.0,0.0,0.0,0.0,0.0,0.0,0,0,0,0
763,Charlie,Gray,Gray,a,,,4.5,457,274.0,0.0,785,344.0,0.0,641.0,240.0,0,0,0.0,0,0.0,2,3,0.0,0.0,0.5,0.5,0.0,713.0,289.0,,,707.0,284.0,704.0,287.0,687.0,280.0,709.0,286.0,,,,,,,,0.0,0.0,0.0,0.0,0.0,0.0,0.0,0.0,0.0,27,0,0,0,0,0,0,0,0,0,0,0,0,0,0,0,3,3,0.0,0.0,0.0,0.0,0.0,0.0,0.0,0.0,0.0,0,0,0,0
764,Reigan,Heskey,Heskey,a,,,4.5,485,296.0,0.0,798,352.0,0.0,664.0,259.0,0,0,0.0,0,0.0,1,2,0.0,0.0,0.5,0.5,0.0,730.0,302.0,,,728.0,300.0,723.0,301.0,709.0,297.0,729.0,301.0,,,,,,,,0.0,0.0,0.0,0.0,0.0,0.0,0.0,0.0,0.0,27,0,0,0,0,0,0,0,0,0,0,0,0,0,0,0,1,2,0.0,0.0,0.0,0.0,0.0,0.0,0.0,0.0,0.0,0,0,0,0
794,Max,Alleyne,Alleyne,d,Knock - 75% chance of playing,,4.1,655,159.0,0.0,735,254.0,0.0,527.0,222.0,0,0,0.0,-4,4.0,1,20,0.0,1.2,0.4,0.4,2.5,266.0,103.0,75.0,75.0,418.0,157.0,397.0,144.0,356.0,118.0,425.0,152.0,,,,,,,,0.17,0.04,0.21,1.03,0.0,0.0,0.67,1.33,7.33,27,0,0,0,0,0,0,0,0,0,0,0,0,0,0,0,1,20,0.0,0.0,0.0,0.0,0.0,0.0,0.0,0.0,0.0,0,0,0,0
119,Bryan,Mbeumo,Mbeumo,a,,,8.6,10,5.0,22.7,17,5.0,5.2,17.0,10.0,0,0,0.0,6,-6.0,5711,1801,0.6,12.7,5.7,5.7,5.2,10.0,7.0,100.0,100.0,54.0,15.0,13.0,13.0,5.0,2.0,7.0,5.0,2.0,2.0,,,,,,0.35,0.19,0.54,1.26,0.0,0.2,1.44,1.04,4.78,27,0,0,0,0,0,0,0,0,0,0,0,0,0,0,0,8950,4847,0.0,0.0,0.0,0.0,0.0,0.0,0.0,0.0,0.0,0,0,0,0
431,Altay,Bayındır,Bayindir,a,,,4.7,387,17.0,0.3,309,41.0,0.0,695.0,91.0,0,0,0.0,-3,3.0,17,13,0.0,2.3,0.5,0.5,1.8,364.0,29.0,,,319.0,25.0,421.0,9.0,740.0,82.0,391.0,25.0,,,,,,,,0.0,0.01,0.01,1.54,2.17,0.0,1.83,1.0,0.0,27,0,0,0,0,0,0,0,0,0,0,0,0,0,0,0,24,17,0.0,0.0,0.0,0.0,0.0,0.0,0.0,0.0,0.0,0,0,0,0
432,André,Onana,Onana,u,has joined Trabzonspor on loan for the rest of the season.,,4.9,302,11.0,0.1,422,63.0,0.0,715.0,93.0,0,0,0.0,-1,1.0,0,1,0.0,0.0,0.0,0.0,0.0,764.0,93.0,0.0,0.0,763.0,93.0,760.0,90.0,753.0,85.0,764.0,93.0,,,,,,,,0.0,0.0,0.0,0.0,0.0,0.0,0.0,0.0,0.0,27,0,0,0,0,0,0,0,0,0,0,0,0,0,0,0,0,1,0.0,0.0,0.0,0.0,0.0,0.0,0.0,0.0,0.0,0,0,0,0
433,Elyh,Harrison,Harrison,u,On loan to Shrewsbury Town,,4.0,718,65.0,0.0,806,94.0,0.0,510.0,76.0,0,0,0.0,0,0.0,0,0,0.0,0.0,0.0,0.0,0.0,619.0,84.0,0.0,0.0,608.0,84.0,601.0,72.0,569.0,58.0,611.0,84.0,,,,,,,,0.0,0.0,0.0,0.0,0.0,0.0,0.0,0.0,0.0,27,0,0,0,0,0,0,0,0,0,0,0,0,0,0,0,0,0,0.0,0.0,0.0,0.0,0.0,0.0,0.0,0.0,0.0,0,0,0,0
434,Tom,Heaton,Heaton,a,,,3.9,736,66.0,0.3,341,46.0,0.0,420.0,26.0,0,0,0.0,-1,1.0,5,13,0.0,0.0,0.5,0.5,0.0,535.0,35.0,,,524.0,35.0,513.0,19.0,478.0,5.0,527.0,35.0,,,,,,,,0.0,0.0,0.0,0.0,0.0,0.0,0.0,0.0,0.0,27,0,0,0,0,0,0,0,0,0,0,0,0,0,0,0,13,17,0.0,0.0,0.0,0.0,0.0,0.0,0.0,0.0,0.0,0,0,0,0
435,Dermot,Mee,Mee,a,,,3.9,759,81.0,0.1,478,72.0,0.0,437.0,40.0,0,0,0.0,-1,1.0,1,0,0.0,0.0,0.5,0.5,0.0,551.0,49.0,,,540.0,49.0,530.0,34.0,495.0,20.0,543.0,49.0,,,,,,,,0.0,0.0,0.0,0.0,0.0,0.0,0.0,0.0,0.0,27,0,0,0,0,0,0,0,0,0,0,0,0,0,0,0,1,1,0.0,0.0,0.0,0.0,0.0,0.0,0.0,0.0,0.0,0,0,0,0
436,Matthijs,de Ligt,De Ligt,d,Back injury - 25% chance of playing,,4.9,307,48.0,1.9,138,55.0,0.0,717.0,253.0,0,0,0.0,-1,1.0,6,89,0.0,8.8,0.1,0.1,3.3,142.0,55.0,25.0,25.0,191.0,80.0,315.0,105.0,211.0,54.0,244.0,82.0,,,,,,,,0.11,0.06,0.17,1.44,0.0,0.08,1.54,1.0,8.23,27,0,0,0,0,0,0,0,0,0,0,0,0,0,0,0,6,107,0.0,0.0,0.0,0.0,0.0,0.0,0.0,0.0,0.0,0,0,0,0
437,Lisandro,Martínez,Martinez,a,,,4.8,361,61.0,1.0,191,71.0,1.8,191.0,70.0,0,0,0.0,-2,2.0,399,201,0.4,8.1,2.3,2.3,2.8,219.0,87.0,100.0,100.0,233.0,91.0,281.0,90.0,398.0,145.0,317.0,107.0,,,,,,,,0.01,0.05,0.06,0.93,0.0,0.3,1.1,0.9,7.47,27,0,0,0,0,0,0,0,0,0,0,0,0,0,0,0,581,311,0.0,0.0,0.0,0.0,0.0,0.0,0.0,0.0,0.0,0,0,0,0
438,Noussair,Mazraoui,Mazraoui,a,,,4.9,316,51.0,0.2,370,135.0,0.6,308.0,107.0,0,0,0.0,-1,1.0,45,21,0.1,4.1,1.1,1.1,1.7,378.0,140.0,100.0,100.0,323.0,121.0,328.0,112.0,370.0,129.0,364.0,125.0,,,,,,,,0.01,0.05,0.06,0.8,0.0,0.2,1.21,1.21,9.44,27,0,0,0,0,0,0,0,0,0,0,0,0,0,0,0,55,34,0.0,0.0,0.0,0.0,0.0,0.0,0.0,0.0,0.0,0,0,0,0
439,Diego,León Blanco,D.Leon,a,,,4.2,649,156.0,0.1,569,204.0,0.0,542.0,229.0,0,0,0.0,-3,3.0,3,5,0.0,0.0,0.5,0.5,0.0,640.0,248.0,,,630.0,248.0,625.0,247.0,598.0,246.0,633.0,248.0,,,,,,,,0.0,0.0,0.0,0.0,0.0,0.0,0.0,0.0,0.0,27,0,0,0,0,0,0,0,0,0,0,0,0,0,0,0,5,9,0.0,0.0,0.0,0.0,0.0,0.0,0.0,0.0,0.0,0,0,0,0
440,Diogo,Dalot Teixeira,Dalot,a,,,4.5,419,79.0,4.6,76,25.0,3.2,75.0,29.0,0,0,0.0,0,0.0,1125,881,0.7,19.1,3.7,3.7,3.6,104.0,39.0,100.0,100.0,96.0,44.0,59.0,11.0,193.0,47.0,94.0,24.0,,,,,,,,0.07,0.1,0.17,1.25,0.0,0.24,1.47,1.03,6.02,27,0,0,0,0,0,0,0,0,0,0,0,0,0,0,0,1876,1643,0.0,0.0,0.0,0.0,0.0,0.0,0.0,0.0,0.0,0,0,0,0
441,Patrick,Dorgu,Dorgu,i,Hamstring injury - Unknown return date,,4.3,616,140.0,4.3,83,28.0,1.6,207.0,76.0,0,0,0.0,-2,2.0,58,4102,0.4,17.2,0.0,0.0,3.4,128.0,47.0,0.0,0.0,93.0,42.0,56.0,10.0,85.0,7.0,58.0,10.0,,,,,,,,0.13,0.1,0.23,1.27,0.0,0.2,1.35,0.95,6.43,27,0,0,0,0,0,0,0,0,0,0,0,0,0,0,0,69,6329,0.0,0.0,0.0,0.0,0.0,0.0,0.0,0.0,0.0,0,0,0,0
442,Harry,Maguire,Maguire,a,,,4.3,572,121.0,1.7,146,58.0,2.6,115.0,40.0,0,0,0.0,-2,2.0,446,304,0.6,12.1,3.1,3.1,4.0,64.0,26.0,100.0,100.0,269.0,108.0,387.0,138.0,241.0,66.0,325.0,113.0,,,,,,,,0.09,0.01,0.1,1.33,0.0,0.47,1.05,1.05,7.38,27,0,0,0,0,0,0,0,0,0,0,0,0,0,0,0,708,507,0.0,0.0,0.0,0.0,0.0,0.0,0.0,0.0,0.0,0,0,0,0
443,Luke,Shaw,Shaw,a,,,4.5,409,73.0,0.8,208,79.0,2.0,175.0,63.0,0,0,0.0,0,0.0,198,114,0.4,13.8,2.5,2.5,2.4,283.0,109.0,,,109.0,49.0,104.0,27.0,303.0,94.0,147.0,47.0,,,,,,,,0.02,0.06,0.08,1.2,0.0,0.2,1.35,1.03,5.57,27,0,0,0,0,0,0,0,0,0,0,0,0,0,0,0,296,191,0.0,0.0,0.0,0.0,0.0,0.0,0.0,0.0,0.0,0,0,0,0
444,Leny,Yoro,Yoro,a,,,4.1,656,160.0,1.2,172,65.0,0.4,323.0,113.0,0,0,0.0,-4,4.0,46,73,0.1,9.0,0.9,0.9,1.6,383.0,142.0,,,246.0,99.0,308.0,102.0,270.0,78.0,297.0,98.0,,,,,,,,0.05,0.02,0.07,1.38,0.0,0.08,1.87,0.93,7.71,27,0,0,0,0,0,0,0,0,0,0,0,0,0,0,0,68,112,0.0,0.0,0.0,0.0,0.0,0.0,0.0,0.0,0.0,0,0,0,0
445,Harry,Amass,Amass,u,has joined Norwich City on loan for the rest of the season.,,4.0,716,194.0,0.1,538,191.0,0.0,508.0,207.0,0,0,0.0,0,0.0,0,1,0.0,0.0,0.0,0.0,0.0,617.0,233.0,0.0,0.0,606.0,232.0,599.0,232.0,567.0,227.0,609.0,232.0,,,,,,,,0.0,0.0,0.0,0.0,0.0,0.0,0.0,0.0,0.0,27,0,0,0,0,0,0,0,0,0,0,0,0,0,0,0,0,1,0.0,0.0,0.0,0.0,0.0,0.0,0.0,0.0,0.0,0,0,0,0
446,Tyler,Fredricson,Fredricson,a,,,3.8,804,253.0,0.1,432,160.0,0.0,413.0,163.0,0,0,0.0,-2,2.0,0,12,0.0,0.3,0.5,0.5,1.0,449.0,162.0,,,473.0,170.0,506.0,193.0,470.0,184.0,486.0,171.0,,,,,,,,0.0,0.0,0.0,13.5,0.0,0.0,0.0,0.0,90.0,27,0,0,0,0,0,0,0,0,0,0,0,0,0,0,0,3,13,0.0,0.0,0.0,0.0,0.0,0.0,0.0,0.0,0.0,0,0,0,0
447,Ayden,Heaven,Heaven,a,,,3.7,816,264.0,2.1,128,49.0,0.0,394.0,145.0,0,0,0.0,-3,3.0,1037,584,0.0,7.0,0.5,0.5,2.4,280.0,107.0,100.0,100.0,266.0,107.0,375.0,134.0,355.0,117.0,347.0,119.0,,,,,,,,0.05,0.02,0.07,1.12,0.0,0.14,1.7,1.13,10.05,27,0,0,0,0,0,0,0,0,0,0,0,0,0,0,0,1750,880,0.0,0.0,0.0,0.0,0.0,0.0,0.0,0.0,0.0,0,0,0,0
449,Bruno,Borges Fernandes,B.Fernandes,a,,,9.8,5,3.0,37.0,6,2.0,5.4,14.0,8.0,0,0,0.0,8,-8.0,6458,1339,0.6,14.6,5.9,5.9,6.2,3.0,1.0,100.0,100.0,2.0,1.0,1.0,1.0,36.0,21.0,1.0,1.0,1.0,1.0,1.0,,,,,0.37,0.3,0.67,1.27,0.0,0.14,1.5,1.04,9.52,27,0,0,0,0,0,0,0,0,0,0,0,0,0,0,0,9967,3809,0.0,0.0,0.0,0.0,0.0,0.0,0.0,0.0,0.0,0,0,0,0
454,Antony,dos Santos,Antony,u,has joined Real Betis permanently.,,5.9,99,64.0,0.1,566,209.0,0.0,798.0,356.0,0,0,0.0,-1,1.0,0,1,0.0,0.0,0.0,0.0,0.0,808.0,361.0,0.0,0.0,808.0,361.0,808.0,361.0,807.0,361.0,808.0,361.0,,,,,,,,0.0,0.0,0.0,0.0,0.0,0.0,0.0,0.0,0.0,27,0,0,0,0,0,0,0,0,0,0,0,0,0,0,0,0,1,0.0,0.0,0.0,0.0,0.0,0.0,0.0,0.0,0.0,0,0,0,0
455,Mason,Mount,Mount,d,Knock - 50% chance of playing,,5.9,94,60.0,0.3,320,108.0,0.0,794.0,352.0,0,0,0.0,-1,1.0,1,52,0.0,7.8,0.2,0.2,2.7,247.0,102.0,50.0,50.0,279.0,122.0,147.0,101.0,156.0,87.0,219.0,110.0,3.0,,,,,,,0.17,0.16,0.33,1.14,0.0,0.33,1.55,1.11,6.87,27,0,0,0,0,0,0,0,0,0,0,0,0,0,0,0,2,78,0.0,0.0,0.0,0.0,0.0,0.0,0.0,0.0,0.0,0,0,0,0
457,Carlos Henrique,Casimiro,Casemiro,a,,,5.6,121,75.0,2.4,120,38.0,4.0,39.0,19.0,0,0,0.0,1,-1.0,1535,650,0.7,19.6,4.5,4.5,4.6,28.0,15.0,100.0,100.0,43.0,10.0,57.0,46.0,45.0,27.0,30.0,24.0,,,,,,,,0.21,0.13,0.34,0.99,0.0,0.37,1.04,1.2,11.59,27,0,0,0,0,0,0,0,0,0,0,0,0,0,0,0,2165,1083,0.0,0.0,0.0,0.0,0.0,0.0,0.0,0.0,0.0,0,0,0,0
458,Kobbie,Mainoo,Mainoo,a,,,4.6,401,248.0,1.3,162,53.0,3.4,64.0,30.0,0,0,0.0,-4,4.0,912,303,0.7,7.0,3.9,3.9,1.9,341.0,149.0,100.0,100.0,282.0,124.0,139.0,97.0,328.0,172.0,271.0,134.0,,,,,,,,0.02,0.07,0.09,1.25,0.0,0.27,1.59,0.66,9.56,27,0,0,0,0,0,0,0,0,0,0,0,0,0,0,0,1605,499,0.0,0.0,0.0,0.0,0.0,0.0,0.0,0.0,0.0,0,0,0,0
459,Manuel,Ugarte Ribeiro,Ugarte,a,,,4.7,385,240.0,0.2,413,140.0,0.4,334.0,149.0,0,0,0.0,-3,3.0,8,24,0.1,6.6,0.9,0.9,1.7,376.0,164.0,,,310.0,141.0,303.0,172.0,342.0,179.0,351.0,168.0,,,,,,,,0.04,0.02,0.06,1.75,0.0,0.12,2.41,0.84,14.68,27,0,0,0,0,0,0,0,0,0,0,0,0,0,0,0,17,40,0.0,0.0,0.0,0.0,0.0,0.0,0.0,0.0,0.0,0,0,0,0
460,Toby,Collyer,Collyer,u,has joined Hull City on loan for the rest of the season.,,4.5,445,266.0,0.0,659,265.0,0.0,632.0,232.0,0,0,0.0,0,0.0,0,0,0.0,0.0,0.0,0.0,0.0,706.0,282.0,0.0,0.0,699.0,276.0,697.0,280.0,680.0,273.0,702.0,279.0,,,,,,,,0.0,0.0,0.0,0.0,0.0,0.0,0.0,0.0,0.0,27,0,0,0,0,0,0,0,0,0,0,0,0,0,0,0,0,0,0.0,0.0,0.0,0.0,0.0,0.0,0.0,0.0,0.0,0,0,0,0
461,Jayce,Fitzgerald,Fitzgerald,a,,,4.3,610,357.0,0.0,606,233.0,0.0,564.0,191.0,0,0,0.0,-2,2.0,5,3,0.0,0.0,0.5,0.5,0.0,654.0,249.0,,,643.0,239.0,640.0,245.0,615.0,233.0,646.0,242.0,,,,,,,,0.0,0.0,0.0,0.0,0.0,0.0,0.0,0.0,0.0,27,0,0,0,0,0,0,0,0,0,0,0,0,0,0,0,7,4,0.0,0.0,0.0,0.0,0.0,0.0,0.0,0.0,0.0,0,0,0,0
462,Jack,Fletcher,J.Fletcher,a,,,4.3,607,354.0,0.1,502,180.0,0.0,561.0,188.0,0,0,0.0,-2,2.0,14,16,0.0,0.7,0.5,0.5,1.0,462.0,203.0,,,445.0,197.0,380.0,194.0,423.0,208.0,446.0,200.0,,,,,,,,0.03,0.02,0.05,1.56,0.0,0.0,0.0,0.0,9.25,27,0,0,0,0,0,0,0,0,0,0,0,0,0,0,0,20,25,0.0,0.0,0.0,0.0,0.0,0.0,0.0,0.0,0.0,0,0,0,0
463,Sékou,Koné,Kone,u,has joined Lausanne-Sport on loan for the rest of the season.,,4.3,620,364.0,0.1,512,185.0,0.0,571.0,196.0,0,0,0.0,-2,2.0,0,7,0.0,0.0,0.0,0.0,0.0,659.0,253.0,0.0,0.0,648.0,243.0,645.0,249.0,621.0,238.0,651.0,246.0,,,,,,,,0.0,0.0,0.0,0.0,0.0,0.0,0.0,0.0,0.0,27,0,0,0,0,0,0,0,0,0,0,0,0,0,0,0,0,8,0.0,0.0,0.0,0.0,0.0,0.0,0.0,0.0,0.0,0,0,0,0
464,Jack,Moorhouse,Moorhouse,u,has joined Leyton Orient on loan for the rest of the season.,,4.5,472,287.0,0.0,689,283.0,0.0,652.0,250.0,0,0,0.0,0,0.0,0,1,0.0,0.0,0.0,0.0,0.0,722.0,297.0,0.0,0.0,718.0,294.0,714.0,296.0,698.0,290.0,720.0,296.0,,,,,,,,0.0,0.0,0.0,0.0,0.0,0.0,0.0,0.0,0.0,27,0,0,0,0,0,0,0,0,0,0,0,0,0,0,0,0,2,0.0,0.0,0.0,0.0,0.0,0.0,0.0,0.0,0.0,0,0,0,0
465,Rasmus,Højlund,Højlund,u,has joined Napoli on loan for the rest of the season.,,6.3,70,22.0,0.3,337,55.0,0.0,805.0,87.0,0,0,0.0,-2,2.0,0,6,0.0,0.0,0.0,0.0,0.0,810.0,89.0,0.0,0.0,810.0,89.0,810.0,89.0,810.0,89.0,810.0,89.0,,,,,,,,0.0,0.0,0.0,0.0,0.0,0.0,0.0,0.0,0.0,27,0,0,0,0,0,0,0,0,0,0,0,0,0,0,0,0,6,0.0,0.0,0.0,0.0,0.0,0.0,0.0,0.0,0.0,0,0,0,0
466,Joshua,Zirkzee,Zirkzee,a,,,5.8,108,31.0,0.4,274,44.0,0.4,345.0,46.0,0,0,0.0,-2,2.0,38,52,0.1,6.0,0.9,0.9,2.2,310.0,33.0,100.0,100.0,298.0,29.0,200.0,19.0,144.0,35.0,253.0,29.0,,,,,,,,0.34,0.05,0.39,1.28,0.0,0.18,1.28,0.73,6.59,27,0,0,0,0,0,0,0,0,0,0,0,0,0,0,0,47,68,0.0,0.0,0.0,0.0,0.0,0.0,0.0,0.0,0.0,0,0,0,0
467,Chido,Obi,Obi,a,,,4.2,646,90.0,1.6,151,24.0,0.0,539.0,53.0,0,0,0.0,-3,3.0,88,234,0.0,0.0,0.5,0.5,0.0,638.0,64.0,,,628.0,64.0,623.0,63.0,596.0,63.0,631.0,64.0,,,,,,,,0.0,0.0,0.0,0.0,0.0,0.0,0.0,0.0,0.0,27,0,0,0,0,0,0,0,0,0,0,0,0,0,0,0,148,430,0.0,0.0,0.0,0.0,0.0,0.0,0.0,0.0,0.0,0,0,0,0
468,Ethan,Wheatley,Wheatley,u,has joined Bradford City on loan for the rest of the season.,,4.5,479,68.0,0.1,508,71.0,0.0,658.0,67.0,0,0,0.0,0,0.0,0,3,0.0,0.0,0.0,0.0,0.0,727.0,77.0,0.0,0.0,724.0,77.0,720.0,76.0,705.0,76.0,726.0,77.0,,,,,,,,0.0,0.0,0.0,0.0,0.0,0.0,0.0,0.0,0.0,27,0,0,0,0,0,0,0,0,0,0,0,0,0,0,0,0,5,0.0,0.0,0.0,0.0,0.0,0.0,0.0,0.0,0.0,0,0,0,0
681,Benjamin,Sesko,Šeško,a,,,7.2,32,13.0,3.5,94,17.0,3.2,89.0,9.0,0,0,0.0,-3,3.0,929,334,0.4,9.9,3.7,3.7,3.4,136.0,12.0,100.0,100.0,180.0,15.0,207.0,20.0,18.0,11.0,69.0,13.0,,,,,,,,0.48,0.02,0.5,1.42,0.0,0.08,1.88,0.9,3.77,27,0,0,0,0,0,0,0,0,0,0,0,0,0,0,0,1333,492,0.0,0.0,0.0,0.0,0.0,0.0,0.0,0.0,0.0,0,0,0,0
733,Senne,Lammens,Lammens,a,,,5.0,261,9.0,2.1,129,18.0,2.4,143.0,10.0,0,0,0.0,0,0.0,557,248,0.5,11.8,2.9,2.9,3.0,192.0,19.0,,,113.0,17.0,779.0,91.0,449.0,1.0,282.0,17.0,,,,,,,,0.0,0.0,0.0,1.14,2.2,0.2,1.3,1.0,0.0,27,0,0,0,0,0,0,0,0,0,0,0,0,0,0,0,757,453,0.0,0.0,0.0,0.0,0.0,0.0,0.0,0.0,0.0,0,0,0,0
755,Shea,Lacey,Lacey,a,,,4.5,482,294.0,0.0,718,299.0,0.0,661.0,257.0,0,0,0.0,0,0.0,8,7,0.0,0.4,0.5,0.5,1.0,480.0,218.0,100.0,100.0,474.0,217.0,457.0,220.0,392.0,197.0,471.0,215.0,,,,,,,,0.52,0.0,0.52,0.82,0.0,0.0,0.0,0.0,7.5,27,0,0,0,0,0,0,0,0,0,0,0,0,0,0,0,12,9,0.0,0.0,0.0,0.0,0.0,0.0,0.0,0.0,0.0,0,0,0,0
769,Bendito,Mantato,Bendito Mantato,a,,,4.5,481,293.0,0.0,781,340.0,0.0,660.0,256.0,0,0,0.0,0,0.0,5,2,0.0,0.2,0.5,0.5,1.0,479.0,217.0,,,482.0,223.0,408.0,203.0,707.0,296.0,473.0,217.0,,,,,,,,0.0,0.06,0.06,0.3,0.0,0.0,0.0,0.0,0.0,27,0,0,0,0,0,0,0,0,0,0,0,0,0,0,0,5,2,0.0,0.0,0.0,0.0,0.0,0.0,0.0,0.0,0.0,0,0,0,0
52,Jacob,Ramsey,J.Ramsey,a,,,5.3,194,121.0,0.2,365,121.0,3.0,94.0,44.0,5,0,0.0,-2,2.0,73,8,0.6,5.5,3.0,2.5,1.7,380.0,167.0,100.0,100.0,326.0,148.0,190.0,127.0,223.0,122.0,285.0,140.0,,,,,,,,0.1,0.09,0.19,1.67,0.0,0.0,2.13,0.78,9.4,27,5,90,0,1,0,2,0,0,0,0,0,0,1,0,22,89,12,0.0,0.04999999999999993,0.1399999999999999,0.18999999999999995,1.3499999999999996,0.0,0.0,0.0,0.0,4,3,1,8
135,Yoane,Wissa,Wissa,d,Knock - 25% chance of playing,,7.3,24,9.0,0.6,233,35.0,1.0,277.0,37.0,0,0,0.0,-2,2.0,2,373,0.1,2.5,0.2,0.1,1.6,401.0,49.0,25.0,25.0,399.0,44.0,358.0,45.0,187.0,41.0,355.0,43.0,,,,,,,,0.42,0.12,0.54,1.35,0.0,0.22,1.55,0.89,3.99,27,0,0,0,0,0,0,0,0,0,0,0,0,0,0,0,3,611,0.0,0.0,0.0,0.0,0.0,0.0,0.0,0.0,0.0,0,0,0,0
469,Nick,Pope,Pope,a,,,5.1,223,6.0,4.6,79,14.0,2.0,182.0,15.0,2,0,0.0,1,-1.0,237,297,0.4,15.9,2.0,1.5,3.9,82.0,8.0,100.0,100.0,67.0,14.0,791.0,92.0,787.0,90.0,248.0,14.0,,,,,,,,0.01,0.0,0.01,1.19,3.12,0.34,1.39,1.01,0.0,27,2,90,0,0,0,2,0,0,0,0,0,5,1,0,20,255,934,0.0,0.18,0.0,0.18,1.3499999999999979,0.0,0.0,0.0,0.0,0,2,12,0
471,Mark,Gillespie,Gillespie,a,,,3.9,741,71.0,0.1,435,65.0,0.0,424.0,30.0,0,0,0.0,-1,1.0,4,3,0.0,0.0,0.0,-0.5,0.0,539.0,39.0,,,528.0,39.0,518.0,24.0,483.0,10.0,531.0,39.0,,,,,,,,0.0,0.0,0.0,0.0,0.0,0.0,0.0,0.0,0.0,27,0,0,0,0,0,0,0,0,0,0,0,0,0,0,0,5,5,0.0,0.0,0.0,0.0,0.0,0.0,0.0,0.0,0.0,0,0,0,0
472,Odysseas,Vlachodimos,Odysseas,u,Has joined Sevilla on loan for the rest of the season.,,4.0,664,44.0,0.0,712,82.0,0.0,462.0,55.0,0,0,0.0,0,0.0,0,1,0.0,0.0,0.0,0.0,0.0,575.0,64.0,0.0,0.0,564.0,64.0,556.0,51.0,522.0,37.0,567.0,64.0,,,,,,,,0.0,0.0,0.0,0.0,0.0,0.0,0.0,0.0,0.0,27,0,0,0,0,0,0,0,0,0,0,0,0,0,0,0,0,1,0.0,0.0,0.0,0.0,0.0,0.0,0.0,0.0,0.0,0,0,0,0
473,Lewis,Hall,Hall,a,,,5.3,202,25.0,2.4,121,47.0,2.4,146.0,51.0,7,0,0.0,-2,2.0,1117,513,0.5,11.9,2.4,1.9,3.1,175.0,68.0,100.0,100.0,130.0,58.0,108.0,30.0,227.0,59.0,144.0,45.0,4.0,,,,,,,0.04,0.12,0.16,1.37,0.0,0.19,1.68,0.97,8.03,27,7,90,1,0,0,2,0,0,0,0,0,0,1,0,18,1196,1640,0.0,0.08000000000000007,0.010000000000000009,0.0900000000000003,1.3500000000000014,0.0,0.0,0.0,0.0,4,4,8,8
474,Fabian,Schär,Schär,i,Ankle injury - Expected back 18 Apr,,5.2,207,27.0,1.2,176,67.0,0.0,763.0,260.0,0,0,0.0,-3,3.0,4,152,0.0,9.8,0.0,0.0,3.2,159.0,63.0,0.0,0.0,181.0,74.0,302.0,100.0,222.0,58.0,241.0,81.0,,3.0,4.0,,,,,0.08,0.05,0.13,1.14,0.0,0.33,1.07,0.91,9.5,27,0,0,0,0,0,0,0,0,0,0,0,0,0,0,0,5,215,0.0,0.0,0.0,0.0,0.0,0.0,0.0,0.0,0.0,0,0,0,0
475,Sven,Botman,Botman,d,Back injury - 75% chance of playing,,4.9,313,49.0,0.4,285,105.0,2.4,139.0,50.0,0,0,0.0,-1,1.0,3,96,0.5,10.8,1.8,1.4,3.5,120.0,45.0,75.0,75.0,142.0,64.0,333.0,114.0,191.0,45.0,223.0,73.0,,,,,,,,0.11,0.02,0.13,1.24,0.0,0.34,1.44,1.02,8.92,27,0,0,0,0,0,0,0,0,0,0,0,0,0,0,0,5,138,0.0,0.0,0.0,0.0,0.0,0.0,0.0,0.0,0.0,0,0,0,0
476,Dan,Burn,Burn,a,,,5.0,242,36.0,3.2,103,39.0,1.0,266.0,98.0,2,0,0.0,0,0.0,483,189,0.2,14.4,1.0,0.5,3.8,88.0,31.0,100.0,100.0,154.0,67.0,267.0,86.0,269.0,77.0,235.0,78.0,,,,,,,,0.01,0.02,0.03,1.06,0.0,0.35,1.41,1.06,9.25,27,2,90,0,0,0,2,0,0,0,1,0,0,1,0,1,549,288,0.0,0.0,0.0,0.0,1.3500000000000014,0.0,0.0,0.0,0.0,2,9,5,11
477,Tino,Livramento,Livramento,i,Hamstring injury - Expected back 04 Mar,,4.9,327,52.0,1.9,137,54.0,0.0,727.0,254.0,0,0,0.0,-1,1.0,2,141,0.0,10.0,0.0,0.0,3.8,87.0,30.0,0.0,0.0,260.0,106.0,165.0,38.0,339.0,110.0,272.0,92.0,,,,,,,,0.01,0.05,0.06,0.94,0.0,0.43,0.86,0.94,4.98,27,0,0,0,0,0,0,0,0,0,0,0,0,0,0,0,2,188,0.0,0.0,0.0,0.0,0.0,0.0,0.0,0.0,0.0,0,0,0,0
478,Kieran,Trippier,Trippier,a,,,4.9,286,43.0,1.3,163,64.0,1.0,261.0,96.0,0,0,0.0,-1,1.0,160,57,0.2,8.4,1.0,0.5,2.7,239.0,95.0,100.0,100.0,254.0,103.0,51.0,6.0,402.0,148.0,203.0,66.0,2.0,2.0,,,,,,0.0,0.13,0.13,1.16,0.0,0.37,1.54,1.03,4.18,27,0,90,0,0,0,2,0,0,0,1,0,0,1,0,6,181,86,0.0,0.0,0.1100000000000001,0.1100000000000001,1.3499999999999996,0.0,0.0,0.0,0.0,1,0,3,1
479,Emil,Krafth,Krafth,i,Knee injury - Unknown return date,,4.3,575,124.0,0.0,623,223.0,0.0,544.0,231.0,0,0,0.0,-2,2.0,1,3,0.0,0.0,0.0,0.0,0.0,641.0,249.0,0.0,0.0,486.0,174.0,459.0,167.0,600.0,247.0,492.0,174.0,,,,,,,,0.0,0.0,0.0,0.5,0.0,0.0,4.0,2.0,2.0,27,0,0,0,0,0,0,0,0,0,0,0,0,0,0,0,1,4,0.0,0.0,0.0,0.0,0.0,0.0,0.0,0.0,0.0,0,0,0,0
480,Jamaal,Lascelles,Lascelles,u,has joined Leicester City permanently.,,4.3,573,122.0,0.0,586,209.0,0.0,543.0,230.0,0,0,0.0,-2,2.0,0,2,0.0,0.2,0.0,0.0,0.5,511.0,178.0,0.0,0.0,453.0,167.0,626.0,248.0,414.0,156.0,466.0,167.0,,,,,,,,0.19,0.0,0.19,2.61,0.0,0.0,9.47,0.0,23.68,27,0,0,0,0,0,0,0,0,0,0,0,0,0,0,0,0,3,0.0,0.0,0.0,0.0,0.0,0.0,0.0,0.0,0.0,0,0,0,0
481,Alex,Murphy,A.Murphy,a,,,3.8,803,252.0,0.7,220,83.0,0.2,353.0,125.0,0,0,0.0,-2,2.0,57,67,0.1,0.3,0.2,-0.3,1.0,448.0,161.0,,,480.0,172.0,505.0,192.0,469.0,183.0,497.0,175.0,,,,,,,,0.0,0.0,0.0,24.3,0.0,0.0,90.0,0.0,90.0,27,0,0,0,0,0,0,0,0,0,0,0,0,0,0,0,81,93,0.0,0.0,0.0,0.0,0.0,0.0,0.0,0.0,0.0,0,0,0,0
482,Harrison,Ashby,Ashby,u,has joined Bradford City on loan for the rest of the season.,,3.9,756,219.0,0.1,454,166.0,0.0,435.0,171.0,0,0,0.0,-1,1.0,0,6,0.0,0.0,0.0,0.0,0.0,549.0,201.0,0.0,0.0,538.0,200.0,528.0,200.0,493.0,192.0,541.0,200.0,,,,,,,,0.0,0.0,0.0,0.0,0.0,0.0,0.0,0.0,0.0,27,0,0,0,0,0,0,0,0,0,0,0,0,0,0,0,0,11,0.0,0.0,0.0,0.0,0.0,0.0,0.0,0.0,0.0,0,0,0,0
483,Miodrag,Pivaš,Pivas,a,,,3.8,809,258.0,0.4,286,106.0,0.0,416.0,166.0,0,0,0.0,-2,2.0,29,25,0.0,0.0,0.0,-0.5,0.0,531.0,197.0,,,520.0,196.0,509.0,196.0,474.0,188.0,523.0,196.0,,,,,,,,0.0,0.0,0.0,0.0,0.0,0.0,0.0,0.0,0.0,27,0,0,0,0,0,0,0,0,0,0,0,0,0,0,0,44,38,0.0,0.0,0.0,0.0,0.0,0.0,0.0,0.0,0.0,0,0,0,0
484,Matt,Targett,Targett,u,has joined Middlesbrough on loan for the rest of the season.,,4.0,668,165.0,0.1,424,157.0,0.0,465.0,183.0,0,0,0.0,0,0.0,0,6,0.0,0.0,0.0,0.0,0.0,578.0,212.0,0.0,0.0,567.0,211.0,559.0,211.0,526.0,205.0,570.0,211.0,,,,,,,,0.0,0.0,0.0,0.0,0.0,0.0,0.0,0.0,0.0,27,0,0,0,0,0,0,0,0,0,0,0,0,0,0,0,0,9,0.0,0.0,0.0,0.0,0.0,0.0,0.0,0.0,0.0,0,0,0,0
485,Anthony,Gordon,Gordon,a,,,7.2,31,19.0,2.3,126,41.0,3.0,101.0,48.0,2,0,0.0,-3,3.0,3392,217,0.4,9.4,3.0,2.5,3.2,165.0,72.0,100.0,100.0,204.0,86.0,65.0,52.0,51.0,32.0,79.0,46.0,,,2.0,,,,,0.37,0.2,0.57,1.12,0.0,0.39,1.63,1.24,4.3,27,2,77,0,0,0,2,0,0,0,0,0,0,1,0,6,4042,613,0.0,0.1299999999999999,0.010000000000000231,0.14000000000000057,0.9899999999999984,0.0,0.0,0.0,0.0,0,0,1,1
486,Anthony,Elanga,Elanga,a,,,6.5,52,33.0,2.6,115,35.0,1.6,215.0,90.0,2,0,0.0,-5,5.0,132,79,0.2,5.5,1.6,1.1,1.6,399.0,179.0,100.0,100.0,330.0,150.0,126.0,87.0,196.0,107.0,242.0,122.0,,,,,,,,0.11,0.12,0.23,1.31,0.0,0.18,1.99,0.91,3.53,27,2,77,0,0,0,2,0,0,0,0,0,0,1,0,6,151,127,0.0,0.010000000000000009,0.030000000000000027,0.040000000000000036,0.9900000000000002,0.0,0.0,0.0,0.0,0,0,2,2
487,Harvey,Barnes,Barnes,a,,,6.1,82,53.0,1.3,170,56.0,1.6,213.0,88.0,0,0,0.0,-4,4.0,410,387,0.3,12.5,1.6,1.1,2.9,211.0,87.0,,,182.0,72.0,99.0,72.0,23.0,11.0,52.0,36.0,,,,,,,,0.35,0.13,0.48,1.22,0.0,0.26,1.35,0.9,4.81,27,0,30,0,0,0,0,0,0,0,1,0,0,0,0,245,481,1040,0.0,0.009999999999999787,0.010000000000000009,0.019999999999999574,0.5700000000000003,0.0,0.0,0.0,0.0,0,0,0,0
488,Bruno,Guimarães Rodriguez Moura,Bruno G.,i,Hamstring injury - Expected back 11 Apr,,6.9,38,23.0,7.7,50,17.0,2.8,112.0,53.0,0,0,0.0,4,-4.0,78,20358,0.4,19.4,0.0,0.0,5.8,6.0,4.0,0.0,0.0,9.0,4.0,10.0,10.0,46.0,28.0,10.0,8.0,,,,,,,,0.21,0.16,0.37,1.16,0.0,0.27,1.38,0.98,8.92,27,0,0,0,0,0,0,0,0,0,0,0,0,0,0,0,87,33574,0.0,0.0,0.0,0.0,0.0,0.0,0.0,0.0,0.0,0,0,0,0
489,Jacob,Murphy,J.Murphy,a,,,5.9,90,56.0,0.6,237,83.0,0.6,315.0,142.0,1,0,0.0,-6,6.0,51,39,0.1,9.2,0.6,0.1,2.5,277.0,118.0,100.0,100.0,238.0,103.0,76.0,57.0,80.0,49.0,116.0,65.0,,,,,,,,0.23,0.19,0.42,1.16,0.0,0.49,0.99,1.07,4.28,27,1,12,0,0,0,0,0,0,0,0,0,0,0,0,3,65,71,0.0,0.0,0.0,0.0,0.35999999999999943,0.0,0.0,0.0,0.0,0,0,2,2
490,Joelinton Cássio,Apolinário de Lira,Joelinton,a,,,5.9,93,59.0,0.3,330,113.0,0.0,793.0,351.0,0,0,0.0,-1,1.0,71,26,0.0,9.5,0.0,-0.5,2.8,230.0,94.0,100.0,100.0,206.0,88.0,135.0,94.0,83.0,52.0,130.0,70.0,,,,,,,,0.11,0.06,0.17,1.15,0.0,0.32,1.16,1.1,11.23,27,0,30,0,0,0,0,0,0,0,1,0,0,0,0,238,86,41,0.0,0.030000000000000027,0.010000000000000009,0.03999999999999959,0.5700000000000003,0.0,0.0,0.0,0.0,1,1,1,3
491,Sandro,Tonali,Tonali,a,,,5.3,197,122.0,1.0,187,65.0,2.2,160.0,72.0,2,0,0.0,-2,2.0,291,84,0.4,11.9,2.2,1.7,2.3,297.0,130.0,100.0,100.0,192.0,76.0,72.0,54.0,160.0,89.0,124.0,68.0,1.0,1.0,,,,,,0.07,0.09,0.16,1.15,0.0,0.34,1.31,1.11,9.5,27,2,90,0,0,0,2,0,0,0,0,0,0,1,0,13,365,139,0.0,0.0,0.17999999999999994,0.17999999999999972,1.3499999999999979,0.0,0.0,0.0,0.0,1,0,5,6
492,Antoñito,Cordero Campillo,Antoñito C.,u,has joined Cadiz on loan for the rest of the season.,,4.9,349,218.0,0.0,674,274.0,0.0,738.0,312.0,0,0,0.0,-1,1.0,0,1,0.0,0.0,0.0,0.0,0.0,777.0,338.0,0.0,0.0,776.0,337.0,773.0,338.0,768.0,336.0,777.0,338.0,,,,,,,,0.0,0.0,0.0,0.0,0.0,0.0,0.0,0.0,0.0,27,0,0,0,0,0,0,0,0,0,0,0,0,0,0,0,0,1,0.0,0.0,0.0,0.0,0.0,0.0,0.0,0.0,0.0,0,0,0,0
494,Joe,Willock,Willock,a,,,5.0,248,150.0,0.1,499,179.0,1.2,245.0,106.0,0,0,0.0,0,0.0,22,6,0.2,4.0,1.2,0.7,1.2,439.0,197.0,100.0,100.0,397.0,176.0,277.0,161.0,278.0,150.0,361.0,172.0,,,,,,,,0.14,0.06,0.2,1.72,0.0,0.36,1.97,1.08,9.5,27,0,59,0,0,0,2,0,0,0,1,0,0,1,0,78,24,9,0.0,0.07000000000000006,0.009999999999999953,0.07999999999999985,0.7899999999999991,0.0,0.0,0.0,0.0,0,0,5,5
495,Isaac,Hayden,Hayden,u,Has departed the club as a free agent.,,4.5,411,251.0,0.0,763,327.0,0.0,611.0,218.0,0,0,0.0,0,0.0,0,0,0.0,0.0,0.0,0.0,0.0,689.0,269.0,0.0,0.0,682.0,263.0,677.0,267.0,657.0,259.0,685.0,266.0,,,,,,,,0.0,0.0,0.0,0.0,0.0,0.0,0.0,0.0,0.0,27,0,0,0,0,0,0,0,0,0,0,0,0,0,0,0,0,0,0.0,0.0,0.0,0.0,0.0,0.0,0.0,0.0,0.0,0,0,0,0
496,Garang,Kuol,Kuol,u,has joined Sparta Prague permanently.,,4.4,557,333.0,0.0,629,246.0,0.0,596.0,209.0,0,0,0.0,-1,1.0,0,1,0.0,0.0,0.0,0.0,0.0,678.0,263.0,0.0,0.0,669.0,255.0,665.0,260.0,644.0,251.0,672.0,258.0,,,,,,,,0.0,0.0,0.0,0.0,0.0,0.0,0.0,0.0,0.0,27,0,0,0,0,0,0,0,0,0,0,0,0,0,0,0,0,1,0.0,0.0,0.0,0.0,0.0,0.0,0.0,0.0,0.0,0,0,0,0
497,Lewis,Miley,L.Miley,i,Dead leg - Expected back 04 Mar,,4.5,464,281.0,2.7,113,34.0,0.4,331.0,147.0,0,0,0.0,0,0.0,29,1477,0.1,12.9,0.0,0.0,3.1,171.0,74.0,0.0,0.0,193.0,77.0,133.0,93.0,190.0,105.0,178.0,97.0,,,,,,,,0.11,0.16,0.27,1.08,0.0,0.16,1.27,0.87,9.77,27,0,0,0,0,0,0,0,0,0,0,0,0,0,0,0,50,2611,0.0,0.0,0.0,0.0,0.0,0.0,0.0,0.0,0.0,0,0,0,0
684,Malick,Thiaw,Thiaw,a,,,5.0,262,40.0,4.3,82,27.0,2.8,106.0,38.0,1,0,0.0,0,0.0,2241,1133,0.6,19.6,2.8,2.3,4.1,57.0,24.0,,,19.0,8.0,261.0,81.0,74.0,3.0,67.0,13.0,,,,,,,,0.12,0.03,0.15,1.36,0.0,0.18,1.6,1.02,9.19,27,1,90,0,0,0,2,0,0,0,0,0,0,1,0,15,2621,2408,0.0,0.010000000000000231,0.0,0.010000000000000231,1.3499999999999979,0.0,0.0,0.0,0.0,3,6,2,9
689,Seung-Soo,Park,Seung soo,a,,,4.3,621,365.0,0.5,262,90.0,0.0,572.0,197.0,0,0,0.0,-2,2.0,359,143,0.0,0.0,0.0,-0.5,0.0,660.0,254.0,,,649.0,244.0,646.0,250.0,622.0,239.0,652.0,247.0,,,,,,,,0.0,0.0,0.0,0.0,0.0,0.0,0.0,0.0,0.0,27,0,0,0,0,0,0,0,0,0,0,0,0,0,0,0,509,198,0.0,0.0,0.0,0.0,0.0,0.0,0.0,0.0,0.0,0,0,0,0
753,John,Ruddy,Ruddy,a,,,4.0,657,39.0,0.0,694,81.0,0.0,458.0,52.0,0,0,0.0,0,0.0,3,3,0.0,0.0,0.0,-0.5,0.0,571.0,61.0,,,560.0,61.0,550.0,46.0,516.0,32.0,563.0,61.0,,,,,,,,0.0,0.0,0.0,0.0,0.0,0.0,0.0,0.0,0.0,27,0,0,0,0,0,0,0,0,0,0,0,0,0,0,0,6,3,0.0,0.0,0.0,0.0,0.0,0.0,0.0,0.0,0.0,0,0,0,0
765,Leo,Shahar,Shahar,a,,,4.0,711,189.0,0.0,661,232.0,0.0,503.0,202.0,0,0,0.0,0,0.0,5,13,0.0,0.0,0.0,-0.5,0.0,613.0,229.0,,,602.0,228.0,595.0,228.0,563.0,223.0,605.0,228.0,,,,,,,,0.0,0.0,0.0,0.0,0.0,0.0,0.0,0.0,0.0,27,0,0,0,0,0,0,0,0,0,0,0,0,0,0,0,9,15,0.0,0.0,0.0,0.0,0.0,0.0,0.0,0.0,0.0,0,0,0,0
772,Sam,Alabi,Alabi,a,,,4.5,512,316.0,0.0,783,342.0,0.0,687.0,276.0,0,0,0.0,0,0.0,7,2,0.0,0.0,0.0,-0.5,0.0,750.0,318.0,,,749.0,317.0,744.0,318.0,730.0,314.0,750.0,318.0,,,,,,,,0.0,0.0,0.0,0.0,0.0,0.0,0.0,0.0,0.0,27,0,0,0,0,0,0,0,0,0,0,0,0,0,0,0,8,4,0.0,0.0,0.0,0.0,0.0,0.0,0.0,0.0,0.0,0,0,0,0
12,Oleksandr,Zinchenko,Zinchenko,u,has joined Ajax permanently.,,4.9,304,47.0,0.2,362,132.0,0.0,716.0,252.0,0,0,0.0,-1,1.0,0,22,0.0,1.4,0.0,0.0,1.4,423.0,152.0,0.0,0.0,363.0,137.0,273.0,88.0,369.0,128.0,365.0,126.0,,,,,,,,0.02,0.09,0.11,1.28,0.0,0.0,1.53,1.02,6.14,27,0,0,0,0,0,0,0,0,0,0,0,0,0,0,0,0,27,0.0,0.0,0.0,0.0,0.0,0.0,0.0,0.0,0.0,0,0,0,0
400,Stefan,Ortega Moreno,Ortega Moreno,a,,,4.7,376,15.0,0.2,382,55.0,1.6,209.0,17.0,0,0,0.0,-3,3.0,46,18,0.3,1.7,1.6,1.1,4.0,67.0,5.0,,,409.0,30.0,748.0,88.0,737.0,80.0,449.0,30.0,,,,,,,,0.0,0.0,0.0,1.46,2.5,0.5,1.5,1.0,0.0,27,0,0,0,0,0,0,0,0,0,0,0,0,0,0,0,71,43,0.0,0.0,0.0,0.0,0.0,0.0,0.0,0.0,0.0,0,0,0,0
426,James,McAtee,McAtee,a,,,5.0,257,157.0,0.1,496,178.0,0.0,743.0,315.0,0,0,0.0,-5,5.0,10,4,0.0,1.2,0.0,-0.5,0.9,504.0,237.0,,,448.0,200.0,345.0,186.0,409.0,200.0,429.0,195.0,,,,,,,,0.01,0.09,0.1,1.9,0.0,0.0,3.73,0.53,5.86,27,0,0,0,0,0,0,0,0,0,0,0,0,0,0,0,10,9,0.0,0.0,0.0,0.0,0.0,0.0,0.0,0.0,0.0,0,0,0,0
502,Matz,Sels,Sels,i,Groin Injury - Unknown return date,,4.6,396,18.0,4.9,70,12.0,1.4,227.0,19.0,0,0,0.0,-4,4.0,3,1072,0.3,13.3,0.0,0.0,3.0,189.0,18.0,0.0,0.0,79.0,15.0,420.0,8.0,735.0,78.0,258.0,15.0,,,,,,,,0.0,0.0,0.0,1.52,2.95,0.21,1.45,1.02,0.0,27,0,0,0,0,0,0,0,0,0,0,0,0,0,0,0,5,1813,0.0,0.0,0.0,0.0,0.0,0.0,0.0,0.0,0.0,0,0,0,0
503,Carlos Miguel,dos Santos Pereira,C.Miguel,u,Has joined Palmeiras permanently.,,4.0,688,56.0,0.1,548,76.0,0.0,482.0,67.0,0,0,0.0,0,0.0,0,3,0.0,0.0,0.0,0.0,0.0,594.0,75.0,0.0,0.0,583.0,75.0,576.0,63.0,543.0,49.0,586.0,75.0,,,,,,,,0.0,0.0,0.0,0.0,0.0,0.0,0.0,0.0,0.0,27,0,0,0,0,0,0,0,0,0,0,0,0,0,0,0,0,3,0.0,0.0,0.0,0.0,0.0,0.0,0.0,0.0,0.0,0,0,0,0
504,Matt,Turner,Turner,u,Has joined Lyon permanently.,,4.0,672,47.0,0.1,519,75.0,0.0,469.0,58.0,0,0,0.0,0,0.0,0,3,0.0,0.0,0.0,0.0,0.0,581.0,66.0,0.0,0.0,570.0,66.0,563.0,54.0,530.0,40.0,573.0,66.0,,,,,,,,0.0,0.0,0.0,0.0,0.0,0.0,0.0,0.0,0.0,27,0,0,0,0,0,0,0,0,0,0,0,0,0,0,0,0,4,0.0,0.0,0.0,0.0,0.0,0.0,0.0,0.0,0.0,0,0,0,0
505,Nikola,Milenković,Milenković,a,,,5.1,229,31.0,3.2,105,41.0,3.6,55.0,21.0,0,0,0.0,-4,4.0,263,259,0.7,14.9,3.6,3.1,2.9,207.0,81.0,,,63.0,29.0,355.0,123.0,242.0,67.0,185.0,59.0,,,,,,,,0.03,0.02,0.05,1.44,0.0,0.23,1.46,1.0,8.27,27,0,0,0,0,0,0,0,0,0,0,0,0,0,0,0,330,479,0.0,0.0,0.0,0.0,0.0,0.0,0.0,0.0,0.0,0,0,0,0
506,Murillo,Costa dos Santos,Murillo,a,,,5.2,220,29.0,1.9,135,52.0,2.0,183.0,67.0,0,0,0.0,-3,3.0,367,153,0.4,12.3,2.0,1.5,3.6,109.0,41.0,100.0,100.0,81.0,35.0,263.0,83.0,276.0,80.0,198.0,65.0,,3.0,,,,,,0.03,0.02,0.05,1.43,0.0,0.23,1.34,1.05,9.7,27,0,0,0,0,0,0,0,0,0,0,0,0,0,0,0,456,298,0.0,0.0,0.0,0.0,0.0,0.0,0.0,0.0,0.0,0,0,0,0
507,Ola,Aina,Aina,a,,,4.7,380,64.0,2.3,125,48.0,4.2,33.0,11.0,0,0,0.0,-3,3.0,424,276,0.9,7.4,4.2,3.7,3.5,118.0,44.0,100.0,100.0,284.0,111.0,230.0,61.0,304.0,95.0,309.0,103.0,,,,,,,,0.03,0.06,0.09,1.63,0.0,0.31,1.23,1.03,7.18,27,0,0,0,0,0,0,0,0,0,0,0,0,0,0,0,614,497,0.0,0.0,0.0,0.0,0.0,0.0,0.0,0.0,0.0,0,0,0,0
508,Neco,Williams,N.Williams,a,,,4.7,384,65.0,2.9,110,45.0,2.8,103.0,37.0,0,0,0.0,-3,3.0,95,193,0.6,16.8,2.8,2.3,3.2,157.0,62.0,100.0,100.0,41.0,17.0,44.0,4.0,89.0,8.0,40.0,2.0,4.0,,,,,,,0.06,0.12,0.18,1.39,0.0,0.25,1.43,1.02,6.82,27,0,0,0,0,0,0,0,0,0,0,0,0,0,0,0,149,406,0.0,0.0,0.0,0.0,0.0,0.0,0.0,0.0,0.0,0,0,0,0
509,David,Mota Veiga Teixeira do Carmo,David Carmo,u,has joined Real Oviedo on loan for the rest of the season.,,4.5,434,86.0,0.0,675,235.0,0.0,626.0,245.0,0,0,0.0,0,0.0,0,0,0.0,0.0,0.0,0.0,0.0,700.0,257.0,0.0,0.0,693.0,256.0,690.0,256.0,672.0,256.0,696.0,256.0,,,,,,,,0.0,0.0,0.0,0.0,0.0,0.0,0.0,0.0,0.0,27,0,0,0,0,0,0,0,0,0,0,0,0,0,0,0,0,0,0.0,0.0,0.0,0.0,0.0,0.0,0.0,0.0,0.0,0,0,0,0
510,Jair,Paula da Cunha Filho,Jair Cunha,a,,,4.2,645,155.0,0.1,555,199.0,0.0,538.0,228.0,0,0,0.0,-3,3.0,0,4,0.0,0.7,0.0,-0.5,3.0,184.0,72.0,,,432.0,161.0,473.0,174.0,595.0,245.0,461.0,166.0,,,,,,,,0.0,0.0,0.0,3.28,0.0,0.0,2.0,1.0,11.0,27,0,0,0,0,0,0,0,0,0,0,0,0,0,0,0,0,5,0.0,0.0,0.0,0.0,0.0,0.0,0.0,0.0,0.0,0,0,0,0
513,Zach,Abbott,Abbott,a,,,3.8,806,255.0,0.3,334,120.0,0.2,354.0,126.0,0,0,0.0,-2,2.0,38,27,0.1,0.5,0.2,-0.3,1.0,450.0,163.0,,,435.0,163.0,436.0,158.0,472.0,186.0,455.0,164.0,,,,,,,,0.0,0.01,0.01,2.35,0.0,0.0,3.0,0.75,7.5,27,0,0,0,0,0,0,0,0,0,0,0,0,0,0,0,51,30,0.0,0.0,0.0,0.0,0.0,0.0,0.0,0.0,0.0,0,0,0,0
515,Morgan,Gibbs-White,Gibbs-White,a,,,7.3,26,16.0,3.5,96,31.0,3.8,45.0,22.0,0,0,0.0,-2,2.0,572,701,0.5,14.1,3.8,3.3,4.0,78.0,36.0,100.0,100.0,76.0,25.0,18.0,18.0,24.0,12.0,18.0,14.0,,2.0,2.0,,,,,0.26,0.08,0.34,1.49,0.0,0.24,1.43,1.02,5.1,27,0,0,0,0,0,0,0,0,0,0,0,0,0,0,0,720,1970,0.0,0.0,0.0,0.0,0.0,0.0,0.0,0.0,0.0,0,0,0,0
516,Callum,Hudson-Odoi,Hudson-Odoi,a,,,5.7,115,72.0,0.7,222,77.0,1.8,199.0,84.0,0,0,0.0,-3,3.0,68,96,0.3,11.4,1.8,1.3,2.7,245.0,101.0,100.0,100.0,195.0,78.0,29.0,28.0,82.0,51.0,65.0,42.0,,,,,,,,0.13,0.12,0.25,1.56,0.0,0.25,1.41,0.98,5.21,27,0,0,0,0,0,0,0,0,0,0,0,0,0,0,0,93,203,0.0,0.0,0.0,0.0,0.0,0.0,0.0,0.0,0.0,0,0,0,0
517,Elliot,Anderson,Anderson,a,,,5.4,169,103.0,6.0,60,22.0,4.2,35.0,17.0,0,0,0.0,-1,1.0,2818,731,0.8,20.9,4.2,3.7,4.3,44.0,22.0,,,27.0,7.0,7.0,7.0,111.0,65.0,17.0,13.0,2.0,,4.0,,,,,0.08,0.11,0.19,1.44,0.0,0.23,1.46,1.0,13.92,27,0,0,0,0,0,0,0,0,0,0,0,0,0,0,0,3847,2059,0.0,0.0,0.0,0.0,0.0,0.0,0.0,0.0,0.0,0,0,0,0
518,João Pedro,Ferreira da Silva,Jota,u,has joined Besiktas on loan for the rest of the season.,,5.4,180,111.0,0.0,618,240.0,0.0,781.0,342.0,0,0,0.0,-1,1.0,0,0,0.0,0.2,0.0,0.0,1.0,500.0,235.0,0.0,0.0,470.0,214.0,472.0,228.0,432.0,215.0,477.0,221.0,,,,,,,,0.0,0.0,0.0,0.0,0.0,0.0,0.0,0.0,24.55,27,0,0,0,0,0,0,0,0,0,0,0,0,0,0,0,0,0,0.0,0.0,0.0,0.0,0.0,0.0,0.0,0.0,0.0,0,0,0,0
519,Nicolás,Domínguez,Dominguez,a,,,5.0,256,156.0,0.0,626,244.0,1.0,267.0,116.0,0,0,0.0,0,0.0,2,9,0.2,6.6,1.0,0.5,2.1,317.0,139.0,100.0,100.0,274.0,118.0,196.0,131.0,214.0,117.0,260.0,128.0,3.0,,,,,,,0.12,0.04,0.16,1.64,0.0,0.33,1.67,1.33,9.11,27,0,0,0,0,0,0,0,0,0,0,0,0,0,0,0,3,17,0.0,0.0,0.0,0.0,0.0,0.0,0.0,0.0,0.0,0,0,0,0
520,Lewis,O'Brien,O'Brien,u,Has joined Wrexham permanently.,,5.0,254,155.0,0.0,814,364.0,0.0,742.0,314.0,0,0,0.0,0,0.0,0,0,0.0,0.0,0.0,0.0,0.0,780.0,340.0,0.0,0.0,779.0,339.0,777.0,340.0,774.0,338.0,780.0,340.0,,,,,,,,0.0,0.0,0.0,0.0,0.0,0.0,0.0,0.0,0.0,27,0,0,0,0,0,0,0,0,0,0,0,0,0,0,0,0,0,0.0,0.0,0.0,0.0,0.0,0.0,0.0,0.0,0.0,0,0,0,0
521,Ibrahim,Sangaré,Sangaré,a,,,4.9,308,192.0,0.1,544,199.0,2.2,157.0,70.0,0,0,0.0,-1,1.0,7,7,0.4,12.4,2.2,1.7,3.4,131.0,58.0,100.0,100.0,179.0,71.0,222.0,142.0,224.0,123.0,221.0,112.0,,,,,,,,0.07,0.09,0.16,1.47,0.0,0.41,1.16,1.1,10.62,27,0,0,0,0,0,0,0,0,0,0,0,0,0,0,0,9,20,0.0,0.0,0.0,0.0,0.0,0.0,0.0,0.0,0.0,0,0,0,0
522,Ryan,Yates,Yates,a,,,4.7,383,239.0,0.1,550,200.0,0.4,333.0,148.0,0,0,0.0,-3,3.0,5,5,0.1,3.6,0.4,-0.1,1.3,427.0,191.0,100.0,100.0,378.0,168.0,338.0,184.0,350.0,184.0,381.0,179.0,,,,,,,,0.02,0.05,0.07,0.9,0.0,0.0,1.23,0.25,8.83,27,0,0,0,0,0,0,0,0,0,0,0,0,0,0,0,8,6,0.0,0.0,0.0,0.0,0.0,0.0,0.0,0.0,0.0,0,0,0,0
523,Eric,da Silva Moreira,Da Silva Moreira,a,,,4.5,475,289.0,0.1,574,212.0,0.0,655.0,252.0,0,0,0.0,0,0.0,10,3,0.0,0.0,0.0,-0.5,0.0,724.0,298.0,100.0,100.0,720.0,295.0,716.0,297.0,701.0,292.0,722.0,297.0,,,,,,,,0.0,0.0,0.0,0.0,0.0,0.0,0.0,0.0,0.0,27,0,0,0,0,0,0,0,0,0,0,0,0,0,0,0,13,3,0.0,0.0,0.0,0.0,0.0,0.0,0.0,0.0,0.0,0,0,0,0
524,Marko,Stamenić,Stamenic,u,Has joined Swansea City permanently.,,4.5,451,269.0,0.0,690,284.0,0.0,635.0,235.0,0,0,0.0,0,0.0,0,0,0.0,0.0,0.0,0.0,0.0,708.0,284.0,0.0,0.0,702.0,279.0,699.0,282.0,682.0,275.0,704.0,281.0,,,,,,,,0.0,0.0,0.0,0.0,0.0,0.0,0.0,0.0,0.0,27,0,0,0,0,0,0,0,0,0,0,0,0,0,0,0,0,0,0.0,0.0,0.0,0.0,0.0,0.0,0.0,0.0,0.0,0,0,0,0
525,Chris,Wood,Wood,i,Knee injury - Unknown return date,,7.2,28,11.0,4.6,77,14.0,0.0,814.0,90.0,0,0,0.0,-3,3.0,9,149,0.0,3.5,0.0,0.0,3.1,179.0,16.0,0.0,0.0,368.0,37.0,335.0,39.0,135.0,32.0,321.0,36.0,,,1.0,,,,,0.47,0.02,0.49,1.31,0.0,0.17,1.34,1.17,2.34,27,0,0,0,0,0,0,0,0,0,0,0,0,0,0,0,10,181,0.0,0.0,0.0,0.0,0.0,0.0,0.0,0.0,0.0,0,0,0,0
526,Igor Jesus,Maciel da Cruz,Igor Jesus,a,,,5.8,109,32.0,1.3,169,29.0,2.6,125.0,16.0,0,0,0.0,-2,2.0,343,501,0.4,10.2,2.6,2.1,2.4,290.0,31.0,100.0,100.0,273.0,25.0,220.0,23.0,28.0,14.0,139.0,18.0,,,3.0,,,,,0.26,0.05,0.31,1.61,0.0,0.32,1.7,1.07,4.42,27,0,0,0,0,0,0,0,0,0,0,0,0,0,0,0,456,1178,0.0,0.0,0.0,0.0,0.0,0.0,0.0,0.0,0.0,0,0,0,0
527,Taiwo,Awoniyi,Awoniyi,a,,,5.2,210,48.0,0.3,317,52.0,1.2,246.0,30.0,0,0,0.0,-3,3.0,28,24,0.2,2.5,1.2,0.7,1.6,391.0,45.0,100.0,100.0,398.0,43.0,348.0,41.0,231.0,44.0,362.0,44.0,,,,,,,,0.38,0.17,0.55,1.5,0.0,0.0,0.88,0.44,5.29,27,0,0,0,0,0,0,0,0,0,0,0,0,0,0,0,36,38,0.0,0.0,0.0,0.0,0.0,0.0,0.0,0.0,0.0,0,0,0,0
669,Dan,Ndoye,Ndoye,a,,,5.5,148,92.0,0.7,219,76.0,0.6,313.0,141.0,0,0,0.0,-5,5.0,9,18,0.1,8.2,0.6,0.1,2.4,289.0,126.0,100.0,100.0,286.0,126.0,140.0,98.0,145.0,83.0,215.0,107.0,,,,,,,,0.08,0.13,0.21,1.2,0.0,0.17,1.33,1.17,7.51,27,0,0,0,0,0,0,0,0,0,0,0,0,0,0,0,15,25,0.0,0.0,0.0,0.0,0.0,0.0,0.0,0.0,0.0,0,0,0,0
675,Angus,Gunn,Gunn,a,,,4.0,662,43.0,1.1,180,23.0,0.2,356.0,23.0,0,0,0.0,0,0.0,22,26,0.0,0.2,0.2,-0.3,1.0,451.0,32.0,100.0,100.0,488.0,32.0,555.0,50.0,521.0,36.0,501.0,32.0,,,,,,,,0.0,0.0,0.0,0.42,0.0,0.0,0.0,0.0,0.0,27,0,0,0,0,0,0,0,0,0,0,0,0,0,0,0,28,36,0.0,0.0,0.0,0.0,0.0,0.0,0.0,0.0,0.0,0,0,0,0
693,Omari,Hutchinson,Hutchinson,a,,,5.4,179,110.0,0.1,511,184.0,1.6,211.0,87.0,0,0,0.0,-1,1.0,10,28,0.3,10.4,1.6,1.1,2.8,225.0,90.0,,,216.0,95.0,45.0,41.0,98.0,60.0,101.0,59.0,,,,,,,,0.15,0.26,0.41,1.35,0.0,0.26,1.31,0.78,7.14,27,0,0,0,0,0,0,0,0,0,0,0,0,0,0,0,17,50,0.0,0.0,0.0,0.0,0.0,0.0,0.0,0.0,0.0,0,0,0,0
696,Arnaud,Kalimuendo,Kalimuendo,u,has joined Eintracht Frankfurt on loan for the rest of the season.,,6.0,88,28.0,0.1,445,66.0,0.0,801.0,85.0,0,0,0.0,0,0.0,0,10,0.0,1.5,0.0,0.0,1.0,502.0,61.0,0.0,0.0,463.0,56.0,393.0,51.0,330.0,52.0,435.0,55.0,,,,,,,,0.44,0.02,0.46,1.59,0.0,0.0,3.03,0.0,6.07,27,0,0,0,0,0,0,0,0,0,0,0,0,0,0,0,0,11,0.0,0.0,0.0,0.0,0.0,0.0,0.0,0.0,0.0,0,0,0,0
715,John Victor,Maciel Furtado,John,i,Knee injury - Expected back 01 Jun,,4.0,670,46.0,0.3,296,39.0,0.0,467.0,57.0,0,0,0.0,0,0.0,8,66,0.0,2.8,0.0,0.0,2.2,302.0,26.0,0.0,0.0,395.0,29.0,561.0,53.0,528.0,39.0,437.0,29.0,,,,,,,,0.0,0.0,0.0,1.26,1.24,0.21,1.65,1.03,0.0,27,0,0,0,0,0,0,0,0,0,0,0,0,0,0,0,9,92,0.0,0.0,0.0,0.0,0.0,0.0,0.0,0.0,0.0,0,0,0,0
716,Nicolò,Savona,Savona,i,Knee injury - Unknown return date,,4.5,453,92.0,0.1,545,195.0,0.0,637.0,246.0,0,0,0.0,0,0.0,0,21,0.0,8.7,0.0,0.0,2.8,217.0,85.0,0.0,0.0,236.0,93.0,210.0,51.0,240.0,65.0,255.0,86.0,,,,,,,,0.12,0.04,0.16,1.32,0.0,0.26,1.58,0.97,5.0,27,0,0,0,0,0,0,0,0,0,0,0,0,0,0,0,0,35,0.0,0.0,0.0,0.0,0.0,0.0,0.0,0.0,0.0,0,0,0,0
729,Luis Eduardo,Soares da Silva,Cuiabano,u,has joined Vasco de Gama on loan for the rest of the season.,,4.5,474,94.0,0.0,811,265.0,0.0,654.0,247.0,0,0,0.0,0,0.0,0,0,0.0,0.0,0.0,0.0,0.0,723.0,258.0,0.0,0.0,719.0,257.0,715.0,257.0,700.0,257.0,721.0,257.0,,,,,,,,0.0,0.0,0.0,0.0,0.0,0.0,0.0,0.0,0.0,27,0,0,0,0,0,0,0,0,0,0,0,0,0,0,0,0,0,0.0,0.0,0.0,0.0,0.0,0.0,0.0,0.0,0.0,0,0,0,0
734,Dilane,Bakwa,Bakwa,a,,,5.9,100,65.0,0.0,677,276.0,0.0,799.0,357.0,0,0,0.0,-1,1.0,6,6,0.0,2.0,0.0,-0.5,1.5,417.0,188.0,100.0,100.0,401.0,178.0,227.0,143.0,272.0,147.0,346.0,165.0,,,,,,,,0.12,0.2,0.32,1.64,0.0,0.0,2.09,0.89,6.85,27,0,0,0,0,0,0,0,0,0,0,0,0,0,0,0,6,7,0.0,0.0,0.0,0.0,0.0,0.0,0.0,0.0,0.0,0,0,0,0
805,Lorenzo,Lucca,Lucca,a,,,5.5,149,38.0,0.0,654,84.0,1.8,196.0,27.0,0,0,0.0,0,0.0,16,39,0.3,1.3,1.8,1.3,3.5,125.0,10.0,,,422.0,48.0,452.0,59.0,354.0,53.0,436.0,56.0,,,,,,,,0.61,0.0,0.61,0.57,0.0,0.85,0.0,0.85,2.55,27,0,0,0,0,0,0,0,0,0,0,0,0,0,0,0,27,59,0.0,0.0,0.0,0.0,0.0,0.0,0.0,0.0,0.0,0,0,0,0
814,Luca,Netz,Netz,a,,,4.5,441,87.0,0.0,797,264.0,0.3,351.0,124.0,0,0,0.0,0,0.0,1,2,0.1,0.2,0.3,-0.2,1.0,473.0,171.0,,,493.0,175.0,462.0,170.0,442.0,165.0,488.0,172.0,,,,,,,,0.0,2.31,2.31,0.0,0.0,0.0,0.0,0.0,0.0,27,0,0,0,0,0,0,0,0,0,0,0,0,0,0,0,1,2,0.0,0.0,0.0,0.0,0.0,0.0,0.0,0.0,0.0,0,0,0,0
531,Daniel,Ballard,Ballard,a,,,4.6,399,68.0,3.1,107,42.0,3.2,79.0,31.0,0,0,0.0,1,-1.0,436,357,0.7,21.1,3.2,3.2,4.4,36.0,13.0,100.0,100.0,44.0,19.0,214.0,54.0,58.0,2.0,71.0,16.0,,,,,,,,0.12,0.03,0.15,1.35,0.0,0.27,1.24,0.97,10.88,27,0,0,0,0,0,0,0,0,0,0,0,0,0,0,0,820,505,0.0,0.0,0.0,0.0,0.0,0.0,0.0,0.0,0.0,0,0,0,0
532,Trai,Hume,Hume,a,,,4.5,443,88.0,0.3,306,112.0,1.6,208.0,77.0,0,0,0.0,0,0.0,15,29,0.4,16.4,1.6,1.6,2.8,216.0,84.0,,,133.0,59.0,102.0,26.0,146.0,28.0,121.0,38.0,2.0,,,,,,,0.06,0.04,0.1,1.44,0.0,0.3,1.14,1.01,6.17,27,0,0,0,0,0,0,0,0,0,0,0,0,0,0,0,27,54,0.0,0.0,0.0,0.0,0.0,0.0,0.0,0.0,0.0,0,0,0,0
533,Aji,Alese,Alese,u,has joined Portsmouth on loan for the rest of the season.,,4.0,669,166.0,0.0,786,262.0,0.0,466.0,184.0,0,0,0.0,0,0.0,0,0,0.0,0.0,0.0,0.0,0.0,579.0,213.0,0.0,0.0,568.0,212.0,560.0,212.0,527.0,206.0,571.0,212.0,,,,,,,,0.0,0.0,0.0,0.0,0.0,0.0,0.0,0.0,0.0,27,0,0,0,0,0,0,0,0,0,0,0,0,0,0,0,0,0,0.0,0.0,0.0,0.0,0.0,0.0,0.0,0.0,0.0,0,0,0,0
534,Joe,Anderson,Anderson,u,has joined Barrow FC permanently.,,3.8,788,237.0,0.3,303,111.0,0.0,401.0,151.0,0,0,0.0,-2,2.0,0,33,0.0,0.0,0.0,0.0,0.0,519.0,185.0,0.0,0.0,508.0,184.0,495.0,182.0,459.0,173.0,511.0,184.0,,,,,,,,0.0,0.0,0.0,0.0,0.0,0.0,0.0,0.0,0.0,27,0,0,0,0,0,0,0,0,0,0,0,0,0,0,0,0,47,0.0,0.0,0.0,0.0,0.0,0.0,0.0,0.0,0.0,0,0,0,0
535,Dennis,Cirkin,Cirkin,a,,,4.0,680,171.0,0.1,573,206.0,0.2,358.0,129.0,0,0,0.0,0,0.0,8,6,0.0,3.2,0.2,0.2,2.2,303.0,112.0,100.0,100.0,394.0,150.0,426.0,154.0,434.0,160.0,430.0,154.0,,,,,,,,0.0,0.01,0.01,1.84,0.0,0.3,0.61,0.91,7.91,27,0,0,0,0,0,0,0,0,0,0,0,0,0,0,0,13,12,0.0,0.0,0.0,0.0,0.0,0.0,0.0,0.0,0.0,0,0,0,0
536,Leo Fuhr,Hjelde,Hjelde,u,has joined Sheffield United on loan for the rest of the season.,,4.0,689,175.0,0.0,708,245.0,0.0,483.0,190.0,0,0,0.0,0,0.0,0,4,0.0,0.0,0.0,0.0,0.0,595.0,219.0,0.0,0.0,584.0,218.0,577.0,218.0,544.0,212.0,587.0,218.0,,,,,,,,0.0,0.0,0.0,0.0,0.0,0.0,0.0,0.0,0.0,27,0,0,0,0,0,0,0,0,0,0,0,0,0,0,0,0,5,0.0,0.0,0.0,0.0,0.0,0.0,0.0,0.0,0.0,0,0,0,0
537,Niall,Huggins,Huggins,u,has joined Wycombe Wanderers on loan for the rest of the season.,,4.0,691,176.0,0.1,539,192.0,0.0,485.0,191.0,0,0,0.0,0,0.0,0,2,0.0,0.0,0.0,0.0,0.0,597.0,220.0,0.0,0.0,586.0,219.0,579.0,219.0,546.0,213.0,589.0,219.0,,,,,,,,0.0,0.0,0.0,0.0,0.0,0.0,0.0,0.0,0.0,27,0,0,0,0,0,0,0,0,0,0,0,0,0,0,0,0,2,0.0,0.0,0.0,0.0,0.0,0.0,0.0,0.0,0.0,0,0,0,0
538,Zak,Johnson,Johnson,u,has joined York City on loan for the rest of the season.,,3.8,799,248.0,0.2,366,134.0,0.0,409.0,159.0,0,0,0.0,-2,2.0,0,15,0.0,0.0,0.0,0.0,0.0,526.0,192.0,0.0,0.0,515.0,191.0,502.0,189.0,466.0,180.0,518.0,191.0,,,,,,,,0.0,0.0,0.0,0.0,0.0,0.0,0.0,0.0,0.0,27,0,0,0,0,0,0,0,0,0,0,0,0,0,0,0,0,23,0.0,0.0,0.0,0.0,0.0,0.0,0.0,0.0,0.0,0,0,0,0
539,Luke,O'Nien,O'Nien,a,,,4.0,667,164.0,0.1,556,200.0,0.4,322.0,112.0,0,0,0.0,0,0.0,8,3,0.1,0.5,0.4,0.4,0.4,512.0,179.0,100.0,100.0,464.0,168.0,460.0,168.0,525.0,204.0,480.0,169.0,,,,,,,,0.0,0.0,0.0,3.52,0.0,0.0,0.0,0.0,12.27,27,0,0,0,0,0,0,0,0,0,0,0,0,0,0,0,9,5,0.0,0.0,0.0,0.0,0.0,0.0,0.0,0.0,0.0,0,0,0,0
542,Jenson,Seelt,Seelt,u,has joined Wolfsburg on loan for the rest of the season.,,4.0,707,186.0,0.1,505,181.0,0.0,499.0,199.0,0,0,0.0,0,0.0,0,4,0.0,0.5,0.0,0.0,1.0,452.0,164.0,0.0,0.0,419.0,158.0,449.0,164.0,559.0,220.0,452.0,162.0,,,,,,,,0.0,0.01,0.01,0.9,0.0,0.0,1.35,0.68,8.12,27,0,0,0,0,0,0,0,0,0,0,0,0,0,0,0,0,7,0.0,0.0,0.0,0.0,0.0,0.0,0.0,0.0,0.0,0,0,0,0
543,Simon,Adingra,Adingra,u,has joined AS Monaco on loan for the rest of the season.,,4.9,343,212.0,0.4,289,100.0,0.0,734.0,308.0,0,0,0.0,-6,6.0,0,52,0.0,6.9,0.0,0.0,2.4,288.0,125.0,0.0,0.0,362.0,162.0,219.0,141.0,268.0,146.0,332.0,159.0,,,,,,,,0.05,0.09,0.14,1.57,0.0,0.55,1.11,1.25,6.24,27,0,0,0,0,0,0,0,0,0,0,0,0,0,0,0,0,86,0.0,0.0,0.0,0.0,0.0,0.0,0.0,0.0,0.0,0,0,0,0
544,Habib,Diarra,Diarra,a,,,5.3,205,127.0,0.1,542,198.0,3.4,70.0,35.0,0,0,0.0,-2,2.0,43,19,0.6,5.7,3.4,3.4,3.3,146.0,64.0,100.0,100.0,379.0,169.0,304.0,173.0,233.0,129.0,350.0,167.0,,,1.0,,,,,0.12,0.05,0.17,1.15,0.0,0.4,0.8,0.93,5.33,27,0,0,0,0,0,0,0,0,0,0,0,0,0,0,0,79,24,0.0,0.0,0.0,0.0,0.0,0.0,0.0,0.0,0.0,0,0,0,0
545,Patrick,Roberts,Roberts,u,has joined Birmingham City permanently.,,5.4,160,98.0,0.0,724,303.0,0.0,773.0,337.0,0,0,0.0,-1,1.0,0,1,0.0,0.2,0.0,0.0,1.0,499.0,234.0,0.0,0.0,485.0,224.0,431.0,210.0,424.0,209.0,475.0,219.0,,,,,,,,0.1,0.07,0.17,2.2,0.0,0.0,3.33,0.0,3.33,27,0,0,0,0,0,0,0,0,0,0,0,0,0,0,0,0,1,0.0,0.0,0.0,0.0,0.0,0.0,0.0,0.0,0.0,0,0,0,0
546,Milan,Aleksić,Aleksić,a,,,4.9,348,217.0,0.0,691,285.0,0.0,737.0,311.0,0,0,0.0,-1,1.0,4,0,0.0,0.0,0.0,0.0,0.0,776.0,337.0,100.0,100.0,775.0,336.0,772.0,337.0,767.0,335.0,776.0,337.0,,,,,,,,0.0,0.0,0.0,0.0,0.0,0.0,0.0,0.0,0.0,27,0,0,0,0,0,0,0,0,0,0,0,0,0,0,0,4,0,0.0,0.0,0.0,0.0,0.0,0.0,0.0,0.0,0.0,0,0,0,0
547,Enzo,Le Fée,E.Le Fée,a,,,4.9,336,209.0,1.2,174,59.0,2.2,158.0,71.0,0,0,0.0,-1,1.0,221,319,0.4,18.4,2.2,2.2,3.6,106.0,47.0,100.0,100.0,64.0,19.0,22.0,21.0,143.0,82.0,42.0,30.0,3.0,2.0,2.0,,,,,0.17,0.12,0.29,1.45,0.0,0.31,1.2,1.02,9.38,27,0,0,0,0,0,0,0,0,0,0,0,0,0,0,0,463,805,0.0,0.0,0.0,0.0,0.0,0.0,0.0,0.0,0.0,0,0,0,0
548,Romaine,Mundle,Mundle,a,,,4.9,330,205.0,0.0,742,314.0,0.8,285.0,124.0,0,0,0.0,-1,1.0,2,1,0.2,2.7,0.8,0.8,1.0,490.0,226.0,100.0,100.0,428.0,189.0,369.0,190.0,301.0,160.0,401.0,185.0,,3.0,,,,,,0.12,0.07,0.19,1.78,0.0,0.0,2.07,0.52,6.98,27,0,0,0,0,0,0,0,0,0,0,0,0,0,0,0,3,1,0.0,0.0,0.0,0.0,0.0,0.0,0.0,0.0,0.0,0,0,0,0
549,Dan,Neil,Neil,u,has joined Ipswich Town on loan for the rest of the season.,,4.8,362,226.0,0.0,648,260.0,0.0,704.0,289.0,0,0,0.0,-2,2.0,0,1,0.0,0.6,0.0,0.0,1.0,488.0,225.0,0.0,0.0,478.0,220.0,458.0,221.0,745.0,322.0,490.0,226.0,,,,,,,,0.0,0.0,0.0,4.43,0.0,0.0,0.0,0.0,13.85,27,0,0,0,0,0,0,0,0,0,0,0,0,0,0,0,0,1,0.0,0.0,0.0,0.0,0.0,0.0,0.0,0.0,0.0,0,0,0,0
550,Ian,Poveda-Ocampo,Poveda,a,,,4.8,358,225.0,0.0,662,267.0,0.0,703.0,288.0,0,0,0.0,-2,2.0,1,1,0.0,0.0,0.0,0.0,0.0,758.0,324.0,,,757.0,323.0,753.0,324.0,744.0,321.0,758.0,324.0,,,,,,,,0.0,0.0,0.0,0.0,0.0,0.0,0.0,0.0,0.0,27,0,0,0,0,0,0,0,0,0,0,0,0,0,0,0,1,1,0.0,0.0,0.0,0.0,0.0,0.0,0.0,0.0,0.0,0,0,0,0
551,Chris,Rigg,Rigg,a,,,4.7,392,245.0,0.0,595,225.0,0.0,697.0,283.0,0,0,0.0,-3,3.0,5,2,0.0,3.2,0.0,0.0,1.5,409.0,181.0,,,442.0,195.0,337.0,183.0,372.0,189.0,411.0,186.0,,,,,,,,0.08,0.08,0.16,1.23,0.0,0.48,0.48,1.44,6.48,27,0,0,0,0,0,0,0,0,0,0,0,0,0,0,0,6,8,0.0,0.0,0.0,0.0,0.0,0.0,0.0,0.0,0.0,0,0,0,0
552,Noah,Sadiki,Sadiki,a,,,4.9,346,215.0,0.1,571,211.0,2.0,180.0,78.0,0,0,0.0,-1,1.0,7,5,0.4,10.6,2.0,2.0,2.5,271.0,115.0,100.0,100.0,228.0,100.0,150.0,104.0,311.0,163.0,239.0,121.0,,,,,,,,0.02,0.04,0.06,1.25,0.0,0.29,1.17,1.02,7.91,27,0,0,0,0,0,0,0,0,0,0,0,0,0,0,0,11,12,0.0,0.0,0.0,0.0,0.0,0.0,0.0,0.0,0.0,0,0,0,0
553,Chemsdine,Talbi,Talbi,a,,,4.9,344,213.0,0.2,411,139.0,2.4,140.0,63.0,0,0,0.0,-1,1.0,13,21,0.5,12.9,2.4,2.4,3.1,174.0,75.0,100.0,100.0,265.0,114.0,174.0,118.0,154.0,86.0,229.0,115.0,,,,,,,,0.11,0.05,0.16,1.21,0.0,0.5,0.75,0.92,5.34,27,0,0,0,0,0,0,0,0,0,0,0,0,0,0,0,24,31,0.0,0.0,0.0,0.0,0.0,0.0,0.0,0.0,0.0,0,0,0,0
554,Abdoullah,Ba,Ba,a,,,4.3,590,346.0,0.3,295,102.0,0.0,550.0,180.0,0,0,0.0,-2,2.0,25,23,0.0,0.0,0.0,0.0,0.0,644.0,241.0,,,633.0,231.0,629.0,237.0,603.0,224.0,636.0,234.0,,,,,,,,0.0,0.0,0.0,0.0,0.0,0.0,0.0,0.0,0.0,27,0,0,0,0,0,0,0,0,0,0,0,0,0,0,0,40,43,0.0,0.0,0.0,0.0,0.0,0.0,0.0,0.0,0.0,0,0,0,0
555,Alan,Browne,Browne,u,has joined Middlesbrough on loan for the rest of the season.,,4.5,413,252.0,0.0,642,256.0,0.0,612.0,219.0,0,0,0.0,0,0.0,0,1,0.0,0.0,0.0,0.0,0.0,690.0,270.0,0.0,0.0,683.0,264.0,678.0,268.0,658.0,260.0,686.0,267.0,,,,,,,,0.0,0.0,0.0,0.0,0.0,0.0,0.0,0.0,0.0,27,0,0,0,0,0,0,0,0,0,0,0,0,0,0,0,0,1,0.0,0.0,0.0,0.0,0.0,0.0,0.0,0.0,0.0,0,0,0,0
556,Pierre,Ekwah Elimby,Ekwah,u,Has joined AS Saint-Etienne permanently.,,4.5,436,260.0,0.0,767,331.0,0.0,627.0,227.0,0,0,0.0,0,0.0,0,0,0.0,0.0,0.0,0.0,0.0,701.0,277.0,0.0,0.0,694.0,271.0,692.0,275.0,674.0,268.0,697.0,274.0,,,,,,,,0.0,0.0,0.0,0.0,0.0,0.0,0.0,0.0,0.0,27,0,0,0,0,0,0,0,0,0,0,0,0,0,0,0,0,0,0.0,0.0,0.0,0.0,0.0,0.0,0.0,0.0,0.0,0,0,0,0
557,Harrison,Jones,H.Jones,a,,,4.3,608,355.0,0.1,540,197.0,0.0,562.0,189.0,0,0,0.0,-2,2.0,19,9,0.0,0.0,0.0,0.0,0.0,652.0,247.0,,,641.0,237.0,638.0,243.0,613.0,231.0,644.0,240.0,,,,,,,,0.0,0.0,0.0,0.0,0.0,0.0,0.0,0.0,0.0,27,0,0,0,0,0,0,0,0,0,0,0,0,0,0,0,28,12,0.0,0.0,0.0,0.0,0.0,0.0,0.0,0.0,0.0,0,0,0,0
558,Jay,Matete,Matete,u,has joined MK Dons permanently.,,4.3,597,349.0,0.2,391,128.0,0.0,553.0,183.0,0,0,0.0,-2,2.0,0,26,0.0,0.0,0.0,0.0,0.0,646.0,243.0,0.0,0.0,635.0,233.0,631.0,239.0,605.0,226.0,638.0,236.0,,,,,,,,0.0,0.0,0.0,0.0,0.0,0.0,0.0,0.0,0.0,27,0,0,0,0,0,0,0,0,0,0,0,0,0,0,0,0,32,0.0,0.0,0.0,0.0,0.0,0.0,0.0,0.0,0.0,0,0,0,0
559,Nectarios,Triantis,Triantis,u,has joined Minnesota United permanently.,,4.4,547,327.0,0.0,640,254.0,0.0,588.0,204.0,0,0,0.0,-1,1.0,0,2,0.0,0.0,0.0,0.0,0.0,671.0,259.0,0.0,0.0,661.0,250.0,658.0,256.0,635.0,245.0,664.0,253.0,,,,,,,,0.0,0.0,0.0,0.0,0.0,0.0,0.0,0.0,0.0,27,0,0,0,0,0,0,0,0,0,0,0,0,0,0,0,0,2,0.0,0.0,0.0,0.0,0.0,0.0,0.0,0.0,0.0,0,0,0,0
560,Wilson,Isidor,Isidor,a,,,5.1,233,52.0,1.4,160,26.0,0.8,287.0,39.0,0,0,0.0,-4,4.0,93,227,0.2,10.6,0.8,0.8,2.3,294.0,32.0,100.0,100.0,275.0,26.0,382.0,49.0,44.0,18.0,206.0,25.0,,,,,,,,0.32,0.01,0.33,1.48,0.0,0.36,1.26,0.99,3.51,27,0,0,0,0,0,0,0,0,0,0,0,0,0,0,0,166,381,0.0,0.0,0.0,0.0,0.0,0.0,0.0,0.0,0.0,0,0,0,0
561,Eliezer,Mayenda Dossou,Mayenda,a,,,5.2,218,50.0,0.5,260,42.0,0.4,342.0,44.0,0,0,0.0,-3,3.0,12,22,0.1,5.0,0.4,0.4,1.9,345.0,40.0,,,376.0,38.0,347.0,40.0,195.0,42.0,343.0,41.0,,,3.0,,,,,0.17,0.02,0.19,1.63,0.0,0.47,1.1,0.94,3.15,27,0,0,0,0,0,0,0,0,0,0,0,0,0,0,0,19,30,0.0,0.0,0.0,0.0,0.0,0.0,0.0,0.0,0.0,0,0,0,0
562,Ahmed,Abdullahi,Abdullahi,a,,,4.2,647,91.0,0.5,264,43.0,0.0,540.0,54.0,0,0,0.0,-3,3.0,142,81,0.0,0.0,0.0,0.0,0.0,639.0,65.0,,,629.0,65.0,624.0,64.0,597.0,64.0,632.0,65.0,,,,,,,,0.0,0.0,0.0,0.0,0.0,0.0,0.0,0.0,0.0,27,0,0,0,0,0,0,0,0,0,0,0,0,0,0,0,217,132,0.0,0.0,0.0,0.0,0.0,0.0,0.0,0.0,0.0,0,0,0,0
563,Luís Hemir,Silva Semedo,Luís Hemir,u,has joined Moreirense on loan for the rest of the season.,,4.4,556,79.0,0.1,514,72.0,0.0,595.0,62.0,0,0,0.0,-1,1.0,0,0,0.0,0.0,0.0,0.0,0.0,677.0,72.0,0.0,0.0,668.0,72.0,664.0,71.0,643.0,71.0,671.0,72.0,,,,,,,,0.0,0.0,0.0,0.0,0.0,0.0,0.0,0.0,0.0,27,0,0,0,0,0,0,0,0,0,0,0,0,0,0,0,0,1,0.0,0.0,0.0,0.0,0.0,0.0,0.0,0.0,0.0,0,0,0,0
564,Nazarii,Rusyn,Rusyn,u,has joined Arka on loan for the rest of the season.,,4.4,538,76.0,0.1,516,73.0,0.0,583.0,59.0,0,0,0.0,-1,1.0,0,1,0.0,0.0,0.0,0.0,0.0,667.0,69.0,0.0,0.0,656.0,69.0,653.0,68.0,630.0,68.0,659.0,69.0,,,,,,,,0.0,0.0,0.0,0.0,0.0,0.0,0.0,0.0,0.0,27,0,0,0,0,0,0,0,0,0,0,0,0,0,0,0,0,1,0.0,0.0,0.0,0.0,0.0,0.0,0.0,0.0,0.0,0,0,0,0
668,Granit,Xhaka,Xhaka,a,,,5.1,222,137.0,3.5,95,30.0,0.0,758.0,327.0,0,0,0.0,1,-1.0,428,315,0.0,17.6,0.0,0.0,4.1,58.0,25.0,100.0,100.0,47.0,11.0,38.0,36.0,261.0,141.0,61.0,40.0,1.0,1.0,,,,,,0.03,0.1,0.13,1.43,0.0,0.32,1.06,1.01,10.87,27,0,0,0,0,0,0,0,0,0,0,0,0,0,0,0,672,719,0.0,0.0,0.0,0.0,0.0,0.0,0.0,0.0,0.0,0,0,0,0
670,Robin,Roefs,Roefs,a,,,4.9,339,13.0,11.7,30,5.0,2.0,178.0,14.0,0,0,0.0,4,-4.0,1291,1154,0.4,21.8,2.0,2.0,4.1,55.0,2.0,,,11.0,2.0,349.0,2.0,765.0,87.0,140.0,2.0,,,,,,,,0.0,0.0,0.0,1.44,3.08,0.31,1.15,1.0,0.0,27,0,0,0,0,0,0,0,0,0,0,0,0,0,0,0,2076,1824,0.0,0.0,0.0,0.0,0.0,0.0,0.0,0.0,0.0,0,0,0,0
678,Arthur,Masuaku,Masuaku,u,has joined RC Lens on loan for the rest of the season.,,3.9,744,213.0,0.5,261,97.0,0.0,427.0,169.0,0,0,0.0,-1,1.0,0,31,0.0,0.3,0.0,0.0,0.3,513.0,180.0,0.0,0.0,437.0,164.0,388.0,139.0,412.0,155.0,444.0,160.0,,,,,,,,0.05,0.06,0.11,1.5,0.0,0.0,1.44,1.44,7.2,27,0,0,0,0,0,0,0,0,0,0,0,0,0,0,0,0,44,0.0,0.0,0.0,0.0,0.0,0.0,0.0,0.0,0.0,0,0,0,0
683,Omar,Alderete,Alderete,a,,,4.1,651,157.0,6.4,57,18.0,2.0,170.0,58.0,0,0,0.0,1,-1.0,791,925,0.5,21.5,2.0,2.0,4.0,62.0,25.0,100.0,100.0,46.0,21.0,236.0,65.0,115.0,20.0,105.0,30.0,,,,,,,,0.06,0.04,0.1,1.45,0.0,0.33,1.18,0.99,9.55,27,0,0,0,0,0,0,0,0,0,0,0,0,0,0,0,1510,1364,0.0,0.0,0.0,0.0,0.0,0.0,0.0,0.0,0.0,0,0,0,0
730,Brian,Brobbey,Brobbey,a,,,5.5,146,37.0,1.3,164,27.0,2.4,147.0,21.0,0,0,0.0,0,0.0,437,683,0.4,11.1,2.4,2.4,2.9,210.0,22.0,100.0,100.0,215.0,18.0,272.0,27.0,88.0,27.0,200.0,23.0,,,,,,,,0.21,0.02,0.23,1.58,0.0,0.32,1.2,0.96,4.0,27,0,0,0,0,0,0,0,0,0,0,0,0,0,0,0,803,1193,0.0,0.0,0.0,0.0,0.0,0.0,0.0,0.0,0.0,0,0,0,0
735,Bertrand,Traoré,Traoré,i,Knee injury - Expected back 28 Feb,,5.5,136,84.0,0.0,644,258.0,0.0,785.0,346.0,0,0,0.0,0,0.0,2,4,0.0,5.1,0.0,0.0,2.8,226.0,91.0,0.0,0.0,320.0,144.0,228.0,144.0,183.0,101.0,289.0,142.0,,,,,,,,0.07,0.04,0.11,1.33,0.0,0.44,1.33,1.33,5.93,27,0,0,0,0,0,0,0,0,0,0,0,0,0,0,0,2,6,0.0,0.0,0.0,0.0,0.0,0.0,0.0,0.0,0.0,0,0,0,0
774,Jenson,Jones,Jenson Jones,a,,,4.0,673,168.0,0.0,704,242.0,0.0,470.0,186.0,0,0,0.0,0,0.0,9,1,0.0,0.0,0.0,0.0,0.0,582.0,215.0,,,571.0,214.0,564.0,214.0,531.0,208.0,574.0,214.0,,,,,,,,0.0,0.0,0.0,0.0,0.0,0.0,0.0,0.0,0.0,27,0,0,0,0,0,0,0,0,0,0,0,0,0,0,0,9,3,0.0,0.0,0.0,0.0,0.0,0.0,0.0,0.0,0.0,0,0,0,0
775,Tymur,Tutierov,Tutierov,u,has joined Exeter City on loan for the rest of the season.,,4.5,494,303.0,0.0,815,365.0,0.0,672.0,265.0,0,0,0.0,0,0.0,0,0,0.0,0.0,0.0,0.0,0.0,738.0,308.0,0.0,0.0,736.0,306.0,731.0,307.0,717.0,303.0,737.0,307.0,,,,,,,,0.0,0.0,0.0,0.0,0.0,0.0,0.0,0.0,0.0,27,0,0,0,0,0,0,0,0,0,0,0,0,0,0,0,0,0,0.0,0.0,0.0,0.0,0.0,0.0,0.0,0.0,0.0,0,0,0,0
800,Djiamgone Jocelin Ta,Bi,Jocelin.T,a,,,5.0,284,177.0,0.0,813,363.0,0.0,757.0,326.0,0,0,0.0,0,0.0,1,1,0.0,0.0,0.0,0.0,0.0,792.0,349.0,100.0,100.0,792.0,349.0,790.0,349.0,786.0,347.0,792.0,349.0,,,,,,,,0.0,0.0,0.0,0.0,0.0,0.0,0.0,0.0,0.0,27,0,0,0,0,0,0,0,0,0,0,0,0,0,0,0,2,1,0.0,0.0,0.0,0.0,0.0,0.0,0.0,0.0,0.0,0,0,0,0
812,Melker,Ellborg,Ellborg,a,,,4.0,700,61.0,0.0,780,89.0,0.0,494.0,72.0,0,0,0.0,0,0.0,9,4,0.0,0.0,0.0,0.0,0.0,605.0,80.0,,,594.0,80.0,587.0,68.0,554.0,54.0,597.0,80.0,,,,,,,,0.0,0.0,0.0,0.0,0.0,0.0,0.0,0.0,0.0,27,0,0,0,0,0,0,0,0,0,0,0,0,0,0,0,11,5,0.0,0.0,0.0,0.0,0.0,0.0,0.0,0.0,0.0,0,0,0,0
813,Nilson,Angulo,Angulo,a,,,5.0,275,170.0,0.0,773,335.0,1.0,268.0,117.0,0,0,0.0,0,0.0,3,2,0.2,0.6,1.0,1.0,1.5,413.0,185.0,,,446.0,198.0,376.0,192.0,321.0,169.0,413.0,187.0,,,,,,,,0.22,0.04,0.26,3.25,0.0,0.0,2.14,1.07,5.36,27,0,0,0,0,0,0,0,0,0,0,0,0,0,0,0,7,3,0.0,0.0,0.0,0.0,0.0,0.0,0.0,0.0,0.0,0,0,0,0
565,Guglielmo,Vicario,Vicario,a,,,4.7,382,16.0,5.9,62,10.0,1.4,229.0,20.0,0,0,0.0,-3,3.0,154,438,0.3,17.7,1.4,0.4,3.2,156.0,16.0,,,24.0,5.0,486.0,15.0,739.0,81.0,190.0,7.0,,,,,,,,0.0,0.0,0.0,1.42,2.73,0.27,1.42,1.0,0.0,27,0,0,0,0,0,0,0,0,0,0,0,0,0,0,0,187,1012,0.0,0.0,0.0,0.0,0.0,0.0,0.0,0.0,0.0,0,0,0,0
566,Brandon,Austin,Austin,a,,,3.9,751,78.0,0.3,319,44.0,0.0,432.0,37.0,0,0,0.0,-1,1.0,7,13,0.0,0.0,0.0,-1.0,0.0,546.0,46.0,,,535.0,46.0,525.0,31.0,490.0,17.0,538.0,46.0,,,,,,,,0.0,0.0,0.0,0.0,0.0,0.0,0.0,0.0,0.0,27,0,0,0,0,0,0,0,0,0,0,0,0,0,0,0,8,18,0.0,0.0,0.0,0.0,0.0,0.0,0.0,0.0,0.0,0,0,0,0
567,Antonín,Kinský,Kinsky,a,,,3.9,766,85.0,1.6,148,19.0,0.0,443.0,44.0,0,0,0.0,-1,1.0,22,61,0.0,0.0,0.0,-1.0,0.0,556.0,53.0,,,545.0,53.0,535.0,38.0,500.0,24.0,548.0,53.0,,,,,,,,0.0,0.0,0.0,0.0,0.0,0.0,0.0,0.0,0.0,27,0,0,0,0,0,0,0,0,0,0,0,0,0,0,0,35,97,0.0,0.0,0.0,0.0,0.0,0.0,0.0,0.0,0.0,0,0,0,0
568,Pedro,Porro Sauceda,Pedro Porro,i,Hamstring injury - Expected back 01 Mar,,5.1,234,33.0,9.4,38,13.0,0.2,382.0,141.0,0,0,0.0,-4,4.0,18,1584,0.0,15.5,0.0,0.0,3.4,133.0,49.0,0.0,0.0,88.0,40.0,21.0,1.0,249.0,69.0,56.0,9.0,3.0,2.0,,,,,,0.02,0.14,0.16,1.26,0.0,0.35,1.19,1.04,6.73,27,0,0,0,0,0,0,0,0,0,0,0,0,0,0,0,20,2438,0.0,0.0,0.0,0.0,0.0,0.0,0.0,0.0,0.0,0,0,0,0
569,Cristian,Romero,Romero,s,Suspended until 15 Mar,,5.0,252,37.0,3.3,99,36.0,1.6,210.0,78.0,0,0,0.0,0,0.0,12,1291,0.3,17.8,0.0,0.0,4.2,52.0,23.0,0.0,0.0,40.0,16.0,224.0,59.0,110.0,18.0,98.0,27.0,,,,,,,,0.07,0.06,0.13,1.36,0.0,0.26,1.53,1.05,9.58,27,0,0,0,0,0,0,0,0,0,0,0,0,0,0,0,14,1928,0.0,0.0,0.0,0.0,0.0,0.0,0.0,0.0,0.0,0,0,0,0
570,Kevin,Danso,Danso,i,Toe Injury - Unknown return date,,4.2,627,142.0,0.1,438,162.0,0.2,362.0,132.0,0,0,0.0,-3,3.0,1,15,0.0,6.4,0.0,0.0,2.1,314.0,115.0,0.0,0.0,256.0,104.0,425.0,153.0,404.0,150.0,356.0,122.0,,,,,,,,0.0,0.02,0.02,1.46,0.0,0.27,1.64,1.09,12.72,27,0,0,0,0,0,0,0,0,0,0,0,0,0,0,0,1,22,0.0,0.0,0.0,0.0,0.0,0.0,0.0,0.0,0.0,0,0,0,0
571,Ben,Davies,Davies,i,Ankle injury - Unknown return date,,4.3,576,125.0,0.1,543,194.0,0.0,545.0,232.0,0,0,0.0,-2,2.0,1,6,0.0,2.3,0.0,0.0,3.3,138.0,52.0,0.0,0.0,381.0,146.0,384.0,136.0,307.0,97.0,385.0,138.0,,,,,,,,0.32,0.05,0.37,0.73,0.0,0.0,1.99,1.32,9.26,27,0,0,0,0,0,0,0,0,0,0,0,0,0,0,0,1,8,0.0,0.0,0.0,0.0,0.0,0.0,0.0,0.0,0.0,0,0,0,0
572,Radu,Drăgușin,Dragusin,a,,,4.5,449,90.0,0.0,686,237.0,1.0,260.0,95.0,0,0,0.0,0,0.0,5,7,0.2,1.3,1.0,0.0,1.2,437.0,158.0,100.0,100.0,402.0,151.0,451.0,165.0,385.0,136.0,434.0,157.0,,,,,,,,0.07,0.0,0.07,2.22,0.0,0.0,2.21,0.74,8.85,27,0,0,0,0,0,0,0,0,0,0,0,0,0,0,0,8,16,0.0,0.0,0.0,0.0,0.0,0.0,0.0,0.0,0.0,0,0,0,0
573,Djed,Spence,Spence,a,,,4.2,634,147.0,1.0,195,75.0,0.2,364.0,134.0,0,0,0.0,-3,3.0,73,93,0.0,13.1,0.2,-0.8,2.6,250.0,97.0,100.0,100.0,221.0,85.0,171.0,42.0,168.0,37.0,211.0,70.0,,,,,,,,0.05,0.08,0.13,1.47,0.0,0.39,1.3,1.02,4.74,27,0,0,0,0,0,0,0,0,0,0,0,0,0,0,0,105,186,0.0,0.0,0.0,0.0,0.0,0.0,0.0,0.0,0.0,0,0,0,0
574,Destiny,Udogie,Udogie,i,Hamstring injury - Expected back 15 Mar,,4.3,592,136.0,0.3,312,115.0,0.4,326.0,116.0,0,0,0.0,-2,2.0,2,29,0.1,3.5,0.0,0.0,1.2,435.0,156.0,0.0,0.0,295.0,114.0,212.0,52.0,254.0,73.0,293.0,97.0,,,,,,,,0.02,0.06,0.08,1.58,0.0,0.0,1.93,0.91,4.53,27,0,0,0,0,0,0,0,0,0,0,0,0,0,0,0,3,36,0.0,0.0,0.0,0.0,0.0,0.0,0.0,0.0,0.0,0,0,0,0
575,Micky,van de Ven,Van de Ven,a,,,4.5,447,89.0,23.3,16,6.0,2.2,154.0,55.0,0,0,0.0,0,0.0,1519,2917,0.5,22.2,2.2,1.2,4.2,51.0,22.0,100.0,100.0,37.0,15.0,283.0,91.0,113.0,19.0,106.0,31.0,,,,,,,,0.12,0.01,0.13,1.38,0.0,0.29,1.38,1.01,6.78,27,0,0,0,0,0,0,0,0,0,0,0,0,0,0,0,1976,5464,0.0,0.0,0.0,0.0,0.0,0.0,0.0,0.0,0.0,0,0,0,0
576,Ashley,Phillips,Phillips,u,Has joined Stoke City on loan for the rest of the season.,,4.0,708,187.0,0.0,729,252.0,0.0,500.0,200.0,0,0,0.0,0,0.0,0,2,0.0,0.0,0.0,0.0,0.0,610.0,227.0,0.0,0.0,599.0,226.0,592.0,226.0,560.0,221.0,602.0,226.0,,,,,,,,0.0,0.0,0.0,0.0,0.0,0.0,0.0,0.0,0.0,27,0,0,0,0,0,0,0,0,0,0,0,0,0,0,0,0,2,0.0,0.0,0.0,0.0,0.0,0.0,0.0,0.0,0.0,0,0,0,0
577,Takai,Kōta,Takai,u,has joined Borussia Mönchengladbach on loan for the rest of the season.,,4.0,710,188.0,0.0,600,214.0,0.0,502.0,201.0,0,0,0.0,0,0.0,0,0,0.0,0.0,0.0,0.0,0.0,612.0,228.0,0.0,0.0,601.0,227.0,594.0,227.0,562.0,222.0,604.0,227.0,,,,,,,,0.0,0.0,0.0,0.0,0.0,0.0,0.0,0.0,0.0,27,0,0,0,0,0,0,0,0,0,0,0,0,0,0,0,0,1,0.0,0.0,0.0,0.0,0.0,0.0,0.0,0.0,0.0,0,0,0,0
578,Luka,Vušković,Vuskovic,u,has joined Hamburger SV on loan for the rest of the season.,,3.9,781,231.0,0.3,307,113.0,0.0,457.0,180.0,0,0,0.0,-1,1.0,0,15,0.0,0.0,0.0,0.0,0.0,570.0,209.0,0.0,0.0,559.0,208.0,549.0,208.0,515.0,201.0,562.0,208.0,,,,,,,,0.0,0.0,0.0,0.0,0.0,0.0,0.0,0.0,0.0,27,0,0,0,0,0,0,0,0,0,0,0,0,0,0,0,0,17,0.0,0.0,0.0,0.0,0.0,0.0,0.0,0.0,0.0,0,0,0,0
579,Son,Heung-min,Son,u,has joined Los Angeles FC permanently.,,8.5,11,6.0,0.1,444,151.0,0.0,816.0,367.0,0,0,0.0,0,0.0,0,0,0.0,0.0,0.0,0.0,0.0,817.0,367.0,0.0,0.0,817.0,367.0,817.0,367.0,817.0,367.0,817.0,367.0,,,,,,,,0.0,0.0,0.0,0.0,0.0,0.0,0.0,0.0,0.0,27,0,0,0,0,0,0,0,0,0,0,0,0,0,0,0,0,0,0.0,0.0,0.0,0.0,0.0,0.0,0.0,0.0,0.0,0,0,0,0
581,James,Maddison,Maddison,i,Anterior cruciate ligament - Unknown return date,,6.8,46,28.0,0.1,443,150.0,0.0,810.0,362.0,0,0,0.0,-2,2.0,4,1,0.0,0.0,0.0,0.0,0.0,814.0,364.0,0.0,0.0,814.0,364.0,814.0,364.0,814.0,364.0,814.0,364.0,,,,,,,,0.0,0.0,0.0,0.0,0.0,0.0,0.0,0.0,0.0,27,0,0,0,0,0,0,0,0,0,0,0,0,0,0,0,4,1,0.0,0.0,0.0,0.0,0.0,0.0,0.0,0.0,0.0,0,0,0,0
582,Mohammed,Kudus,Kudus,i,Thigh injury - Expected back 11 Apr,,6.4,61,39.0,9.6,36,12.0,0.0,807.0,361.0,0,0,0.0,-1,1.0,5,719,0.0,11.7,0.0,0.0,3.9,84.0,41.0,0.0,0.0,137.0,46.0,40.0,38.0,67.0,41.0,53.0,37.0,2.0,1.0,,,,,,0.11,0.14,0.25,1.33,0.0,0.41,1.17,1.11,7.8,27,0,0,0,0,0,0,0,0,0,0,0,0,0,0,0,5,973,0.0,0.0,0.0,0.0,0.0,0.0,0.0,0.0,0.0,0,0,0,0
583,Dejan,Kulusevski,Kulusevski,i,Knee injury - Unknown return date,,6.4,59,38.0,0.0,720,301.0,0.0,806.0,360.0,0,0,0.0,-1,1.0,2,2,0.0,0.0,0.0,0.0,0.0,811.0,363.0,0.0,0.0,811.0,363.0,811.0,363.0,811.0,363.0,811.0,363.0,,,,,,,,0.0,0.0,0.0,0.0,0.0,0.0,0.0,0.0,0.0,27,0,0,0,0,0,0,0,0,0,0,0,0,0,0,0,3,2,0.0,0.0,0.0,0.0,0.0,0.0,0.0,0.0,0.0,0,0,0,0
584,Mathys,Tel,Tel,a,,,6.2,78,52.0,0.1,433,146.0,0.8,297.0,133.0,0,0,0.0,-3,3.0,10,26,0.1,7.7,0.8,-0.2,2.5,279.0,120.0,,,291.0,130.0,193.0,129.0,129.0,74.0,234.0,118.0,4.0,,4.0,,,,,0.24,0.09,0.33,1.36,0.0,0.14,1.74,0.87,8.12,27,0,0,0,0,0,0,0,0,0,0,0,0,0,0,0,15,65,0.0,0.0,0.0,0.0,0.0,0.0,0.0,0.0,0.0,0,0,0,0
585,Rodrigo,Bentancur,Bentancur,i,Hamstring injury - Unknown return date,,5.3,192,119.0,0.2,398,133.0,0.0,769.0,334.0,0,0,0.0,-2,2.0,0,19,0.0,12.1,0.0,0.0,3.2,160.0,68.0,0.0,0.0,197.0,80.0,181.0,123.0,253.0,136.0,220.0,111.0,,,,,,,,0.03,0.04,0.07,1.32,0.0,0.32,1.34,1.09,13.24,27,0,0,0,0,0,0,0,0,0,0,0,0,0,0,0,0,24,0.0,0.0,0.0,0.0,0.0,0.0,0.0,0.0,0.0,0,0,0,0
586,Lucas,Bergvall,Bergvall,i,Ankle injury - Unknown return date,,5.2,219,136.0,0.2,392,129.0,0.0,765.0,332.0,0,0,0.0,-3,3.0,0,21,0.0,7.5,0.0,0.0,2.3,296.0,129.0,0.0,0.0,304.0,136.0,274.0,159.0,186.0,104.0,291.0,143.0,,,,,,,,0.11,0.04,0.15,1.15,0.0,0.34,1.46,1.13,7.66,27,0,0,0,0,0,0,0,0,0,0,0,0,0,0,0,1,25,0.0,0.0,0.0,0.0,0.0,0.0,0.0,0.0,0.0,0,0,0,0
587,Yves,Bissouma,Bissouma,a,,,5.2,211,130.0,0.0,590,222.0,1.4,235.0,99.0,0,0,0.0,-3,3.0,10,3,0.3,1.5,1.4,0.4,1.6,392.0,174.0,100.0,100.0,406.0,181.0,404.0,201.0,373.0,190.0,422.0,193.0,,,,,,,,0.1,0.03,0.13,2.31,0.0,0.0,2.58,1.11,12.17,27,0,0,0,0,0,0,0,0,0,0,0,0,0,0,0,13,8,0.0,0.0,0.0,0.0,0.0,0.0,0.0,0.0,0.0,0,0,0,0
588,Wilson,Odobert,Odobert,i,Knee injury - Unknown return date,,5.3,206,128.0,0.1,567,210.0,2.2,162.0,74.0,0,0,0.0,-2,2.0,1,55,0.4,8.7,0.0,0.0,1.9,347.0,152.0,0.0,0.0,285.0,125.0,88.0,65.0,95.0,58.0,155.0,85.0,,,,,,,,0.18,0.11,0.29,1.32,0.0,0.19,1.2,0.93,7.13,27,0,0,0,0,0,0,0,0,0,0,0,0,0,0,0,1,105,0.0,0.0,0.0,0.0,0.0,0.0,0.0,0.0,0.0,0,0,0,0
589,Manor,Solomon,Solomon,u,has joined Fiorentina on loan for the rest of the season.,,5.4,171,105.0,0.0,758,324.0,0.0,777.0,339.0,0,0,0.0,-1,1.0,0,0,0.0,0.0,0.0,0.0,0.0,797.0,352.0,0.0,0.0,797.0,352.0,796.0,352.0,794.0,351.0,797.0,352.0,,,,,,,,0.0,0.0,0.0,0.0,0.0,0.0,0.0,0.0,0.0,27,0,0,0,0,0,0,0,0,0,0,0,0,0,0,0,0,0,0.0,0.0,0.0,0.0,0.0,0.0,0.0,0.0,0.0,0,0,0,0
590,Bryan,Gil Salvatierra,Bryan,u,has joined Girona permanently.,,4.9,325,202.0,0.0,657,264.0,0.0,725.0,303.0,0,0,0.0,-1,1.0,0,0,0.0,0.0,0.0,0.0,0.0,769.0,332.0,0.0,0.0,768.0,331.0,765.0,332.0,759.0,330.0,769.0,332.0,,,,,,,,0.0,0.0,0.0,0.0,0.0,0.0,0.0,0.0,0.0,27,0,0,0,0,0,0,0,0,0,0,0,0,0,0,0,0,0,0.0,0.0,0.0,0.0,0.0,0.0,0.0,0.0,0.0,0,0,0,0
591,Archie,Gray,Gray,a,,,4.8,372,233.0,0.1,427,143.0,3.0,92.0,42.0,0,0,0.0,-2,2.0,56,19,0.6,8.8,3.0,2.0,2.6,255.0,105.0,100.0,100.0,272.0,117.0,285.0,165.0,212.0,115.0,287.0,141.0,,,,,,,,0.12,0.04,0.16,1.4,0.0,0.49,1.36,1.17,8.35,27,0,0,0,0,0,0,0,0,0,0,0,0,0,0,0,87,31,0.0,0.0,0.0,0.0,0.0,0.0,0.0,0.0,0.0,0,0,0,0
592,Mikey,Moore,Moore,u,Has joined Rangers on loan for the rest of the season.,,5.0,270,165.0,0.0,789,347.0,0.0,750.0,321.0,0,0,0.0,0,0.0,0,0,0.0,0.0,0.0,0.0,0.0,786.0,345.0,0.0,0.0,785.0,344.0,784.0,345.0,780.0,343.0,786.0,345.0,,,,,,,,0.0,0.0,0.0,0.0,0.0,0.0,0.0,0.0,0.0,27,0,0,0,0,0,0,0,0,0,0,0,0,0,0,0,0,0,0.0,0.0,0.0,0.0,0.0,0.0,0.0,0.0,0.0,0,0,0,0
593,Pape Matar,Sarr,P.M.Sarr,a,,,4.5,442,265.0,1.0,188,66.0,2.2,153.0,68.0,0,0,0.0,-5,5.0,566,95,0.5,11.8,2.2,1.2,3.1,170.0,73.0,100.0,100.0,219.0,96.0,237.0,148.0,218.0,120.0,247.0,124.0,,,,,,,,0.11,0.09,0.2,1.76,0.0,0.29,1.07,0.87,11.64,27,0,0,0,0,0,0,0,0,0,0,0,0,0,0,0,1043,170,0.0,0.0,0.0,0.0,0.0,0.0,0.0,0.0,0.0,0,0,0,0
594,Yang,Min-hyeok,Min-hyeok,u,has joined Coventry City on loan for the rest of the season.,,4.5,504,312.0,0.0,731,306.0,0.0,680.0,273.0,0,0,0.0,0,0.0,0,0,0.0,0.0,0.0,0.0,0.0,745.0,315.0,0.0,0.0,744.0,314.0,739.0,315.0,725.0,311.0,745.0,315.0,,,,,,,,0.0,0.0,0.0,0.0,0.0,0.0,0.0,0.0,0.0,27,0,0,0,0,0,0,0,0,0,0,0,0,0,0,0,0,0,0.0,0.0,0.0,0.0,0.0,0.0,0.0,0.0,0.0,0,0,0,0
595,Callum,Olusesi,Olusesi,a,,,4.3,599,351.0,0.2,368,123.0,0.0,555.0,185.0,0,0,0.0,-2,2.0,25,17,0.0,0.0,0.0,-1.0,0.0,647.0,244.0,,,636.0,234.0,632.0,240.0,607.0,228.0,639.0,237.0,,,,,,,,0.0,0.0,0.0,0.0,0.0,0.0,0.0,0.0,0.0,27,0,0,0,0,0,0,0,0,0,0,0,0,0,0,0,40,22,0.0,0.0,0.0,0.0,0.0,0.0,0.0,0.0,0.0,0,0,0,0
596,Dominic,Solanke-Mitchell,Solanke,a,,,7.2,29,12.0,1.3,167,28.0,3.6,58.0,5.0,0,0,0.0,-3,3.0,565,255,0.5,2.9,3.6,2.6,3.0,198.0,19.0,100.0,100.0,332.0,32.0,352.0,43.0,174.0,38.0,326.0,37.0,,,2.0,,,,,0.27,0.04,0.31,1.87,0.0,0.0,1.77,0.88,5.97,27,0,0,0,0,0,0,0,0,0,0,0,0,0,0,0,739,684,0.0,0.0,0.0,0.0,0.0,0.0,0.0,0.0,0.0,0,0,0,0
597,Richarlison,de Andrade,Richarlison,i,Hamstring injury - Expected back 01 Mar,,6.3,67,21.0,5.4,67,13.0,0.0,804.0,86.0,0,0,0.0,-2,2.0,12,466,0.0,11.9,0.0,0.0,3.6,113.0,9.0,0.0,0.0,103.0,8.0,182.0,16.0,25.0,13.0,64.0,12.0,,,3.0,,,,,0.34,0.09,0.43,1.27,0.0,0.35,1.34,0.92,6.91,27,0,0,0,0,0,0,0,0,0,0,0,0,0,0,0,15,616,0.0,0.0,0.0,0.0,0.0,0.0,0.0,0.0,0.0,0,0,0,0
598,Will,Lankshear,Lankshear,u,has joined Oxford United on loan for the rest of the season.,,4.5,469,67.0,0.0,672,87.0,0.0,649.0,66.0,0,0,0.0,0,0.0,0,2,0.0,0.0,0.0,0.0,0.0,720.0,76.0,0.0,0.0,715.0,76.0,711.0,75.0,695.0,75.0,717.0,76.0,,,,,,,,0.0,0.0,0.0,0.0,0.0,0.0,0.0,0.0,0.0,27,0,0,0,0,0,0,0,0,0,0,0,0,0,0,0,0,2,0.0,0.0,0.0,0.0,0.0,0.0,0.0,0.0,0.0,0,0,0,0
599,Dane,Scarlett,Scarlett,u,has joined Hibernian on loan for the rest of the season.,,4.3,594,83.0,0.6,248,39.0,0.2,367.0,49.0,0,0,0.0,-2,2.0,0,67,0.0,0.5,0.0,0.0,1.0,460.0,57.0,0.0,0.0,492.0,60.0,442.0,58.0,439.0,60.0,481.0,60.0,,,,,,,,0.0,0.13,0.13,0.39,0.0,0.0,0.0,0.0,12.86,27,0,0,0,0,0,0,0,0,0,0,0,0,0,0,0,0,87,0.0,0.0,0.0,0.0,0.0,0.0,0.0,0.0,0.0,0,0,0,0
673,João Maria,Lobo Alves Palhares Costa Palhinha Gonçalves,J.Palhinha,a,,,5.5,137,85.0,0.8,203,71.0,1.2,248.0,108.0,0,0,0.0,0,0.0,63,94,0.2,15.3,1.2,0.2,3.7,98.0,45.0,100.0,100.0,70.0,22.0,247.0,152.0,161.0,90.0,143.0,79.0,,,,,,,,0.07,0.03,0.1,1.38,0.0,0.24,1.43,0.95,12.25,27,0,0,0,0,0,0,0,0,0,0,0,0,0,0,0,79,165,0.0,0.0,0.0,0.0,0.0,0.0,0.0,0.0,0.0,0,0,0,0
717,Xavi,Simons,Xavi,a,,,6.5,54,35.0,1.1,181,61.0,2.6,127.0,60.0,0,0,0.0,-5,5.0,264,157,0.4,9.1,2.6,1.6,3.0,197.0,83.0,100.0,100.0,196.0,79.0,39.0,37.0,125.0,73.0,92.0,55.0,5.0,,,,,,,0.14,0.22,0.36,1.59,0.0,0.2,1.77,0.99,8.15,27,0,0,0,0,0,0,0,0,0,0,0,0,0,0,0,365,379,0.0,0.0,0.0,0.0,0.0,0.0,0.0,0.0,0.0,0,0,0,0
726,Randal,Kolo Muani,Kolo Muani,a,,,6.9,39,15.0,0.3,301,47.0,0.8,298.0,42.0,0,0,0.0,-1,1.0,32,46,0.1,4.1,0.8,-0.2,1.6,400.0,48.0,100.0,100.0,356.0,36.0,169.0,13.0,152.0,37.0,268.0,30.0,,,,,,,,0.11,0.1,0.21,1.4,0.0,0.26,1.68,1.06,6.09,27,0,0,0,0,0,0,0,0,0,0,0,0,0,0,0,43,85,0.0,0.0,0.0,0.0,0.0,0.0,0.0,0.0,0.0,0,0,0,0
745,Jun'ai,Byfield,Byfield,a,,,4.0,731,208.0,0.0,628,224.0,0.2,360.0,131.0,0,0,0.0,0,0.0,3,6,0.0,0.2,0.2,-0.8,1.0,456.0,168.0,,,497.0,177.0,468.0,172.0,580.0,239.0,502.0,178.0,,,,,,,,0.0,0.0,0.0,0.0,0.0,0.0,0.0,0.0,0.0,27,0,0,0,0,0,0,0,0,0,0,0,0,0,0,0,3,9,0.0,0.0,0.0,0.0,0.0,0.0,0.0,0.0,0.0,0,0,0,0
750,James,Rowswell,Rowswell,a,,,4.0,695,179.0,0.0,652,229.0,0.0,489.0,194.0,0,0,0.0,0,0.0,5,6,0.0,0.0,0.0,-1.0,0.0,600.0,222.0,,,589.0,221.0,582.0,221.0,549.0,215.0,592.0,221.0,,,,,,,,0.0,0.0,0.0,0.0,0.0,0.0,0.0,0.0,0.0,27,0,0,0,0,0,0,0,0,0,0,0,0,0,0,0,7,6,0.0,0.0,0.0,0.0,0.0,0.0,0.0,0.0,0.0,0,0,0,0
751,Yusuf,Akhamrich,Akhamrich,u,has joined Bristol Rovers on loan for the rest of the season.,,4.5,488,299.0,0.0,772,334.0,0.0,667.0,262.0,0,0,0.0,0,0.0,0,1,0.0,0.0,0.0,0.0,0.0,733.0,305.0,0.0,0.0,731.0,303.0,726.0,304.0,712.0,300.0,732.0,304.0,,,,,,,,0.0,0.0,0.0,0.0,0.0,0.0,0.0,0.0,0.0,27,0,0,0,0,0,0,0,0,0,0,0,0,0,0,0,0,1,0.0,0.0,0.0,0.0,0.0,0.0,0.0,0.0,0.0,0,0,0,0
790,Lucá,Williams-Barnett,Williams-Barnett,a,,,4.5,501,309.0,0.0,771,333.0,0.0,677.0,270.0,0,0,0.0,0,0.0,5,2,0.0,0.0,0.0,-1.0,0.0,742.0,312.0,,,741.0,311.0,736.0,312.0,722.0,308.0,742.0,312.0,,,,,,,,0.0,0.0,0.0,0.0,0.0,0.0,0.0,0.0,0.0,27,0,0,0,0,0,0,0,0,0,0,0,0,0,0,0,6,2,0.0,0.0,0.0,0.0,0.0,0.0,0.0,0.0,0.0,0,0,0,0
796,Conor,Gallagher,Gallagher,a,,,5.4,170,104.0,0.1,416,141.0,2.6,121.0,58.0,0,0,0.0,-1,1.0,84,69,0.5,2.8,2.6,1.6,3.0,195.0,82.0,,,370.0,164.0,243.0,151.0,255.0,137.0,336.0,161.0,,,,,,,,0.12,0.1,0.22,2.13,0.0,0.0,1.97,1.09,9.61,27,0,0,0,0,0,0,0,0,0,0,0,0,0,0,0,118,134,0.0,0.0,0.0,0.0,0.0,0.0,0.0,0.0,0.0,0,0,0,0
804,João Victor,de Souza Menezes,Souza,a,,,4.0,728,205.0,0.0,707,244.0,0.2,359.0,130.0,0,0,0.0,0,0.0,9,8,0.0,0.2,0.2,-0.8,1.0,455.0,167.0,,,465.0,169.0,414.0,151.0,577.0,236.0,469.0,168.0,,,,,,,,0.0,0.0,0.0,2.67,0.0,0.0,2.57,0.0,5.14,27,0,0,0,0,0,0,0,0,0,0,0,0,0,0,0,11,12,0.0,0.0,0.0,0.0,0.0,0.0,0.0,0.0,0.0,0,0,0,0
811,Rio,Kyerematen,Kyerematen,a,,,4.5,462,279.0,0.0,802,356.0,0.0,644.0,243.0,0,0,0.0,0,0.0,5,0,0.0,0.0,0.0,-1.0,0.0,716.0,292.0,,,710.0,287.0,707.0,290.0,690.0,283.0,712.0,289.0,,,,,,,,0.0,0.0,0.0,0.0,0.0,0.0,0.0,0.0,0.0,27,0,0,0,0,0,0,0,0,0,0,0,0,0,0,0,6,0,0.0,0.0,0.0,0.0,0.0,0.0,0.0,0.0,0.0,0,0,0,0
326,Adama,Traoré Diarra,Adama,a,,,5.1,225,139.0,0.2,405,135.0,0.4,339.0,153.0,0,0,0.0,-4,4.0,30,38,0.1,3.7,-0.1,0.4,1.1,444.0,200.0,,,438.0,192.0,307.0,175.0,288.0,155.0,384.0,180.0,,,,,,,,0.11,0.18,0.29,1.94,0.0,0.0,2.98,0.33,4.63,27,0,0,0,0,0,0,0,0,0,0,0,0,0,0,0,35,48,0.0,0.0,0.0,0.0,0.0,0.0,0.0,0.0,0.0,0,0,0,0
600,Alphonse,Areola,Areola,a,,,4.3,571,27.0,2.1,127,17.0,0.8,280.0,22.0,0,0,0.0,-2,2.0,84,324,0.2,11.9,0.3,0.8,2.5,268.0,24.0,,,31.0,10.0,417.0,6.0,599.0,67.0,196.0,9.0,,,,,,,,0.0,0.0,0.0,1.76,3.85,0.0,1.85,1.0,0.0,27,0,0,0,0,0,0,0,0,0,0,0,0,0,0,0,167,494,0.0,0.0,0.0,0.0,0.0,0.0,0.0,0.0,0.0,0,0,0,0
601,Wes,Foderingham,Foderingham,u,has joined Aris Limassol permanently.,,4.0,660,42.0,0.2,352,51.0,0.0,460.0,54.0,0,0,0.0,0,0.0,0,9,0.0,0.0,0.0,0.0,0.0,573.0,63.0,0.0,0.0,562.0,63.0,553.0,49.0,519.0,35.0,565.0,63.0,,,,,,,,0.0,0.0,0.0,0.0,0.0,0.0,0.0,0.0,0.0,27,0,0,0,0,0,0,0,0,0,0,0,0,0,0,0,0,12,0.0,0.0,0.0,0.0,0.0,0.0,0.0,0.0,0.0,0,0,0,0
602,Krisztián,Hegyi,Hegyi,u,has joined MTK Budapest on loan for the rest of the season.,,3.9,765,84.0,0.2,364,53.0,0.0,442.0,43.0,0,0,0.0,-1,1.0,0,16,0.0,0.0,0.0,0.0,0.0,555.0,52.0,0.0,0.0,544.0,52.0,534.0,37.0,499.0,23.0,547.0,52.0,,,,,,,,0.0,0.0,0.0,0.0,0.0,0.0,0.0,0.0,0.0,27,0,0,0,0,0,0,0,0,0,0,0,0,0,0,0,0,23,0.0,0.0,0.0,0.0,0.0,0.0,0.0,0.0,0.0,0,0,0,0
603,El Hadji Malick,Diouf,Diouf,a,,,4.0,726,203.0,1.6,150,60.0,4.6,26.0,7.0,6,0,0.0,-5,5.0,555,166,1.2,16.8,4.1,4.6,3.2,151.0,58.0,100.0,100.0,136.0,62.0,141.0,36.0,283.0,83.0,187.0,60.0,,,,,,,,0.02,0.07,0.09,1.47,0.0,0.26,1.66,0.99,7.42,27,6,90,0,0,1,0,0,0,0,0,0,0,1,0,30,1135,267,0.0,0.0,0.3400000000000001,0.3400000000000001,0.6500000000000021,0.0,0.0,0.0,0.0,2,7,7,9
604,Emerson,Palmieri dos Santos,Emerson,u,has joined Marseille permanently.,,4.4,521,101.0,0.1,581,208.0,0.0,576.0,235.0,0,0,0.0,-1,1.0,0,1,0.0,0.0,0.0,0.0,0.0,662.0,250.0,0.0,0.0,651.0,249.0,648.0,249.0,625.0,248.0,654.0,249.0,,,,,,,,0.0,0.0,0.0,0.0,0.0,0.0,0.0,0.0,0.0,27,0,0,0,0,0,0,0,0,0,0,0,0,0,0,0,0,1,0.0,0.0,0.0,0.0,0.0,0.0,0.0,0.0,0.0,0,0,0,0
605,Maximilian,Kilman,Kilman,a,,,4.2,631,145.0,0.1,417,153.0,0.2,363.0,133.0,0,0,0.0,-3,3.0,6,12,0.0,8.6,-0.3,0.2,1.7,372.0,137.0,,,100.0,46.0,320.0,108.0,293.0,88.0,222.0,72.0,,,,,,,,0.03,0.01,0.04,1.92,0.0,0.06,2.14,0.98,9.24,27,0,0,0,0,0,0,0,0,0,0,0,0,0,0,0,9,26,0.0,0.0,0.0,0.0,0.0,0.0,0.0,0.0,0.0,0,0,0,0
606,Konstantinos,Mavropanos,Mavropanos,a,,,4.4,533,112.0,0.1,501,178.0,4.2,32.0,10.0,6,0,0.0,-1,1.0,24,18,1.0,13.4,3.7,4.2,3.0,186.0,74.0,100.0,100.0,104.0,47.0,405.0,147.0,182.0,42.0,216.0,71.0,,,,,,,,0.06,0.02,0.08,1.43,0.0,0.17,1.55,0.94,10.54,27,6,90,0,0,1,0,0,0,0,0,0,0,1,0,23,52,43,0.0,0.0,0.020000000000000018,0.019999999999999796,0.6500000000000021,0.0,0.0,0.0,0.0,0,8,4,8
607,Nayef,Aguerd,N.Aguerd,u,has joined Marseille permanently.,,4.4,526,106.0,0.0,609,215.0,0.0,579.0,238.0,0,0,0.0,-1,1.0,0,1,0.0,0.7,0.0,0.0,1.5,405.0,146.0,0.0,0.0,412.0,155.0,444.0,161.0,406.0,152.0,441.0,158.0,,,,,,,,0.05,0.02,0.07,1.71,0.0,0.0,4.0,1.0,7.5,27,0,0,0,0,0,0,0,0,0,0,0,0,0,0,0,0,2,0.0,0.0,0.0,0.0,0.0,0.0,0.0,0.0,0.0,0,0,0,0
608,Ollie,Scarles,Scarles,a,,,4.3,605,139.0,0.0,614,217.0,1.4,223.0,83.0,0,0,0.0,-2,2.0,4,6,0.3,4.9,0.9,1.4,1.8,358.0,133.0,100.0,100.0,302.0,116.0,292.0,95.0,365.0,124.0,345.0,118.0,,,,,,,,0.02,0.04,0.06,1.83,0.0,0.0,2.2,1.24,9.91,27,0,0,0,0,0,0,0,0,0,0,0,0,0,0,0,4,9,0.0,0.0,0.0,0.0,0.0,0.0,0.0,0.0,0.0,0,0,0,0
609,Jean-Clair,Todibo,Todibo,a,,,4.3,587,133.0,0.1,487,174.0,0.4,325.0,115.0,0,0,0.0,-2,2.0,8,12,0.1,7.2,-0.1,0.4,1.7,373.0,138.0,100.0,100.0,138.0,63.0,301.0,99.0,364.0,123.0,263.0,89.0,,,,,,,,0.01,0.02,0.03,1.7,0.0,0.0,1.95,1.07,8.17,27,0,0,0,0,0,0,0,0,0,0,0,0,0,0,0,16,17,0.0,0.0,0.0,0.0,0.0,0.0,0.0,0.0,0.0,0,0,0,0
610,Aaron,Wan-Bissaka,Wan-Bissaka,a,,,4.1,652,158.0,4.6,80,26.0,5.0,18.0,4.0,6,0,0.0,-4,4.0,721,387,1.2,13.2,4.5,5.0,3.0,183.0,71.0,100.0,100.0,134.0,60.0,107.0,29.0,360.0,120.0,177.0,56.0,,,,,,,,0.0,0.05,0.05,1.55,0.0,0.12,1.8,0.99,8.12,27,6,90,0,0,1,0,0,0,0,0,0,0,1,0,27,1365,540,0.0,0.0,0.040000000000000036,0.040000000000000036,0.6500000000000021,0.0,0.0,0.0,0.0,2,7,7,9
611,Kaelan,Casey,Casey,u,has joined Leyton Orient on loan for the rest of the season.,,4.0,705,184.0,0.1,547,196.0,0.0,497.0,197.0,0,0,0.0,0,0.0,0,2,0.0,0.0,0.0,0.0,0.0,608.0,225.0,0.0,0.0,597.0,224.0,590.0,224.0,557.0,218.0,600.0,224.0,,,,,,,,0.0,0.0,0.0,0.0,0.0,0.0,0.0,0.0,0.0,27,0,0,0,0,0,0,0,0,0,0,0,0,0,0,0,0,3,0.0,0.0,0.0,0.0,0.0,0.0,0.0,0.0,0.0,0,0,0,0
612,Lucas,Tolentino Coelho de Lima,L.Paquetá,u,has joined Flamengo permanently.,,5.9,96,62.0,1.1,183,62.0,0.0,796.0,354.0,0,0,0.0,-1,1.0,0,146,0.0,11.7,0.0,0.0,3.8,89.0,43.0,0.0,0.0,107.0,34.0,43.0,40.0,130.0,75.0,76.0,45.0,,,,,,,,0.17,0.12,0.29,1.44,0.0,0.18,1.96,1.07,8.68,27,0,0,0,0,0,0,0,0,0,0,0,0,0,0,0,0,252,0.0,0.0,0.0,0.0,0.0,0.0,0.0,0.0,0.0,0,0,0,0
613,Tomáš,Souček,Souček,a,,,5.7,116,73.0,0.3,328,112.0,3.6,57.0,27.0,2,0,0.0,-3,3.0,74,44,0.6,11.1,3.1,3.6,2.6,259.0,109.0,100.0,100.0,175.0,67.0,229.0,145.0,79.0,48.0,151.0,82.0,,,,,,,,0.25,0.03,0.28,1.72,0.0,0.22,2.04,0.95,9.6,27,2,71,0,0,1,0,0,0,0,1,0,0,1,0,6,169,63,0.0,0.27,0.010000000000000009,0.2799999999999998,0.33999999999999986,0.0,0.0,0.0,0.0,0,2,0,2
615,Crysencio,Summerville,Summerville,a,,,5.6,130,80.0,3.2,106,33.0,6.4,6.0,3.0,3,0,0.0,1,-1.0,2577,1458,1.1,14.3,5.9,6.4,3.6,112.0,49.0,100.0,100.0,174.0,66.0,98.0,71.0,48.0,29.0,81.0,47.0,2.0,,,,,,,0.22,0.08,0.3,1.37,0.0,0.21,1.56,1.07,7.68,27,3,90,0,0,1,0,0,0,0,0,0,0,1,0,16,5529,1891,0.0,0.7800000000000002,0.32000000000000006,1.1000000000000005,0.6500000000000021,0.0,0.0,0.0,0.0,3,1,6,10
616,Edson,Álvarez Velázquez,Álvarez,u,Has joined Fenerbahçe on loan for the rest of the season.,,4.9,310,194.0,0.0,596,226.0,0.0,719.0,298.0,0,0,0.0,-1,1.0,0,2,0.0,0.0,0.0,0.0,0.0,765.0,328.0,0.0,0.0,764.0,327.0,761.0,328.0,754.0,326.0,765.0,328.0,,,,,,,,0.0,0.0,0.0,0.0,0.0,0.0,0.0,0.0,0.0,27,0,0,0,0,0,0,0,0,0,0,0,0,0,0,0,0,2,0.0,0.0,0.0,0.0,0.0,0.0,0.0,0.0,0.0,0,0,0,0
617,Maxwel,Cornet,Cornet,u,has joined Genoa on loan for the rest of the season.,,4.9,289,179.0,0.0,702,293.0,0.0,711.0,293.0,0,0,0.0,-1,1.0,0,0,0.0,0.0,0.0,0.0,0.0,761.0,325.0,0.0,0.0,760.0,324.0,757.0,325.0,750.0,323.0,761.0,325.0,,,,,,,,0.0,0.0,0.0,0.0,0.0,0.0,0.0,0.0,0.0,27,0,0,0,0,0,0,0,0,0,0,0,0,0,0,0,0,0,0.0,0.0,0.0,0.0,0.0,0.0,0.0,0.0,0.0,0,0,0,0
618,Guido,Rodríguez,G.Rodriguez,u,has joined Valencia on loan for the rest of the season.,,4.8,355,223.0,0.0,608,235.0,0.0,700.0,286.0,0,0,0.0,-2,2.0,0,4,0.0,1.7,0.0,0.0,1.3,428.0,192.0,0.0,0.0,454.0,203.0,437.0,212.0,446.0,221.0,468.0,213.0,,,,,,,,0.02,0.02,0.04,1.33,0.0,0.51,1.03,1.03,7.71,27,0,0,0,0,0,0,0,0,0,0,0,0,0,0,0,0,6,0.0,0.0,0.0,0.0,0.0,0.0,0.0,0.0,0.0,0,0,0,0
619,Luis Guilherme,Lira dos Santos,L.Guilherme,u,has joined Sporting CP permanently.,,4.9,345,214.0,0.0,680,278.0,0.0,735.0,309.0,0,0,0.0,-1,1.0,0,1,0.0,1.0,0.0,0.0,1.0,492.0,228.0,0.0,0.0,456.0,205.0,398.0,198.0,430.0,213.0,462.0,209.0,,,,,,,,0.05,0.02,0.07,1.35,0.0,0.0,1.49,0.74,8.18,27,0,0,0,0,0,0,0,0,0,0,0,0,0,0,0,0,1,0.0,0.0,0.0,0.0,0.0,0.0,0.0,0.0,0.0,0,0,0,0
620,George,Earthy,Earthy,u,has joined Bristol City on loan for the rest of the season.,,4.5,446,267.0,0.0,605,232.0,0.0,633.0,233.0,0,0,0.0,0,0.0,0,1,0.0,0.2,0.0,0.0,1.0,474.0,213.0,0.0,0.0,700.0,277.0,456.0,219.0,443.0,218.0,489.0,225.0,,,,,,,,0.0,0.11,0.11,8.21,0.0,0.0,11.25,0.0,0.0,27,0,0,0,0,0,0,0,0,0,0,0,0,0,0,0,0,2,0.0,0.0,0.0,0.0,0.0,0.0,0.0,0.0,0.0,0,0,0,0
621,Andy,Irving,Irving,u,has joined Sparta Prague permanently.,,4.3,583,344.0,0.2,355,119.0,0.0,547.0,178.0,0,0,0.0,-2,2.0,0,32,0.0,2.1,0.0,0.0,1.3,426.0,190.0,0.0,0.0,423.0,187.0,325.0,180.0,438.0,216.0,414.0,188.0,3.0,,,,,,,0.0,0.1,0.1,2.32,0.0,0.0,2.31,1.15,12.69,27,0,0,0,0,0,0,0,0,0,0,0,0,0,0,0,0,43,0.0,0.0,0.0,0.0,0.0,0.0,0.0,0.0,0.0,0,0,0,0
622,Lewis,Orford,Orford,u,has joined Stevenage on loan for the rest of the season.,,4.4,549,329.0,0.1,578,215.0,0.0,590.0,206.0,0,0,0.0,-1,1.0,0,0,0.0,0.0,0.0,0.0,0.0,673.0,261.0,0.0,0.0,663.0,252.0,660.0,258.0,637.0,247.0,666.0,255.0,,,,,,,,0.0,0.0,0.0,0.0,0.0,0.0,0.0,0.0,0.0,27,0,0,0,0,0,0,0,0,0,0,0,0,0,0,0,0,0,0.0,0.0,0.0,0.0,0.0,0.0,0.0,0.0,0.0,0,0,0,0
623,Freddie,Potts,Potts,s,Suspended until 14 Mar,,4.4,545,325.0,0.6,228,79.0,1.0,258.0,112.0,0,0,0.0,-1,1.0,7,221,0.2,7.7,0.0,0.0,1.8,360.0,157.0,0.0,0.0,263.0,112.0,203.0,134.0,333.0,174.0,294.0,145.0,1.0,,,,,,,0.02,0.09,0.11,1.64,0.0,0.08,1.89,0.9,9.21,27,0,0,0,0,0,0,0,0,0,0,0,0,0,0,0,15,386,0.0,0.0,0.0,0.0,0.0,0.0,0.0,0.0,0.0,0,0,0,0
624,Jarrod,Bowen,Bowen,a,,,7.6,21,7.0,8.6,41,8.0,6.2,7.0,2.0,4,0,0.0,-4,4.0,1207,4693,0.8,16.3,5.7,6.2,4.6,30.0,4.0,,,36.0,4.0,66.0,2.0,7.0,5.0,15.0,4.0,,1.0,2.0,,,,,0.22,0.11,0.33,1.57,0.0,0.15,1.75,1.0,7.11,27,4,90,0,0,1,0,0,0,0,0,0,0,1,0,10,2471,6730,0.0,0.14000000000000057,0.45999999999999996,0.5999999999999996,0.6499999999999986,0.0,0.0,0.0,0.0,4,3,7,14
625,Niclas,Füllkrug,Füllkrug,u,has joined AC Milan on loan for the rest of the season.,,5.6,122,34.0,0.6,243,37.0,0.0,789.0,84.0,0,0,0.0,-4,4.0,0,24,0.0,2.1,0.0,0.0,1.5,415.0,50.0,0.0,0.0,433.0,50.0,269.0,25.0,198.0,43.0,344.0,42.0,,,,,,,,0.21,0.05,0.26,1.9,0.0,0.22,2.43,1.11,4.2,27,0,0,0,0,0,0,0,0,0,0,0,0,0,0,0,0,30,0.0,0.0,0.0,0.0,0.0,0.0,0.0,0.0,0.0,0,0,0,0
626,Callum,Marshall,Marshall,u,has joined VfL Bochum 1848 on loan for the rest of the season.,,4.3,611,85.0,0.5,256,41.0,0.0,565.0,56.0,0,0,0.0,-2,2.0,0,38,0.0,0.5,0.0,0.0,1.0,463.0,58.0,0.0,0.0,489.0,58.0,482.0,61.0,416.0,58.0,479.0,59.0,,,,,,,,0.2,0.0,0.2,2.41,0.0,0.0,3.1,0.0,4.66,27,0,0,0,0,0,0,0,0,0,0,0,0,0,0,0,0,67,0.0,0.0,0.0,0.0,0.0,0.0,0.0,0.0,0.0,0,0,0,0
659,Kyle,Walker-Peters,Walker-Peters,a,,,4.2,629,143.0,0.2,344,123.0,0.4,324.0,114.0,0,0,0.0,-3,3.0,15,27,0.1,7.6,-0.1,0.4,1.8,356.0,131.0,,,249.0,101.0,262.0,82.0,234.0,61.0,277.0,94.0,,,,,,,,0.11,0.02,0.13,1.99,0.0,0.09,2.08,0.94,6.79,27,0,0,0,0,0,0,0,0,0,0,0,0,0,0,0,24,48,0.0,0.0,0.0,0.0,0.0,0.0,0.0,0.0,0.0,0,0,0,0
738,Lukasz,Fabianski,Fabianski,d,Back injury - 25% chance of playing,,4.5,405,20.0,0.0,632,79.0,0.0,608.0,87.0,0,0,0.0,0,0.0,1,5,0.0,0.0,-0.1,0.0,0.0,686.0,91.0,25.0,25.0,679.0,91.0,674.0,83.0,654.0,72.0,682.0,91.0,,,,,,,,0.0,0.0,0.0,0.0,0.0,0.0,0.0,0.0,0.0,27,0,0,0,0,0,0,0,0,0,0,0,0,0,0,0,1,9,0.0,0.0,0.0,0.0,0.0,0.0,0.0,0.0,0.0,0,0,0,0
747,Ezra,Mayers,Mayers,a,,,4.0,723,200.0,0.0,635,225.0,0.0,515.0,213.0,0,0,0.0,0,0.0,3,2,0.0,1.2,-0.5,0.0,1.0,454.0,166.0,,,439.0,165.0,360.0,125.0,400.0,146.0,433.0,156.0,,,,,,,,0.1,0.35,0.45,2.25,0.0,0.0,2.41,0.0,4.02,27,0,0,0,0,0,0,0,0,0,0,0,0,0,0,0,7,5,0.0,0.0,0.0,0.0,0.0,0.0,0.0,0.0,0.0,0,0,0,0
752,Airidas,Golambeckis,Golambeckis,a,,,4.0,734,211.0,0.0,658,231.0,0.0,522.0,220.0,0,0,0.0,0,0.0,5,5,0.0,0.0,-0.5,0.0,0.0,630.0,245.0,,,619.0,244.0,612.0,244.0,582.0,241.0,622.0,244.0,,,,,,,,0.0,0.0,0.0,0.0,0.0,0.0,0.0,0.0,0.0,27,0,0,0,0,0,0,0,0,0,0,0,0,0,0,0,5,5,0.0,0.0,0.0,0.0,0.0,0.0,0.0,0.0,0.0,0,0,0,0
758,Mohamadou,Kanté,Mohamadou Kanté,a,,,4.5,506,313.0,0.0,739,311.0,0.2,372.0,163.0,1,0,0.0,0,0.0,6,1,0.0,0.9,-0.3,0.2,1.0,483.0,221.0,,,471.0,215.0,412.0,205.0,427.0,211.0,467.0,212.0,,,,,,,,0.12,0.08,0.2,2.29,0.0,0.0,0.0,0.0,36.82,27,1,6,0,0,0,0,0,0,0,0,0,0,0,0,6,9,3,0.0,0.0,0.0,0.0,0.020000000000000018,0.0,0.0,0.0,0.0,3,1,1,5
785,Pablo Felipe,Pereira de Jesus,Pablo,i,Calf injury - Unknown return date,,5.5,153,40.0,0.0,727,89.0,1.0,272.0,34.0,0,0,0.0,0,0.0,2,25,0.2,1.5,0.0,0.0,1.6,396.0,47.0,0.0,0.0,444.0,52.0,324.0,35.0,374.0,55.0,408.0,50.0,,,,,,,,0.12,0.03,0.15,1.35,0.0,0.0,1.44,1.08,9.0,27,0,0,0,0,0,0,0,0,0,0,0,0,0,0,0,2,40,0.0,0.0,0.0,0.0,0.0,0.0,0.0,0.0,0.0,0,0,0,0
802,Keiber,Lamadrid,Lamadrid,a,,,5.0,279,173.0,0.0,792,350.0,0.0,754.0,324.0,0,0,0.0,0,0.0,3,3,0.0,0.0,-0.5,0.0,0.0,789.0,347.0,,,788.0,346.0,787.0,347.0,783.0,345.0,789.0,347.0,,,,,,,,0.0,0.0,0.0,0.0,0.0,0.0,0.0,0.0,0.0,27,0,0,0,0,0,0,0,0,0,0,0,0,0,0,0,3,4,0.0,0.0,0.0,0.0,0.0,0.0,0.0,0.0,0.0,0,0,0,0
815,Axel,Disasi,Disasi,a,,,4.5,420,80.0,0.1,504,180.0,4.7,25.0,6.0,6,0,0.0,0,0.0,64,55,1.0,3.1,4.2,4.7,4.7,24.0,9.0,,,425.0,160.0,410.0,149.0,401.0,147.0,442.0,159.0,,,,,,,,0.14,0.0,0.14,0.85,0.0,0.67,0.33,1.0,5.67,27,6,90,0,0,1,0,0,0,0,0,0,0,1,0,18,104,71,0.0,0.38999999999999996,0.0,0.38999999999999996,0.6500000000000001,0.0,0.0,0.0,0.0,0,4,1,4
627,Sam,Johnstone,Johnstone,a,,,4.4,520,26.0,0.1,426,64.0,0.0,575.0,86.0,0,0,0.0,-1,1.0,12,12,0.0,4.8,-0.5,-0.5,1.8,359.0,28.0,,,165.0,21.0,484.0,14.0,624.0,71.0,318.0,21.0,,,,,,,,0.0,0.0,0.0,1.55,3.25,0.0,2.0,1.0,0.0,27,0,0,0,0,0,0,0,0,0,0,0,0,0,0,0,18,17,0.0,0.0,0.0,0.0,0.0,0.0,0.0,0.0,0.0,0,0,0,0
628,José,Malheiro de Sá,José Sá,a,,,4.2,628,33.0,1.2,177,22.0,2.8,102.0,7.0,0,0,0.0,-3,3.0,180,101,0.7,10.2,2.3,2.3,2.9,202.0,21.0,,,141.0,19.0,416.0,5.0,590.0,64.0,302.0,19.0,,,,,,,,0.0,0.0,0.0,1.47,2.53,0.2,1.73,1.0,0.0,27,0,0,0,0,0,0,0,0,0,0,0,0,0,0,0,328,229,0.0,0.0,0.0,0.0,0.0,0.0,0.0,0.0,0.0,0,0,0,0
629,Daniel,Bentley,Bentley,a,,,3.9,740,70.0,0.5,263,34.0,0.0,423.0,29.0,0,0,0.0,-1,1.0,27,9,0.0,0.0,-0.5,-0.5,0.0,538.0,38.0,100.0,100.0,527.0,38.0,517.0,23.0,482.0,9.0,530.0,38.0,,,,,,,,0.0,0.0,0.0,0.0,0.0,0.0,0.0,0.0,0.0,27,0,0,0,0,0,0,0,0,0,0,0,0,0,0,0,49,21,0.0,0.0,0.0,0.0,0.0,0.0,0.0,0.0,0.0,0,0,0,0
631,Emmanuel,Agbadou,Agbadou,u,has joined Besiktas permanently.,,4.2,642,153.0,0.1,449,165.0,0.5,318.0,109.0,0,0,0.0,-3,3.0,0,6,0.1,5.5,0.0,0.0,1.6,384.0,143.0,0.0,0.0,157.0,68.0,287.0,93.0,264.0,76.0,240.0,80.0,,5.0,,,,,,0.05,0.03,0.08,1.49,0.0,0.0,2.37,0.98,10.23,27,0,0,0,0,0,0,0,0,0,0,0,0,0,0,0,0,11,0.0,0.0,0.0,0.0,0.0,0.0,0.0,0.0,0.0,0,0,0,0
632,Matt,Doherty,Doherty,a,,,4.4,519,100.0,0.1,500,177.0,0.0,574.0,234.0,0,0,0.0,-1,1.0,4,15,0.0,2.5,-0.5,-0.5,1.2,436.0,157.0,100.0,100.0,329.0,124.0,331.0,113.0,380.0,133.0,368.0,129.0,,,,,,,,0.01,0.03,0.04,1.68,0.0,0.14,1.96,1.26,7.27,27,0,0,0,0,0,0,0,0,0,0,0,0,0,0,0,4,17,0.0,0.0,0.0,0.0,0.0,0.0,0.0,0.0,0.0,0,0,0,0
633,Hugo,Bueno López,H.Bueno,a,,,4.3,595,137.0,0.2,358,129.0,2.0,173.0,61.0,0,0,0.0,-2,2.0,71,102,0.5,14.2,1.5,1.5,2.5,269.0,104.0,100.0,100.0,97.0,45.0,32.0,2.0,189.0,44.0,70.0,15.0,2.0,,,,,,,0.03,0.12,0.15,1.4,0.0,0.16,1.57,0.97,6.38,27,0,0,0,0,0,0,0,0,0,0,0,0,0,0,0,107,160,0.0,0.0,0.0,0.0,0.0,0.0,0.0,0.0,0.0,0,0,0,0
634,Yerson,Mosquera Valdelamar,Mosquera,a,,,4.3,601,138.0,0.1,477,172.0,1.7,204.0,74.0,0,0,0.0,-2,2.0,10,30,0.4,8.4,1.2,1.2,2.0,326.0,121.0,100.0,100.0,188.0,78.0,245.0,70.0,138.0,27.0,208.0,68.0,,,,,,,,0.09,0.02,0.11,1.55,0.0,0.19,1.73,1.02,8.83,27,0,0,0,0,0,0,0,0,0,0,0,0,0,0,0,19,55,0.0,0.0,0.0,0.0,0.0,0.0,0.0,0.0,0.0,0,0,0,0
635,Rodrigo,Martins Gomes,R.Gomes,a,,,4.4,544,118.0,0.1,564,203.0,1.0,257.0,94.0,0,0,0.0,-1,1.0,3,5,0.2,4.5,0.5,0.5,1.7,374.0,139.0,100.0,100.0,337.0,129.0,316.0,106.0,179.0,41.0,320.0,109.0,,,,,,,,0.17,0.05,0.22,1.18,0.0,0.0,1.57,0.94,5.32,27,0,0,0,0,0,0,0,0,0,0,0,0,0,0,0,6,10,0.0,0.0,0.0,0.0,0.0,0.0,0.0,0.0,0.0,0,0,0,0
636,Santiago,Ignacio Bueno,S.Bueno,a,,,4.4,530,109.0,0.1,439,163.0,2.2,151.0,53.0,0,0,0.0,-1,1.0,47,53,0.5,14.1,1.7,1.7,3.4,129.0,48.0,100.0,100.0,105.0,48.0,249.0,72.0,204.0,50.0,188.0,61.0,,,,,,,,0.09,0.06,0.15,1.46,0.0,0.17,1.67,0.98,7.43,27,0,0,0,0,0,0,0,0,0,0,0,0,0,0,0,76,80,0.0,0.0,0.0,0.0,0.0,0.0,0.0,0.0,0.0,0,0,0,0
637,Toti,Gomes,Toti,d,Lack of match fitness - 75% chance of playing,,4.2,641,152.0,0.1,521,185.0,0.0,535.0,226.0,0,0,0.0,-3,3.0,1,3,0.0,4.8,-0.4,-0.4,1.5,403.0,145.0,75.0,75.0,243.0,96.0,284.0,92.0,351.0,115.0,312.0,105.0,,,,,,,,0.0,0.02,0.02,1.7,0.0,0.0,2.37,1.14,7.97,27,0,0,0,0,0,0,0,0,0,0,0,0,0,0,0,1,6,0.0,0.0,0.0,0.0,0.0,0.0,0.0,0.0,0.0,0,0,0,0
638,Ki-Jana,Hoever,Hoever,u,has joined Sheffield United on loan for the rest of the season.,,3.8,794,243.0,1.0,192,72.0,0.0,404.0,154.0,0,0,0.0,-2,2.0,0,119,0.0,2.6,0.0,0.0,1.2,433.0,154.0,0.0,0.0,336.0,128.0,264.0,84.0,387.0,138.0,360.0,124.0,,,,,,,,0.0,0.08,0.08,1.99,0.0,0.0,2.77,1.28,8.51,27,0,0,0,0,0,0,0,0,0,0,0,0,0,0,0,0,176,0.0,0.0,0.0,0.0,0.0,0.0,0.0,0.0,0.0,0,0,0,0
639,Bastien,Meupiyou Menadjou,Meupiyou,u,On loan to FC Alverca,,4.0,712,190.0,0.0,760,259.0,0.0,504.0,203.0,0,0,0.0,0,0.0,0,0,0.0,0.0,0.0,0.0,0.0,614.0,230.0,0.0,0.0,603.0,229.0,596.0,229.0,564.0,224.0,606.0,229.0,,,,,,,,0.0,0.0,0.0,0.0,0.0,0.0,0.0,0.0,0.0,27,0,0,0,0,0,0,0,0,0,0,0,0,0,0,0,0,0,0.0,0.0,0.0,0.0,0.0,0.0,0.0,0.0,0.0,0,0,0,0
640,Pedro,Cardoso de Lima,Pedro Lima,a,,,4.0,732,209.0,0.4,288,108.0,0.3,349.0,122.0,0,0,0.0,0,0.0,7,20,0.1,0.8,-0.2,-0.2,1.0,457.0,169.0,100.0,100.0,499.0,178.0,469.0,173.0,436.0,162.0,499.0,177.0,,,,,,,,0.0,0.0,0.0,23.7,0.0,0.0,30.0,0.0,0.0,27,0,0,0,0,0,0,0,0,0,0,0,0,0,0,0,10,27,0.0,0.0,0.0,0.0,0.0,0.0,0.0,0.0,0.0,0,0,0,0
641,Alfie,Pond,Pond,u,has joined Crewe Alexandra on loan for the rest of the season.,,3.9,771,225.0,1.0,193,73.0,0.0,448.0,175.0,0,0,0.0,-1,1.0,0,73,0.0,0.0,0.0,0.0,0.0,561.0,204.0,0.0,0.0,550.0,203.0,540.0,203.0,505.0,195.0,553.0,203.0,,,,,,,,0.0,0.0,0.0,0.0,0.0,0.0,0.0,0.0,0.0,27,0,0,0,0,0,0,0,0,0,0,0,0,0,0,0,0,107,0.0,0.0,0.0,0.0,0.0,0.0,0.0,0.0,0.0,0,0,0,0
642,Hwang,Hee-chan,Hee Chan,i,Calf injury - Unknown return date,,5.6,125,77.0,0.1,451,154.0,0.8,292.0,128.0,0,0,0.0,-4,4.0,0,70,0.1,7.9,0.0,0.0,2.2,308.0,136.0,0.0,0.0,308.0,140.0,188.0,126.0,172.0,98.0,261.0,129.0,,,3.0,,,,,0.17,0.07,0.24,1.39,0.0,0.16,1.73,1.18,5.35,27,0,0,0,0,0,0,0,0,0,0,0,0,0,0,0,1,127,0.0,0.0,0.0,0.0,0.0,0.0,0.0,0.0,0.0,0,0,0,0
643,André,Trindade da Costa Neto,André,a,,,5.2,216,134.0,0.1,537,196.0,1.0,270.0,119.0,0,0,0.0,-3,3.0,9,12,0.2,10.6,0.5,0.5,2.3,295.0,128.0,100.0,100.0,207.0,89.0,136.0,95.0,378.0,192.0,236.0,119.0,,,,,,,,0.01,0.03,0.04,1.48,0.0,0.05,1.78,0.97,12.39,27,0,0,0,0,0,0,0,0,0,0,0,0,0,0,0,16,17,0.0,0.0,0.0,0.0,0.0,0.0,0.0,0.0,0.0,0,0,0,0
644,Jean-Ricner,Bellegarde,Bellegarde,a,,,5.1,230,142.0,0.0,601,228.0,0.5,319.0,145.0,0,0,0.0,-4,4.0,8,8,0.1,5.5,0.0,0.0,1.6,390.0,173.0,100.0,100.0,314.0,143.0,209.0,139.0,232.0,128.0,299.0,148.0,3.0,4.0,,,,,,0.09,0.07,0.16,1.69,0.0,0.11,2.56,1.11,7.67,27,0,0,0,0,0,0,0,0,0,0,0,0,0,0,0,11,21,0.0,0.0,0.0,0.0,0.0,0.0,0.0,0.0,0.0,0,0,0,0
645,Fer,López González,Fer López,u,has joined Celta Vigo on loan for the rest of the season.,,5.1,240,147.0,0.0,653,262.0,0.0,762.0,330.0,0,0,0.0,-4,4.0,0,4,0.0,2.4,0.0,0.0,1.3,430.0,194.0,0.0,0.0,429.0,190.0,313.0,177.0,335.0,176.0,395.0,183.0,,,,,,,,0.06,0.24,0.3,1.57,0.0,0.0,3.55,0.79,4.74,27,0,0,0,0,0,0,0,0,0,0,0,0,0,0,0,0,4,0.0,0.0,0.0,0.0,0.0,0.0,0.0,0.0,0.0,0,0,0,0
646,João Victor,Gomes da Silva,J.Gomes,a,,,5.3,199,124.0,0.3,318,107.0,2.2,161.0,73.0,0,0,0.0,-2,2.0,25,244,0.4,12.6,1.7,1.7,2.7,242.0,100.0,100.0,100.0,146.0,51.0,93.0,68.0,207.0,113.0,132.0,72.0,,,,,,,,0.04,0.06,0.1,1.44,0.0,0.13,1.73,1.02,12.63,27,0,0,0,0,0,0,0,0,0,0,0,0,0,0,0,34,545,0.0,0.0,0.0,0.0,0.0,0.0,0.0,0.0,0.0,0,0,0,0
647,Gonçalo Manuel,Ganchinho Guedes,Guedes,u,Has joined Real Sociedad permanently.,,5.5,140,86.0,0.0,790,348.0,0.0,786.0,347.0,0,0,0.0,0,0.0,0,0,0.0,0.0,0.0,0.0,0.0,803.0,357.0,0.0,0.0,803.0,357.0,802.0,357.0,800.0,356.0,803.0,357.0,,,,,,,,0.0,0.0,0.0,0.0,0.0,0.0,0.0,0.0,0.0,27,0,0,0,0,0,0,0,0,0,0,0,0,0,0,0,0,0,0.0,0.0,0.0,0.0,0.0,0.0,0.0,0.0,0.0,0,0,0,0
649,Boubacar,Traoré,B.Traore,u,Has joined FC Metz on loan for the rest of the season.,,5.0,263,160.0,0.0,812,362.0,0.0,745.0,317.0,0,0,0.0,0,0.0,0,0,0.0,0.0,0.0,0.0,0.0,782.0,342.0,0.0,0.0,781.0,341.0,780.0,342.0,776.0,340.0,782.0,342.0,,,,,,,,0.0,0.0,0.0,0.0,0.0,0.0,0.0,0.0,0.0,27,0,0,0,0,0,0,0,0,0,0,0,0,0,0,0,0,0,0.0,0.0,0.0,0.0,0.0,0.0,0.0,0.0,0.0,0,0,0,0
650,Tawanda,Chirewa,Chirewa,u,has joined Barnsley on loan for the rest of the season.,,4.3,598,350.0,0.2,367,122.0,0.0,554.0,184.0,0,0,0.0,-2,2.0,0,29,0.0,0.5,0.0,0.0,1.0,461.0,202.0,0.0,0.0,476.0,219.0,477.0,231.0,606.0,227.0,487.0,224.0,,,,,,,,0.0,0.0,0.0,1.8,0.0,0.0,0.0,0.0,14.4,27,0,0,0,0,0,0,0,0,0,0,0,0,0,0,0,0,33,0.0,0.0,0.0,0.0,0.0,0.0,0.0,0.0,0.0,0,0,0,0
651,Tom,Edozie,Edozie,a,,,4.3,615,361.0,0.4,281,99.0,1.0,256.0,111.0,0,0,0.0,-2,2.0,179,25,0.2,1.4,0.5,0.5,6.0,4.0,2.0,,,417.0,185.0,483.0,234.0,382.0,193.0,440.0,198.0,,,,,,,,2.55,0.0,2.55,3.0,0.0,0.0,0.0,0.0,0.0,27,0,0,0,0,0,0,0,0,0,0,0,0,0,0,0,402,42,0.0,0.0,0.0,0.0,0.0,0.0,0.0,0.0,0.0,0,0,0,0
653,Joe,Hodge,Hodge,u,Signed by CD Tondela,,4.5,424,254.0,0.0,660,266.0,0.0,619.0,221.0,0,0,0.0,0,0.0,0,4,0.0,0.0,0.0,0.0,0.0,695.0,272.0,0.0,0.0,688.0,266.0,684.0,270.0,665.0,262.0,691.0,269.0,,,,,,,,0.0,0.0,0.0,0.0,0.0,0.0,0.0,0.0,0.0,27,0,0,0,0,0,0,0,0,0,0,0,0,0,0,0,0,4,0.0,0.0,0.0,0.0,0.0,0.0,0.0,0.0,0.0,0,0,0,0
655,Fábio,Soares Silva,Fábio Silva,u,has joined Borussia Dortmund permanently.,,4.9,329,61.0,0.2,397,62.0,0.0,729.0,77.0,0,0,0.0,-1,1.0,0,1,0.0,0.0,0.0,0.0,0.0,772.0,85.0,0.0,0.0,771.0,85.0,768.0,84.0,762.0,84.0,772.0,85.0,,,,,,,,0.0,0.0,0.0,0.0,0.0,0.0,0.0,0.0,0.0,27,0,0,0,0,0,0,0,0,0,0,0,0,0,0,0,0,3,0.0,0.0,0.0,0.0,0.0,0.0,0.0,0.0,0.0,0,0,0,0
656,Saša,Kalajdžić,Kalajdžić,u,has joined LASK on loan for the rest of the season.,,4.9,322,59.0,0.0,587,80.0,0.0,723.0,76.0,0,0,0.0,-1,1.0,0,3,0.0,0.2,0.0,0.0,1.0,489.0,59.0,0.0,0.0,494.0,61.0,441.0,57.0,447.0,61.0,482.0,61.0,,,,,,,,0.0,0.06,0.06,0.64,0.0,0.0,0.0,0.0,12.86,27,0,0,0,0,0,0,0,0,0,0,0,0,0,0,0,0,3,0.0,0.0,0.0,0.0,0.0,0.0,0.0,0.0,0.0,0,0,0,0
720,Tolu,Arokodare,Tolu,a,,,5.4,177,44.0,0.2,350,58.0,2.5,129.0,19.0,0,0,0.0,-1,1.0,61,194,0.5,9.1,2.0,2.0,2.1,319.0,37.0,,,296.0,28.0,198.0,18.0,47.0,19.0,169.0,20.0,,2.0,,,,,,0.24,0.03,0.27,1.42,0.0,0.25,1.91,0.91,4.56,27,0,0,0,0,0,0,0,0,0,0,0,0,0,0,0,88,445,0.0,0.0,0.0,0.0,0.0,0.0,0.0,0.0,0.0,0,0,0,0
749,Mateus,Mané,Mané,a,,,4.6,404,66.0,2.8,111,18.0,1.7,205.0,29.0,0,0,0.0,1,-1.0,552,1701,0.4,10.0,1.2,1.2,2.9,204.0,20.0,,,251.0,22.0,154.0,11.0,131.0,31.0,201.0,24.0,,,,,,,,0.11,0.12,0.23,1.6,0.0,0.27,1.55,0.91,6.85,27,0,0,0,0,0,0,0,0,0,0,0,0,0,0,0,1058,3735,0.0,0.0,0.0,0.0,0.0,0.0,0.0,0.0,0.0,0,0,0,0
809,Jerome,Abbey,Abbey,a,,,4.5,515,319.0,0.0,766,330.0,0.0,690.0,279.0,0,0,0.0,0,0.0,9,1,0.0,0.0,-0.5,-0.5,0.0,752.0,320.0,,,751.0,319.0,746.0,320.0,733.0,317.0,752.0,320.0,,,,,,,,0.0,0.0,0.0,0.0,0.0,0.0,0.0,0.0,0.0,27,0,0,0,0,0,0,0,0,0,0,0,0,0,0,0,14,3,0.0,0.0,0.0,0.0,0.0,0.0,0.0,0.0,0.0,0,0,0,0
816,Angel,Gomes,Angel,a,,,5.0,249,151.0,0.0,669,271.0,1.5,217.0,92.0,0,0,0.0,0,0.0,6,22,0.3,1.2,1.0,1.0,2.0,331.0,145.0,100.0,100.0,420.0,186.0,354.0,187.0,399.0,199.0,420.0,192.0,,,,,,,,0.03,0.04,0.07,3.27,0.0,0.51,2.05,1.53,7.67,27,0,0,0,0,0,0,0,0,0,0,0,0,0,0,0,14,43,0.0,0.0,0.0,0.0,0.0,0.0,0.0,0.0,0.0,0,0,0,0
